datetime,Q_pred
2022-04-25 00:00:00,0.0
2022-04-25 00:05:00,0.0
2022-04-25 00:10:00,0.0
2022-04-25 00:15:00,0.0
2022-04-25 00:20:00,0.0
2022-04-25 00:25:00,0.0
2022-04-25 00:30:00,0.0
2022-04-25 00:35:00,0.0
2022-04-25 00:40:00,0.0
2022-04-25 00:45:00,0.0
2022-04-25 00:50:00,0.0
2022-04-25 00:55:00,0.0
2022-04-25 01:00:00,0.0
2022-04-25 01:05:00,0.0
2022-04-25 01:10:00,0.0
2022-04-25 01:15:00,0.0
2022-04-25 01:20:00,0.0
2022-04-25 01:25:00,0.0
2022-04-25 01:30:00,0.0
2022-04-25 01:35:00,0.0
2022-04-25 01:40:00,0.0
2022-04-25 01:45:00,0.0
2022-04-25 01:50:00,0.0
2022-04-25 01:55:00,0.0
2022-04-25 02:00:00,0.0
2022-04-25 02:05:00,0.0
2022-04-25 02:10:00,0.0
2022-04-25 02:15:00,0.0
2022-04-25 02:20:00,0.0
2022-04-25 02:25:00,0.0
2022-04-25 02:30:00,0.0
2022-04-25 02:35:00,0.0
2022-04-25 02:40:00,0.0
2022-04-25 02:45:00,0.0
2022-04-25 02:50:00,0.0
2022-04-25 02:55:00,0.0
2022-04-25 03:00:00,0.0
2022-04-25 03:05:00,0.0
2022-04-25 03:10:00,0.0
2022-04-25 03:15:00,0.0
2022-04-25 03:20:00,0.0
2022-04-25 03:25:00,0.0
2022-04-25 03:30:00,0.0
2022-04-25 03:35:00,0.0
2022-04-25 03:40:00,0.0
2022-04-25 03:45:00,0.0
2022-04-25 03:50:00,0.0
2022-04-25 03:55:00,0.0
2022-04-25 04:00:00,0.0
2022-04-25 04:05:00,0.0
2022-04-25 04:10:00,0.0
2022-04-25 04:15:00,0.0
2022-04-25 04:20:00,0.0
2022-04-25 04:25:00,0.0
2022-04-25 04:30:00,0.0
2022-04-25 04:35:00,0.0
2022-04-25 04:40:00,0.0
2022-04-25 04:45:00,0.0
2022-04-25 04:50:00,0.0
2022-04-25 04:55:00,0.0
2022-04-25 05:00:00,0.0
2022-04-25 05:05:00,0.0
2022-04-25 05:10:00,0.0
2022-04-25 05:15:00,0.0
2022-04-25 05:20:00,0.0
2022-04-25 05:25:00,0.0
2022-04-25 05:30:00,0.0
2022-04-25 05:35:00,0.0
2022-04-25 05:40:00,0.0
2022-04-25 05:45:00,0.0
2022-04-25 05:50:00,0.0
2022-04-25 05:55:00,0.0
2022-04-25 06:00:00,0.0
2022-04-25 06:05:00,0.0
2022-04-25 06:10:00,0.0
2022-04-25 06:15:00,0.0
2022-04-25 06:20:00,0.0
2022-04-25 06:25:00,0.0
2022-04-25 06:30:00,0.0
2022-04-25 06:35:00,0.0
2022-04-25 06:40:00,0.0
2022-04-25 06:45:00,0.0
2022-04-25 06:50:00,0.0
2022-04-25 06:55:00,0.0
2022-04-25 07:00:00,0.0
2022-04-25 07:05:00,0.0
2022-04-25 07:10:00,0.0
2022-04-25 07:15:00,0.0
2022-04-25 07:20:00,0.0
2022-04-25 07:25:00,0.0
2022-04-25 07:30:00,0.0
2022-04-25 07:35:00,0.0
2022-04-25 07:40:00,0.0
2022-04-25 07:45:00,0.0
2022-04-25 07:50:00,0.0
2022-04-25 07:55:00,0.0
2022-04-25 08:00:00,0.0
2022-04-25 08:05:00,0.0
2022-04-25 08:10:00,0.0
2022-04-25 08:15:00,0.0
2022-04-25 08:20:00,0.0
2022-04-25 08:25:00,0.0
2022-04-25 08:30:00,0.0
2022-04-25 08:35:00,0.0
2022-04-25 08:40:00,0.0
2022-04-25 08:45:00,0.0
2022-04-25 08:50:00,0.0
2022-04-25 08:55:00,0.0
2022-04-25 09:00:00,0.0
2022-04-25 09:05:00,0.0
2022-04-25 09:10:00,0.0
2022-04-25 09:15:00,0.0
2022-04-25 09:20:00,0.0
2022-04-25 09:25:00,0.0
2022-04-25 09:30:00,0.0
2022-04-25 09:35:00,0.0
2022-04-25 09:40:00,0.0
2022-04-25 09:45:00,0.0
2022-04-25 09:50:00,0.0
2022-04-25 09:55:00,0.0
2022-04-25 10:00:00,0.0
2022-04-25 10:05:00,0.0
2022-04-25 10:10:00,0.0
2022-04-25 10:15:00,0.0
2022-04-25 10:20:00,0.0
2022-04-25 10:25:00,0.0
2022-04-25 10:30:00,0.0
2022-04-25 10:35:00,0.0
2022-04-25 10:40:00,0.0
2022-04-25 10:45:00,0.0
2022-04-25 10:50:00,0.0
2022-04-25 10:55:00,0.0
2022-04-25 11:00:00,0.0
2022-04-25 11:05:00,0.0
2022-04-25 11:10:00,0.0
2022-04-25 11:15:00,0.0
2022-04-25 11:20:00,0.0
2022-04-25 11:25:00,0.0
2022-04-25 11:30:00,0.0
2022-04-25 11:35:00,0.0
2022-04-25 11:40:00,0.0
2022-04-25 11:45:00,1.6771207969689095e-75
2022-04-25 11:50:00,5.62447826429227e-68
2022-04-25 11:55:00,1.4174476632189813e-63
2022-04-25 12:00:00,1.878724063349104e-60
2022-04-25 12:05:00,4.958618884923182e-58
2022-04-25 12:10:00,4.715748598202891e-56
2022-04-25 12:15:00,2.217266910590249e-54
2022-04-25 12:20:00,6.225431614790801e-53
2022-04-25 12:25:00,1.1789656381914203e-51
2022-04-25 12:30:00,1.6365529290689923e-50
2022-04-25 12:35:00,1.766920481412219e-49
2022-04-25 12:40:00,1.5501824891315868e-48
2022-04-25 12:45:00,1.1425419391107192e-47
2022-04-25 12:50:00,7.25960540192692e-47
2022-04-25 12:55:00,4.058880568469469e-46
2022-04-25 13:00:00,2.03014642621506e-45
2022-04-25 13:05:00,9.207576429694427e-45
2022-04-25 13:10:00,3.829322119321924e-44
2022-04-25 13:15:00,1.4741088681826792e-43
2022-04-25 13:20:00,5.2943623994365804e-43
2022-04-25 13:25:00,1.7861377341595e-42
2022-04-25 13:30:00,5.693292167993191e-42
2022-04-25 13:35:00,1.7232636766700233e-41
2022-04-25 13:40:00,4.9749892900201e-41
2022-04-25 13:45:00,1.3751903774089928e-40
2022-04-25 13:50:00,3.6521140445933925e-40
2022-04-25 13:55:00,9.346511494026524e-40
2022-04-25 14:00:00,2.311256002821813e-39
2022-04-25 14:05:00,5.535874968075124e-39
2022-04-25 14:10:00,1.2870759234691795e-38
2022-04-25 14:15:00,2.91037668887815e-38
2022-04-25 14:20:00,6.411920272168036e-38
2022-04-25 14:25:00,1.3785319278015128e-37
2022-04-25 14:30:00,2.8964693681638764e-37
2022-04-25 14:35:00,5.955564398410027e-37
2022-04-25 14:40:00,1.1997986380679927e-36
2022-04-25 14:45:00,2.3708894276564585e-36
2022-04-25 14:50:00,4.600222946558495e-36
2022-04-25 14:55:00,8.772500508808777e-36
2022-04-25 15:00:00,1.6456059287299352e-35
2022-04-25 15:05:00,3.0390577598229003e-35
2022-04-25 15:10:00,5.529552429017606e-35
2022-04-25 15:15:00,9.919346527876032e-35
2022-04-25 15:20:00,1.7555021390912752e-34
2022-04-25 15:25:00,3.066965927600882e-34
2022-04-25 15:30:00,5.292397824973759e-34
2022-04-25 15:35:00,9.025321797022614e-34
2022-04-25 15:40:00,1.5217936069303445e-33
2022-04-25 15:45:00,2.5382503377489587e-33
2022-04-25 15:50:00,4.189761356143156e-33
2022-04-25 15:55:00,6.846985978332635e-33
2022-04-25 16:00:00,1.108239562006719e-32
2022-04-25 16:05:00,1.7772602113733078e-32
2022-04-25 16:10:00,2.8248911628326476e-32
2022-04-25 16:15:00,4.451718181714621e-32
2022-04-25 16:20:00,6.957658116163833e-32
2022-04-25 16:25:00,1.078785480037899e-31
2022-04-25 16:30:00,1.659832111900994e-31
2022-04-25 16:35:00,2.534921948055304e-31
2022-04-25 16:40:00,3.8436595544470755e-31
2022-04-25 16:45:00,5.787730230449393e-31
2022-04-25 16:50:00,8.656708825667345e-31
2022-04-25 16:55:00,1.2863877989239117e-30
2022-04-25 17:00:00,1.8995668538121146e-30
2022-04-25 17:05:00,2.7879544758943947e-30
2022-04-25 17:10:00,4.0676742591305884e-30
2022-04-25 17:15:00,5.900833589651492e-30
2022-04-25 17:20:00,8.512579059647248e-30
2022-04-25 17:25:00,1.2214063838297984e-29
2022-04-25 17:30:00,1.7433237395386727e-29
2022-04-25 17:35:00,2.4755941826510777e-29
2022-04-25 17:40:00,3.4980532598456635e-29
2022-04-25 17:45:00,4.9190175853167315e-29
2022-04-25 17:50:00,6.884816020204295e-29
2022-04-25 17:55:00,9.592306071388186e-29
2022-04-25 18:00:00,1.3305248333892177e-28
2022-04-25 18:05:00,1.8375649337836504e-28
2022-04-25 18:10:00,2.5271480668853587e-28
2022-04-25 18:15:00,3.4612553703068245e-28
2022-04-25 18:20:00,4.721679173117184e-28
2022-04-25 18:25:00,6.415971523230739e-28
2022-04-25 18:30:00,8.685066647942243e-28
2022-04-25 18:35:00,1.1713017650452285e-27
2022-04-25 18:40:00,1.573939567857851e-27
2022-04-25 18:45:00,2.107503230948776e-27
2022-04-25 18:50:00,2.8121948152849424e-27
2022-04-25 18:55:00,3.73985088653965e-27
2022-04-25 19:00:00,4.9571091256639394e-27
2022-04-25 19:05:00,6.549383570313699e-27
2022-04-25 19:10:00,8.625841706331568e-27
2022-04-25 19:15:00,1.132561969923228e-26
2022-04-25 19:20:00,1.4825564052476858e-26
2022-04-25 19:25:00,1.9349850615396418e-26
2022-04-25 19:30:00,2.5181907155239275e-26
2022-04-25 19:35:00,3.267915602360811e-26
2022-04-25 19:40:00,4.2291201565009776e-26
2022-04-25 19:45:00,5.45822160854263e-26
2022-04-25 19:50:00,7.025843222045262e-26
2022-04-25 19:55:00,9.020183284673895e-26
2022-04-25 20:00:00,1.155113474272408e-25
2022-04-25 20:05:00,1.4755312186920688e-25
2022-04-25 20:10:00,1.880217345672988e-25
2022-04-25 20:15:00,2.390145923726846e-25
2022-04-25 20:20:00,3.0312216611044396e-25
2022-04-25 20:25:00,3.835372267513257e-25
2022-04-25 20:30:00,4.841868328770855e-25
2022-04-25 20:35:00,6.098915120009342e-25
2022-04-25 20:40:00,7.665568891122598e-25
2022-04-25 20:45:00,9.614039644583007e-25
2022-04-25 20:50:00,1.2032453507959128e-24
2022-04-25 20:55:00,1.502816073052209e-24
2022-04-25 21:00:00,1.873169039024022e-24
2022-04-25 21:05:00,2.3301470409911102e-24
2022-04-25 21:10:00,2.8929451820861168e-24
2022-04-25 21:15:00,3.5847799803246945e-24
2022-04-25 21:20:00,4.433684135588936e-24
2022-04-25 21:25:00,5.473449105427924e-24
2022-04-25 21:30:00,6.744741286592478e-24
2022-04-25 21:35:00,8.296421811439015e-24
2022-04-25 21:40:00,1.0187104821816576e-23
2022-04-25 21:45:00,1.2486994668460258e-23
2022-04-25 21:50:00,1.528004890377714e-23
2022-04-25 21:55:00,1.8666521306024587e-23
2022-04-25 22:00:00,2.2765947623914638e-23
2022-04-25 22:05:00,2.772064640990654e-23
2022-04-25 22:10:00,3.3699818383716513e-23
2022-04-25 22:15:00,4.0904340421438417e-23
2022-04-25 22:20:00,4.957236470977232e-23
2022-04-25 22:25:00,5.998585007459198e-23
2022-04-25 22:30:00,7.247817125244271e-23
2022-04-25 22:35:00,8.744297321840651e-23
2022-04-25 22:40:00,1.0534446194532474e-22
2022-04-25 22:45:00,1.2672935051810064e-22
2022-04-25 22:50:00,1.5224071077679845e-22
2022-04-25 22:55:00,1.8263401607576267e-22
2022-04-25 23:00:00,2.187957008388128e-22
2022-04-25 23:05:00,2.6176460793758273e-22
2022-04-25 23:10:00,3.127567461615695e-22
2022-04-25 23:15:00,3.7319383789689573e-22
2022-04-25 23:20:00,4.447362023785072e-22
2022-04-25 23:25:00,5.293205934075688e-22
2022-04-25 23:30:00,6.292036932094603e-22
2022-04-25 23:35:00,7.470120572318564e-22
2022-04-25 23:40:00,8.857994093482747e-22
2022-04-25 23:45:00,1.0491123044711262e-21
2022-04-25 23:50:00,1.241065307462126e-21
2022-04-25 23:55:00,1.4664269850861241e-21
2022-04-26 00:00:00,1.73071817338681e-21
2022-04-26 00:05:00,2.040324168257566e-21
2022-04-26 00:10:00,2.4026226943315554e-21
2022-04-26 00:15:00,2.826129739042086e-21
2022-04-26 00:20:00,3.3206655974729895e-21
2022-04-26 00:25:00,3.897543762366734e-21
2022-04-26 00:30:00,4.5697856156168346e-21
2022-04-26 00:35:00,5.352364236295503e-21
2022-04-26 00:40:00,6.262481039665894e-21
2022-04-26 00:45:00,7.319879405990994e-21
2022-04-26 00:50:00,8.547199951991654e-21
2022-04-26 00:55:00,9.970382646692331e-21
2022-04-26 01:00:00,1.1619121582793032e-20
2022-04-26 01:05:00,1.3527378890827948e-20
2022-04-26 01:10:00,1.5733965033019345e-20
2022-04-26 01:15:00,1.8283193544346624e-20
2022-04-26 01:20:00,2.1225619208070783e-20
2022-04-26 01:25:00,2.4618869670679756e-20
2022-04-26 01:30:00,2.852858162667137e-20
2022-04-26 01:35:00,3.302945394739025e-20
2022-04-26 01:40:00,3.8206431501857495e-20
2022-04-26 01:45:00,4.415603493382459e-20
2022-04-26 01:50:00,5.098785333191226e-20
2022-04-26 01:55:00,5.882621857367466e-20
2022-04-26 02:00:00,6.781208215609338e-20
2022-04-26 02:05:00,7.810511756215896e-20
2022-04-26 02:10:00,8.988607367516306e-20
2022-04-26 02:15:00,1.0335940746016523e-19
2022-04-26 02:20:00,1.1875622710866085e-19
2022-04-26 02:25:00,1.3633758011258705e-19
2022-04-26 02:30:00,1.5639812432444663e-19
2022-04-26 02:35:00,1.792702240007105e-19
2022-04-26 02:40:00,2.0532851714754687e-19
2022-04-26 02:45:00,2.349950052256795e-19
2022-04-26 02:50:00,2.6874472146207567e-19
2022-04-26 02:55:00,3.0711203970053945e-19
2022-04-26 03:00:00,3.506976919448785e-19
2022-04-26 03:05:00,4.0017656955429815e-19
2022-04-26 03:10:00,4.563063904922784e-19
2022-04-26 03:15:00,5.199373231625889e-19
2022-04-26 03:20:00,5.920226662490812e-19
2022-04-26 03:25:00,6.736306936738539e-19
2022-04-26 03:30:00,7.659577843711454e-19
2022-04-26 03:35:00,8.703429681167456e-19
2022-04-26 03:40:00,9.8828403123614e-19
2022-04-26 03:45:00,1.1214553397262635e-18
2022-04-26 03:50:00,1.2717275522598157e-18
2022-04-26 03:55:00,1.4411894117992575e-18
2022-04-26 04:00:00,1.6321718222388236e-18
2022-04-26 04:05:00,1.8472744357351127e-18
2022-04-26 04:10:00,2.0893949973064024e-18
2022-04-26 04:15:00,2.3617617160141075e-18
2022-04-26 04:20:00,2.667968956732817e-18
2022-04-26 04:25:00,3.0120165733260913e-18
2022-04-26 04:30:00,3.3983532331417405e-18
2022-04-26 04:35:00,3.831924114305066e-18
2022-04-26 04:40:00,4.318223391515904e-18
2022-04-26 04:45:00,4.863351963154153e-18
2022-04-26 04:50:00,5.474080912694107e-18
2022-04-26 04:55:00,6.157921240959333e-18
2022-04-26 05:00:00,6.923200452876356e-18
2022-04-26 05:05:00,7.779146633382417e-18
2022-04-26 05:10:00,8.735980702306399e-18
2022-04-26 05:15:00,9.805017597688887e-18
2022-04-26 05:20:00,1.0998777201478187e-17
2022-04-26 05:25:00,1.2331105891194085e-17
2022-04-26 05:30:00,1.3817309676381313e-17
2022-04-26 05:35:00,1.5474299959893607e-17
2022-04-26 05:40:00,1.7320753051700102e-17
2022-04-26 05:45:00,1.9377284657465735e-17
2022-04-26 05:50:00,2.1666640666128305e-17
2022-04-26 05:55:00,2.4213905670622217e-17
2022-04-26 06:00:00,2.704673077435704e-17
2022-04-26 06:05:00,3.0195582363666374e-17
2022-04-26 06:10:00,3.3694013663852793e-17
2022-04-26 06:15:00,3.7578961044376115e-17
2022-04-26 06:20:00,4.189106719790225e-17
2022-04-26 06:25:00,4.667503348915464e-17
2022-04-26 06:30:00,5.1980003953634115e-17
2022-04-26 06:35:00,5.785998362419666e-17
2022-04-26 06:40:00,6.437429407617664e-17
2022-04-26 06:45:00,7.158806931022313e-17
2022-04-26 06:50:00,7.957279533738663e-17
2022-04-26 06:55:00,8.840689709440137e-17
2022-04-26 07:00:00,9.817637659979567e-17
2022-04-26 07:05:00,1.0897550656473321e-16
2022-04-26 07:10:00,1.209075839977525e-16
2022-04-26 07:15:00,1.340857486912895e-16
2022-04-26 07:20:00,1.486338718516333e-16
2022-04-26 07:25:00,1.6468752053444236e-16
2022-04-26 07:30:00,1.823950039769115e-16
2022-04-26 07:35:00,2.0191850837700865e-16
2022-04-26 07:40:00,2.2343532716192103e-16
2022-04-26 07:45:00,2.471391943140365e-16
2022-04-26 07:50:00,2.732417288857359e-16
2022-04-26 07:55:00,3.0197399943634786e-16
2022-04-26 08:00:00,3.335882177683297e-16
2022-04-26 08:05:00,3.68359572027828e-16
2022-04-26 08:10:00,4.065882099699925e-16
2022-04-26 08:15:00,4.486013839748476e-16
2022-04-26 08:20:00,4.947557702383173e-16
2022-04-26 08:25:00,5.454399754585286e-16
2022-04-26 08:30:00,6.010772452933214e-16
2022-04-26 08:35:00,6.621283898848525e-16
2022-04-26 08:40:00,7.29094942835101e-16
2022-04-26 08:45:00,8.025225711764023e-16
2022-04-26 08:50:00,8.830047551181026e-16
2022-04-26 08:55:00,9.711867576690386e-16
2022-04-26 09:00:00,1.0677699056403334e-15
2022-04-26 09:05:00,1.173516205029914e-15
2022-04-26 09:10:00,1.289253315383925e-15
2022-04-26 09:15:00,1.4158799094274923e-15
2022-04-26 09:20:00,1.554371446063871e-15
2022-04-26 09:25:00,1.7057863867632216e-15
2022-04-26 09:30:00,1.8712728874079025e-15
2022-04-26 09:35:00,2.052075999836197e-15
2022-04-26 09:40:00,2.249545419639841e-15
2022-04-26 09:45:00,2.4651438192298743e-15
2022-04-26 09:50:00,2.7004558077986305e-15
2022-04-26 09:55:00,2.9571975625832407e-15
2022-04-26 10:00:00,3.237227178785568e-15
2022-04-26 10:05:00,3.5425557886368398e-15
2022-04-26 10:10:00,3.875359503421838e-15
2022-04-26 10:15:00,4.2379922358081806e-15
2022-04-26 10:20:00,4.6329994635744844e-15
2022-04-26 10:25:00,5.0631329998062535e-15
2022-04-26 10:30:00,5.531366838847033e-15
2022-04-26 10:35:00,6.0409141517640916e-15
2022-04-26 10:40:00,6.595245509830773e-15
2022-04-26 10:45:00,7.198108419554622e-15
2022-04-26 10:50:00,7.853548258106648e-15
2022-04-26 10:55:00,8.565930703652916e-15
2022-04-26 11:00:00,9.339965761066992e-15
2022-04-26 11:05:00,1.0180733489834612e-14
2022-04-26 11:10:00,1.1093711547666392e-14
2022-04-26 11:15:00,1.2084804670429805e-14
2022-04-26 11:20:00,1.3160376216524706e-14
2022-04-26 11:25:00,1.432728191177179e-14
2022-04-26 11:30:00,1.5592905939291622e-14
2022-04-26 11:35:00,1.6965199527744316e-14
2022-04-26 11:40:00,1.8452722200699665e-14
2022-04-26 11:45:00,2.0064685859851057e-14
2022-04-26 11:50:00,2.1811001885289164e-14
2022-04-26 11:55:00,2.370233144715561e-14
2022-04-26 12:00:00,2.57501392347274e-14
2022-04-26 12:05:00,2.7966750821369375e-14
2022-04-26 12:10:00,3.0365413896882387e-14
2022-04-26 12:15:00,3.2960363612584575e-14
2022-04-26 12:20:00,3.5766892299054544e-14
2022-04-26 12:25:00,3.880142383185236e-14
2022-04-26 12:30:00,4.2081592936781374e-14
2022-04-26 12:35:00,4.5626329743391684e-14
2022-04-26 12:40:00,4.945594991349612e-14
2022-04-26 12:45:00,5.3592250690541694e-14
2022-04-26 12:50:00,5.805861323576971e-14
2022-04-26 12:55:00,6.288011163829193e-14
2022-04-26 13:00:00,6.808362900854402e-14
2022-04-26 13:05:00,7.369798108810158e-14
2022-04-26 13:10:00,7.975404783365195e-14
2022-04-26 13:15:00,8.628491345901757e-14
2022-04-26 13:20:00,9.332601544664211e-14
2022-04-26 13:25:00,1.0091530306891448e-13
2022-04-26 13:30:00,1.0909340599018489e-13
2022-04-26 13:35:00,1.1790381355244295e-13
2022-04-26 13:40:00,1.2739306538137966e-13
2022-04-26 13:45:00,1.376109539851202e-13
2022-04-26 13:50:00,1.4861074005527863e-13
2022-04-26 13:55:00,1.6044938121932544e-13
2022-04-26 14:00:00,1.731877750346152e-13
2022-04-26 14:05:00,1.8689101705788544e-13
2022-04-26 14:10:00,2.0162867486977894e-13
2022-04-26 14:15:00,2.1747507898195488e-13
2022-04-26 14:20:00,2.3450963160486535e-13
2022-04-26 14:25:00,2.528171343073253e-13
2022-04-26 14:30:00,2.724881356547054e-13
2022-04-26 14:35:00,2.9361929997115855e-13
2022-04-26 14:40:00,3.163137984327105e-13
2022-04-26 14:45:00,3.4068172376262434e-13
2022-04-26 14:50:00,3.668405298682023e-13
2022-04-26 14:55:00,3.949154978292718e-13
2022-04-26 15:00:00,4.2504022972330147e-13
2022-04-26 15:05:00,4.573571718503385e-13
2022-04-26 15:10:00,4.920181690031649e-13
2022-04-26 15:15:00,5.291850515142431e-13
2022-04-26 15:20:00,5.690302569013617e-13
2022-04-26 15:25:00,6.117374880287358e-13
2022-04-26 15:30:00,6.57502409799587e-13
2022-04-26 15:35:00,7.065333865004834e-13
2022-04-26 15:40:00,7.59052262026779e-13
2022-04-26 15:45:00,8.152951853329584e-13
2022-04-26 15:50:00,8.755134835715427e-13
2022-04-26 15:55:00,9.399745855096955e-13
2022-04-26 16:00:00,1.0089629979443086e-12
2022-04-26 16:05:00,1.0827813379739425e-12
2022-04-26 16:10:00,1.1617514241302886e-12
2022-04-26 16:15:00,1.246215429522834e-12
2022-04-26 16:20:00,1.3365371003083173e-12
2022-04-26 16:25:00,1.4331030429621787e-12
2022-04-26 16:30:00,1.5363240840021173e-12
2022-04-26 16:35:00,1.6466367059950937e-12
2022-04-26 16:40:00,1.7645045638686265e-12
2022-04-26 16:45:00,1.890420085745232e-12
2022-04-26 16:50:00,2.024906162726421e-12
2022-04-26 16:55:00,2.168517932269119e-12
2022-04-26 17:00:00,2.321844660024167e-12
2022-04-26 17:05:00,2.485511725243488e-12
2022-04-26 17:10:00,2.6601827151098926e-12
2022-04-26 17:15:00,2.8465616336026296e-12
2022-04-26 17:20:00,3.045395230781766e-12
2022-04-26 17:25:00,3.2574754586574813e-12
2022-04-26 17:30:00,3.4836420601050083e-12
2022-04-26 17:35:00,3.7247852975945475e-12
2022-04-26 17:40:00,3.981848828827385e-12
2022-04-26 17:45:00,4.255832736705284e-12
2022-04-26 17:50:00,4.547796721411753e-12
2022-04-26 17:55:00,4.858863462749569e-12
2022-04-26 18:00:00,5.190222161261746e-12
2022-04-26 18:05:00,5.543132267062323e-12
2022-04-26 18:10:00,5.9189274057192255e-12
2022-04-26 18:15:00,6.319019510966865e-12
2022-04-26 18:20:00,6.744903174478535e-12
2022-04-26 18:25:00,7.198160223402075e-12
2022-04-26 18:30:00,7.680464536855337e-12
2022-04-26 18:35:00,8.193587113091708e-12
2022-04-26 18:40:00,8.739401399582998e-12
2022-04-26 18:45:00,9.319888898824835e-12
2022-04-26 18:50:00,9.93714506325362e-12
2022-04-26 18:55:00,1.0593385493270141e-11
2022-04-26 19:00:00,1.1290952452998646e-11
2022-04-26 19:05:00,1.2032321719069557e-11
2022-04-26 19:10:00,1.2820109778400125e-11
2022-04-26 19:15:00,1.3657081391664641e-11
2022-04-26 19:20:00,1.4546157539889502e-11
2022-04-26 19:25:00,1.5490423772385996e-11
2022-04-26 19:30:00,1.6493138975042218e-11
2022-04-26 19:35:00,1.7557744578835875e-11
2022-04-26 19:40:00,1.8687874229308398e-11
2022-04-26 19:45:00,1.9887363938650598e-11
2022-04-26 19:50:00,2.1160262743001308e-11
2022-04-26 19:55:00,2.2510843888548432e-11
2022-04-26 20:00:00,2.3943616571048524e-11
2022-04-26 20:05:00,2.5463338254453367e-11
2022-04-26 20:10:00,2.7075027595442533e-11
2022-04-26 20:15:00,2.87839780018199e-11
2022-04-26 20:20:00,3.059577185393691e-11
2022-04-26 20:25:00,3.251629541955488e-11
2022-04-26 20:30:00,3.455175449386483e-11
2022-04-26 20:35:00,3.670869079773221e-11
2022-04-26 20:40:00,3.89939991686469e-11
2022-04-26 20:45:00,4.14149455803162e-11
2022-04-26 20:50:00,4.3979186028363094e-11
2022-04-26 20:55:00,4.6694786321171774e-11
2022-04-26 21:00:00,4.95702428165611e-11
2022-04-26 21:05:00,5.2614504146678525e-11
2022-04-26 21:10:00,5.583699397527334e-11
2022-04-26 21:15:00,5.924763483335318e-11
2022-04-26 21:20:00,6.285687308114036e-11
2022-04-26 21:25:00,6.667570504622555e-11
2022-04-26 21:30:00,7.071570438988669e-11
2022-04-26 21:35:00,7.498905075567407e-11
2022-04-26 21:40:00,7.950855975659063e-11
2022-04-26 21:45:00,8.428771435950515e-11
2022-04-26 21:50:00,8.934069772782469e-11
2022-04-26 21:55:00,9.468242758594891e-11
2022-04-26 22:00:00,1.0032859217159737e-10
2022-04-26 22:05:00,1.0629568784478968e-10
2022-04-26 22:10:00,1.1260105842502486e-10
2022-04-26 22:15:00,1.1926293633109486e-10
2022-04-26 22:20:00,1.263004856009568e-10
2022-04-26 22:25:00,1.3373384687217887e-10
2022-04-26 22:30:00,1.4158418440670594e-10
2022-04-26 22:35:00,1.4987373524700772e-10
2022-04-26 22:40:00,1.5862586059414128e-10
2022-04-26 22:45:00,1.678650995018429e-10
2022-04-26 22:50:00,1.7761722498446836e-10
2022-04-26 22:55:00,1.8790930264047225e-10
2022-04-26 23:00:00,1.9876975189708613e-10
2022-04-26 23:05:00,2.10228409986008e-10
2022-04-26 23:10:00,2.2231659876420213e-10
2022-04-26 23:15:00,2.350671944983337e-10
2022-04-26 23:20:00,2.4851470073599026e-10
2022-04-26 23:25:00,2.6269532439158384e-10
2022-04-26 23:30:00,2.7764705517978184e-10
2022-04-26 23:35:00,2.9340974853442874e-10
2022-04-26 23:40:00,3.100252121562023e-10
2022-04-26 23:45:00,3.2753729633775995e-10
2022-04-26 23:50:00,3.4599198822077435e-10
2022-04-26 23:55:00,3.654375101451805e-10
2022-04-27 00:00:00,3.859244222570006e-10
2022-04-27 00:05:00,4.075057295474426e-10
2022-04-27 00:10:00,4.3023699350249063e-10
2022-04-27 00:15:00,4.541764485489248e-10
2022-04-27 00:20:00,4.793851234897418e-10
2022-04-27 00:25:00,5.059269681291246e-10
2022-04-27 00:30:00,5.338689852946207e-10
2022-04-27 00:35:00,5.632813684719272e-10
2022-04-27 00:40:00,5.942376452756434e-10
2022-04-27 00:45:00,6.26814826987695e-10
2022-04-27 00:50:00,6.610935644036273e-10
2022-04-27 00:55:00,6.971583102358664e-10
2022-04-27 01:00:00,7.350974883321969e-10
2022-04-27 01:05:00,7.750036699771365e-10
2022-04-27 01:10:00,8.169737575537373e-10
2022-04-27 01:15:00,8.611091758533995e-10
2022-04-27 01:20:00,9.075160713317803e-10
2022-04-27 01:25:00,9.563055196197036e-10
2022-04-27 01:30:00,1.0075937416090908e-09
2022-04-27 01:35:00,1.0615023284455735e-09
2022-04-27 01:40:00,1.1181584757712668e-09
2022-04-27 01:45:00,1.1776952275736446e-09
2022-04-27 01:50:00,1.2402517300090615e-09
2022-04-27 01:55:00,1.3059734955827237e-09
2022-04-27 02:00:00,1.3750126780804864e-09
2022-04-27 02:05:00,1.4475283586618292e-09
2022-04-27 02:10:00,1.5236868435379873e-09
2022-04-27 02:15:00,1.603661973674054e-09
2022-04-27 02:20:00,1.6876354469694288e-09
2022-04-27 02:25:00,1.7757971533869654e-09
2022-04-27 02:30:00,1.868345523517529e-09
2022-04-27 02:35:00,1.9654878910838997e-09
2022-04-27 02:40:00,2.067440869905315e-09
2022-04-27 02:45:00,2.1744307458622264e-09
2022-04-27 02:50:00,2.2866938844195454e-09
2022-04-27 02:55:00,2.4044771542858484e-09
2022-04-27 03:00:00,2.528038367806173e-09
2022-04-27 03:05:00,2.6576467387063166e-09
2022-04-27 03:10:00,2.7935833578281003e-09
2022-04-27 03:15:00,2.936141687516634e-09
2022-04-27 03:20:00,3.08562807534343e-09
2022-04-27 03:25:00,3.2423622878724973e-09
2022-04-27 03:30:00,3.4066780652003684e-09
2022-04-27 03:35:00,3.5789236970261598e-09
2022-04-27 03:40:00,3.759462621032941e-09
2022-04-27 03:45:00,3.9486740443883255e-09
2022-04-27 03:50:00,4.14695358919933e-09
2022-04-27 03:55:00,4.354713962784361e-09
2022-04-27 04:00:00,4.572385653654471e-09
2022-04-27 04:05:00,4.8004176541253755e-09
2022-04-27 04:10:00,5.03927821051272e-09
2022-04-27 04:15:00,5.28945560189473e-09
2022-04-27 04:20:00,5.551458948458684e-09
2022-04-27 04:25:00,5.825819050481738e-09
2022-04-27 04:30:00,6.1130892590307975e-09
2022-04-27 04:35:00,6.413846379502087e-09
2022-04-27 04:40:00,6.728691609157925e-09
2022-04-27 04:45:00,7.058251509855649e-09
2022-04-27 04:50:00,7.403179017203329e-09
2022-04-27 04:55:00,7.764154487416372e-09
2022-04-27 05:00:00,8.141886783191241e-09
2022-04-27 05:05:00,8.537114399954539e-09
2022-04-27 05:10:00,8.950606633890004e-09
2022-04-27 05:15:00,9.383164793191261e-09
2022-04-27 05:20:00,9.835623454034173e-09
2022-04-27 05:25:00,1.030885176281152e-08
2022-04-27 05:30:00,1.0803754786221098e-08
2022-04-27 05:35:00,1.132127491084989e-08
2022-04-27 05:40:00,1.1862393293949027e-08
2022-04-27 05:45:00,1.2428131367148232e-08
2022-04-27 05:50:00,1.3019552394913243e-08
2022-04-27 05:55:00,1.363776308960797e-08
2022-04-27 06:00:00,1.4283915285081007e-08
2022-04-27 06:05:00,1.4959207670756032e-08
2022-04-27 06:10:00,1.5664887588269552e-08
2022-04-27 06:15:00,1.64022528927615e-08
2022-04-27 06:20:00,1.7172653880991487e-08
2022-04-27 06:25:00,1.797749528851969e-08
2022-04-27 06:30:00,1.8818238358262925e-08
2022-04-27 06:35:00,1.9696402982806666e-08
2022-04-27 06:40:00,2.0613569922927222e-08
2022-04-27 06:45:00,2.1571383104855805e-08
2022-04-27 06:50:00,2.2571551998892684e-08
2022-04-27 06:55:00,2.3615854082059246e-08
2022-04-27 07:00:00,2.470613738756071e-08
2022-04-27 07:05:00,2.5844323143914068e-08
2022-04-27 07:10:00,2.7032408506685267e-08
2022-04-27 07:15:00,2.8272469385866882e-08
2022-04-27 07:20:00,2.9566663372022424e-08
2022-04-27 07:25:00,3.091723276441608e-08
2022-04-27 07:30:00,3.2326507704443375e-08
2022-04-27 07:35:00,3.3796909417781275e-08
2022-04-27 07:40:00,3.533095356877546e-08
2022-04-27 07:45:00,3.6931253730691006e-08
2022-04-27 07:50:00,3.8600524975558137e-08
2022-04-27 07:55:00,4.034158758746007e-08
2022-04-27 08:00:00,4.215737090322176e-08
2022-04-27 08:05:00,4.405091728457522e-08
2022-04-27 08:10:00,4.602538622600218e-08
2022-04-27 08:15:00,4.808405860257534e-08
2022-04-27 08:20:00,5.0230341062246446e-08
2022-04-27 08:25:00,5.246777056716547e-08
2022-04-27 08:30:00,5.4800019088743943e-08
2022-04-27 08:35:00,5.723089846131812e-08
2022-04-27 08:40:00,5.976436539940497e-08
2022-04-27 08:45:00,6.240452668369648e-08
2022-04-27 08:50:00,6.515564452108127e-08
2022-04-27 08:55:00,6.802214208413693e-08
2022-04-27 09:00:00,7.100860923569979e-08
2022-04-27 09:05:00,7.411980844427363e-08
2022-04-27 09:10:00,7.736068089621044e-08
2022-04-27 09:15:00,8.073635281076151e-08
2022-04-27 09:20:00,8.425214196428074e-08
2022-04-27 09:25:00,8.791356443003399e-08
2022-04-27 09:30:00,9.17263415402536e-08
2022-04-27 09:35:00,9.569640707727411e-08
2022-04-27 09:40:00,9.982991470077073e-08
2022-04-27 09:45:00,1.0413324561832324e-07
2022-04-27 09:50:00,1.0861301650673953e-07
2022-04-27 09:55:00,1.1327608769177357e-07
2022-04-27 10:00:00,1.181295715940949e-07
2022-04-27 10:05:00,1.2318084144958063e-07
2022-04-27 10:10:00,1.2843754031223816e-07
2022-04-27 10:15:00,1.339075903482902e-07
2022-04-27 10:20:00,1.39599202430191e-07
2022-04-27 10:25:00,1.4552088603959893e-07
2022-04-27 10:30:00,1.516814594885709e-07
2022-04-27 10:35:00,1.5809006046849894e-07
2022-04-27 10:40:00,1.647561569365868e-07
2022-04-27 10:45:00,1.7168955834992195e-07
2022-04-27 10:50:00,1.7890042725748196e-07
2022-04-27 10:55:00,1.8639929126069175e-07
2022-04-27 11:00:00,1.9419705535345403e-07
2022-04-27 11:05:00,2.023050146528599e-07
2022-04-27 11:10:00,2.1073486753209226e-07
2022-04-27 11:15:00,2.1949872916736722e-07
2022-04-27 11:20:00,2.2860914551105738e-07
2022-04-27 11:25:00,2.3807910770348764e-07
2022-04-27 11:30:00,2.479220669362167e-07
2022-04-27 11:35:00,2.5815194977998674e-07
2022-04-27 11:40:00,2.687831739908565e-07
2022-04-27 11:45:00,2.7983066480840074e-07
2022-04-27 11:50:00,2.913098717602504e-07
2022-04-27 11:55:00,3.032367859876087e-07
2022-04-27 12:00:00,3.1562795810676954e-07
2022-04-27 12:05:00,3.285005166220884e-07
2022-04-27 12:10:00,3.4187218690624083e-07
2022-04-27 12:15:00,3.5576131076404234e-07
2022-04-27 12:20:00,3.7018686659651265e-07
2022-04-27 12:25:00,3.8516849018234436e-07
2022-04-27 12:30:00,4.007264960943555e-07
2022-04-27 12:35:00,4.1688189976897014e-07
2022-04-27 12:40:00,4.336564402472787e-07
2022-04-27 12:45:00,4.5107260360667247e-07
2022-04-27 12:50:00,4.691536471025775e-07
2022-04-27 12:55:00,4.879236240402867e-07
2022-04-27 13:00:00,5.074074093974619e-07
2022-04-27 13:05:00,5.276307262183629e-07
2022-04-27 13:10:00,5.48620172801415e-07
2022-04-27 13:15:00,5.704032507023267e-07
2022-04-27 13:20:00,5.930083935754911e-07
2022-04-27 13:25:00,6.164649968769992e-07
2022-04-27 13:30:00,6.408034484532403e-07
2022-04-27 13:35:00,6.660551600396122e-07
2022-04-27 13:40:00,6.922525996945442e-07
2022-04-27 13:45:00,7.194293251946332e-07
2022-04-27 13:50:00,7.476200184174116e-07
2022-04-27 13:55:00,7.768605207388855e-07
2022-04-27 14:00:00,8.071878694736716e-07
2022-04-27 14:05:00,8.386403353863279e-07
2022-04-27 14:10:00,8.712574613031164e-07
2022-04-27 14:15:00,9.050801018542316e-07
2022-04-27 14:20:00,9.401504643772301e-07
2022-04-27 14:25:00,9.76512151013246e-07
2022-04-27 14:30:00,1.0142102020282963e-06
2022-04-27 14:35:00,1.053291140392795e-06
2022-04-27 14:40:00,1.093803017653288e-06
2022-04-27 14:45:00,1.1357954611311933e-06
2022-04-27 14:50:00,1.1793197224841973e-06
2022-04-27 14:55:00,1.224428727666927e-06
2022-04-27 15:00:00,1.2711771283283113e-06
2022-04-27 15:05:00,1.3196213546840583e-06
2022-04-27 15:10:00,1.3698196699035346e-06
2022-04-27 15:15:00,1.421832226051416e-06
2022-04-27 15:20:00,1.4757211216253652e-06
2022-04-27 15:25:00,1.5315504607320113e-06
2022-04-27 15:30:00,1.5893864139446371e-06
2022-04-27 15:35:00,1.6492972808869112e-06
2022-04-27 15:40:00,1.7113535545881779e-06
2022-04-27 15:45:00,1.7756279876568207e-06
2022-04-27 15:50:00,1.8421956603194966e-06
2022-04-27 15:55:00,1.9111340503750457e-06
2022-04-27 16:00:00,1.9825231051130835e-06
2022-04-27 16:05:00,2.0564453152486174e-06
2022-04-27 16:10:00,2.1329857909250905e-06
2022-04-27 16:15:00,2.2122323398395688e-06
2022-04-27 16:20:00,2.2942755475451823e-06
2022-04-27 16:25:00,2.379208859987075e-06
2022-04-27 16:30:00,2.4671286683295906e-06
2022-04-27 16:35:00,2.558134396133668e-06
2022-04-27 16:40:00,2.6523285889450206e-06
2022-04-27 16:45:00,2.7498170063548987e-06
2022-04-27 16:50:00,2.850708716596745e-06
2022-04-27 16:55:00,2.9551161937437e-06
2022-04-27 17:00:00,3.063155417573273e-06
2022-04-27 17:05:00,3.1749459761670186e-06
2022-04-27 17:10:00,3.290611171314883e-06
2022-04-27 17:15:00,3.410278126795287e-06
2022-04-27 17:20:00,3.534077899603786e-06
2022-04-27 17:25:00,3.6621455942047186e-06
2022-04-27 17:30:00,3.7946204798822504e-06
2022-04-27 17:35:00,3.931646111268717e-06
2022-04-27 17:40:00,4.073370452130001e-06
2022-04-27 17:45:00,4.219946002489812e-06
2022-04-27 17:50:00,4.371529929176232e-06
2022-04-27 17:55:00,4.52828419987611e-06
2022-04-27 18:00:00,4.69037572078459e-06
2022-04-27 18:05:00,4.857976477939408e-06
2022-04-27 18:10:00,5.031263682331337e-06
2022-04-27 18:15:00,5.2104199188842445e-06
2022-04-27 18:20:00,5.395633299400697e-06
2022-04-27 18:25:00,5.587097619570881e-06
2022-04-27 18:30:00,5.785012520144826e-06
2022-04-27 18:35:00,5.9895836523705335e-06
2022-04-27 18:40:00,6.201022847802543e-06
2022-04-27 18:45:00,6.4195482925880835e-06
2022-04-27 18:50:00,6.645384706340083e-06
2022-04-27 18:55:00,6.878763525709252e-06
2022-04-27 19:00:00,7.119923092769489e-06
2022-04-27 19:05:00,7.369108848333501e-06
2022-04-27 19:10:00,7.6265735303185414e-06
2022-04-27 19:15:00,7.892577377284307e-06
2022-04-27 19:20:00,8.167388337268138e-06
2022-04-27 19:25:00,8.45128228204503e-06
2022-04-27 19:30:00,8.744543226943495e-06
2022-04-27 19:35:00,9.047463556350469e-06
2022-04-27 19:40:00,9.360344255041596e-06
2022-04-27 19:45:00,9.683495145476756e-06
2022-04-27 19:50:00,1.0017235131203071e-05
2022-04-27 19:55:00,1.0361892446510868e-05
2022-04-27 20:00:00,1.0717804912491906e-05
2022-04-27 20:05:00,1.1085320199651587e-05
2022-04-27 20:10:00,1.1464796097230739e-05
2022-04-27 20:15:00,1.1856600789395492e-05
2022-04-27 20:20:00,1.2261113138457958e-05
2022-04-27 20:25:00,1.2678722975293183e-05
2022-04-27 20:30:00,1.3109831397121515e-05
2022-04-27 20:35:00,1.355485107282995e-05
2022-04-27 20:40:00,1.4014206556008737e-05
2022-04-27 20:45:00,1.4488334605884118e-05
2022-04-27 20:50:00,1.4977684516331122e-05
2022-04-27 20:55:00,1.5482718453155528e-05
2022-04-27 21:00:00,1.6003911799836923e-05
2022-04-27 21:05:00,1.654175351192919e-05
2022-04-27 21:10:00,1.7096746480319805e-05
2022-04-27 21:15:00,1.766940790355249e-05
2022-04-27 21:20:00,1.826026966942225e-05
2022-04-27 21:25:00,1.8869878746057357e-05
2022-04-27 21:30:00,1.9498797582705917e-05
2022-04-27 21:35:00,2.0147604520450356e-05
2022-04-27 21:40:00,2.0816894213076743e-05
2022-04-27 21:45:00,2.1507278058332323e-05
2022-04-27 21:50:00,2.2219384639807894e-05
2022-04-27 21:55:00,2.295386017968694e-05
2022-04-27 22:00:00,2.371136900260973e-05
2022-04-27 22:05:00,2.4492594010904343e-05
2022-04-27 22:10:00,2.5298237171441876e-05
2022-04-27 22:15:00,2.6129020014379805e-05
2022-04-27 22:20:00,2.6985684144061427e-05
2022-04-27 22:25:00,2.7868991762345887e-05
2022-04-27 22:30:00,2.8779726204647713e-05
2022-04-27 22:35:00,2.9718692488972576e-05
2022-04-27 22:40:00,3.068671787824007e-05
2022-04-27 22:45:00,3.1684652456190296e-05
2022-04-27 22:50:00,3.271336971717906e-05
2022-04-27 22:55:00,3.377376717017042e-05
2022-04-27 23:00:00,3.486676695724314e-05
2022-04-27 23:05:00,3.599331648693267e-05
2022-04-27 23:10:00,3.7154389082739135e-05
2022-04-27 23:15:00,3.8350984647136115e-05
2022-04-27 23:20:00,3.958413034142217e-05
2022-04-27 23:25:00,4.0854881281766285e-05
2022-04-27 23:30:00,4.216432125180272e-05
2022-04-27 23:35:00,4.351356343213835e-05
2022-04-27 23:40:00,4.4903751147145e-05
2022-04-27 23:45:00,4.633605862941447e-05
2022-04-27 23:50:00,4.781169180226262e-05
2022-04-27 23:55:00,4.933188908067529e-05
2022-04-28 00:00:00,5.089792219109977e-05
2022-04-28 00:05:00,5.251109701049013e-05
2022-04-28 00:10:00,5.417275442502353e-05
2022-04-28 00:15:00,5.5884271208915943e-05
2022-04-28 00:20:00,5.764706092376983e-05
2022-04-28 00:25:00,5.946257483889842e-05
2022-04-28 00:30:00,6.133230287307657e-05
2022-04-28 00:35:00,6.325777455818168e-05
2022-04-28 00:40:00,6.524056002519326e-05
2022-04-28 00:45:00,6.728227101302883e-05
2022-04-28 00:50:00,6.938456190070816e-05
2022-04-28 00:55:00,7.154913076334132e-05
2022-04-28 01:00:00,7.377772045244821e-05
2022-04-28 01:05:00,7.607211970112968e-05
2022-04-28 01:10:00,7.843416425461574e-05
2022-04-28 01:15:00,8.086573802673083e-05
2022-04-28 01:20:00,8.336877428282177e-05
2022-04-28 01:25:00,8.594525684971133e-05
2022-04-28 01:30:00,8.859722135324534e-05
2022-04-28 01:35:00,9.132675648401254e-05
2022-04-28 01:40:00,9.413600529183328e-05
2022-04-28 01:45:00,9.702716650961717e-05
2022-04-28 01:50:00,0.00010000249590720706
2022-04-28 01:55:00,0.00010306430767583282
2022-04-28 02:00:00,0.00010621497584381854
2022-04-28 02:05:00,0.00010945693572419078
2022-04-28 02:10:00,0.00011279268539485014
2022-04-28 02:15:00,0.00011622478721198668
2022-04-28 02:20:00,0.00011975586935742456
2022-04-28 02:25:00,0.00012338862742059643
2022-04-28 02:30:00,0.0001271258260158674
2022-04-28 02:35:00,0.00013097030043593313
2022-04-28 02:40:00,0.00013492495834203653
2022-04-28 02:45:00,0.00013899278149175607
2022-04-28 02:50:00,0.00014317682750514163
2022-04-28 02:55:00,0.00014748023166997855
2022-04-28 03:00:00,0.00015190620878697853
2022-04-28 03:05:00,0.00015645805505571612
2022-04-28 03:10:00,0.00016113915000213845
2022-04-28 03:15:00,0.00016595295844848974
2022-04-28 03:20:00,0.00017090303252651683
2022-04-28 03:25:00,0.00017599301373482946
2022-04-28 03:30:00,0.0001812266350413093
2022-04-28 03:35:00,0.00018660772303147295
2022-04-28 03:40:00,0.0001921402001037227
2022-04-28 03:45:00,0.00019782808671242228
2022-04-28 03:50:00,0.00020367550365975673
2022-04-28 03:55:00,0.00020968667443736124
2022-04-28 04:00:00,0.00021586592761870844
2022-04-28 04:05:00,0.00022221769930327233
2022-04-28 04:10:00,0.00022874653561349542
2022-04-28 04:15:00,0.00023545709524561945
2022-04-28 04:20:00,0.0002423541520754438
2022-04-28 04:25:00,0.00024944259782009925
2022-04-28 04:30:00,0.0002567274447569543
2022-04-28 04:35:00,0.0002642138285007794
2022-04-28 04:40:00,0.00027190701084031465
2022-04-28 04:45:00,0.0002798123826354197
2022-04-28 04:50:00,0.00028793546677599303
2022-04-28 04:55:00,0.00029628192120387465
2022-04-28 05:00:00,0.00030485754199896173
2022-04-28 05:05:00,0.00031366826653080607
2022-04-28 05:10:00,0.00032272017667696096
2022-04-28 05:15:00,0.0003320195021093811
2022-04-28 05:20:00,0.0003415726236502079
2022-04-28 05:25:00,0.00035138607669828095
2022-04-28 05:30:00,0.00036146655472775316
2022-04-28 05:35:00,0.0003718209128601984
2022-04-28 05:40:00,0.0003824561715116456
2022-04-28 05:45:00,0.0003933795201159769
2022-04-28 05:50:00,0.00040459832092615695
2022-04-28 05:55:00,0.0004161201128948058
2022-04-28 06:00:00,0.0004279526156356289
2022-04-28 06:05:00,0.0004401037334672498
2022-04-28 06:10:00,0.00045258155954103815
2022-04-28 06:15:00,0.0004653943800545261
2022-04-28 06:20:00,0.0004785506785520517
2022-04-28 06:25:00,0.0004920591403142812
2022-04-28 06:30:00,0.000505928656838318
2022-04-28 06:35:00,0.0005201683304101028
2022-04-28 06:40:00,0.0005347874787708534
2022-04-28 06:45:00,0.0005497956398793359
2022-04-28 06:50:00,0.0005652025767717655
2022-04-28 06:55:00,0.0005810182825211861
2022-04-28 07:00:00,0.0005972529852981856
2022-04-28 07:05:00,0.0006139171535348761
2022-04-28 07:10:00,0.000631021501194058
2022-04-28 07:15:00,0.000648576993145534
2022-04-28 07:20:00,0.0006665948506515986
2022-04-28 07:25:00,0.0006850865569637222
2022-04-28 07:30:00,0.0007040638630324996
2022-04-28 07:35:00,0.0007235387933329904
2022-04-28 07:40:00,0.000743523651807574
2022-04-28 07:45:00,0.0007640310279285119
2022-04-28 07:50:00,0.0007850738028824172
2022-04-28 07:55:00,0.0008066651558789062
2022-04-28 08:00:00,0.0008288185705857107
2022-04-28 08:05:00,0.000851547841692569
2022-04-28 08:10:00,0.000874867081606291
2022-04-28 08:15:00,0.0008987907272793843
2022-04-28 08:20:00,0.0009233335471747
2022-04-28 08:25:00,0.000948510648368571
2022-04-28 08:30:00,0.0009743374837949992
2022-04-28 08:35:00,0.0010008298596334488
2022-04-28 08:40:00,0.0010280039428428429
2022-04-28 08:45:00,0.0010558762688444626
2022-04-28 08:50:00,0.0010844637493564219
2022-04-28 08:55:00,0.0011137836803824515
2022-04-28 09:00:00,0.0011438537503578295
2022-04-28 09:05:00,0.0011746920484552508
2022-04-28 09:10:00,0.001206317073053549
2022-04-28 09:15:00,0.0012387477403721704
2022-04-28 09:20:00,0.0012720033932744205
2022-04-28 09:25:00,0.001306103810242484
2022-04-28 09:30:00,0.0013410692145272803
2022-04-28 09:35:00,0.0013769202834763225
2022-04-28 09:40:00,0.001413678158042736
2022-04-28 09:45:00,0.0014513644524786415
2022-04-28 09:50:00,0.001490001264216227
2022-04-28 09:55:00,0.0015296111839398204
2022-04-28 10:00:00,0.0015702173058523528
2022-04-28 10:05:00,0.0016118432381396377
2022-04-28 10:10:00,0.0016545131136360034
2022-04-28 10:15:00,0.001698251600694805
2022-04-28 10:20:00,0.001743083914267409
2022-04-28 10:25:00,0.0017890358271943673
2022-04-28 10:30:00,0.0018361336817124627
2022-04-28 10:35:00,0.0018844044011814445
2022-04-28 10:40:00,0.0019338755020342543
2022-04-28 10:45:00,0.00198457510595471
2022-04-28 10:50:00,0.002036531952286581
2022-04-28 10:55:00,0.0020897754106780644
2022-04-28 11:00:00,0.00214433549396581
2022-04-28 11:05:00,0.002200242871302633
2022-04-28 11:10:00,0.0022575288815331034
2022-04-28 11:15:00,0.0023162255468213524
2022-04-28 11:20:00,0.002376365586535439
2022-04-28 11:25:00,0.0024379824313927106
2022-04-28 11:30:00,0.0025011102378705934
2022-04-28 11:35:00,0.002565783902887492
2022-04-28 11:40:00,0.002632039078758348
2022-04-28 11:45:00,0.0026999121884295598
2022-04-28 11:50:00,0.002769440440998123
2022-04-28 11:55:00,0.0028406618475197805
2022-04-28 12:00:00,0.002913615237111148
2022-04-28 12:05:00,0.002988340273350769
2022-04-28 12:10:00,0.003064877470984273
2022-04-28 12:15:00,0.0031432682129387455
2022-04-28 12:20:00,0.0032235547676515053
2022-04-28 12:25:00,0.0033057803067187306
2022-04-28 12:30:00,0.0033899889228692455
2022-04-28 12:35:00,0.003476225648268947
2022-04-28 12:40:00,0.0035645364731615244
2022-04-28 12:45:00,0.0036549683648510506
2022-04-28 12:50:00,0.003747569287032229
2022-04-28 12:55:00,0.0038423882194740613
2022-04-28 13:00:00,0.0039394751780629554
2022-04-28 13:05:00,0.004038881235211214
2022-04-28 13:10:00,0.004140658540636951
2022-04-28 13:15:00,0.004244860342521754
2022-04-28 13:20:00,0.00435154100905226
2022-04-28 13:25:00,0.0044607560503521085
2022-04-28 13:30:00,0.004572562140810603
2022-04-28 13:35:00,0.0046870171418148514
2022-04-28 13:40:00,0.004804180124891908
2022-04-28 13:45:00,0.004924111395267664
2022-04-28 13:50:00,0.005046872515849489
2022-04-28 13:55:00,0.005172526331639501
2022-04-28 14:00:00,0.005301136994585474
2022-04-28 14:05:00,0.005432769988876726
2022-04-28 14:10:00,0.005567492156692144
2022-04-28 14:15:00,0.005705371724407792
2022-04-28 14:20:00,0.0058464783292715185
2022-04-28 14:25:00,0.005990883046552325
2022-04-28 14:30:00,0.006138658417172126
2022-04-28 14:35:00,0.0062898784758276425
2022-04-28 14:40:00,0.006444618779610594
2022-04-28 14:45:00,0.006602956437134134
2022-04-28 14:50:00,0.006764970138173631
2022-04-28 14:55:00,0.006930740183830257
2022-04-28 15:00:00,0.00710034851722576
2022-04-28 15:05:00,0.007273878754736927
2022-04-28 15:10:00,0.007451416217778365
2022-04-28 15:15:00,0.007633047965142571
2022-04-28 15:20:00,0.007818862825906082
2022-04-28 15:25:00,0.008008951432910675
2022-04-28 15:30:00,0.00820340625682905
2022-04-28 15:35:00,0.008402321640824089
2022-04-28 15:40:00,0.008605793835811275
2022-04-28 15:45:00,0.008813921036333687
2022-04-28 15:50:00,0.009026803417059531
2022-04-28 15:55:00,0.00924454316991193
2022-04-28 16:00:00,0.009467244541840853
2022-04-28 16:05:00,0.009695013873247607
2022-04-28 16:10:00,0.00992795963707204
2022-04-28 16:15:00,0.010166192478552723
2022-04-28 16:20:00,0.010409825255670996
2022-04-28 16:25:00,0.010658973080289427
2022-04-28 16:30:00,0.010913753359995637
2022-04-28 16:35:00,0.011174285840662369
2022-04-28 16:40:00,0.011440692649735266
2022-04-28 16:45:00,0.011713098340259565
2022-04-28 16:50:00,0.011991629935657014
2022-04-28 16:55:00,0.012276416975265117
2022-04-28 17:00:00,0.012567591560650179
2022-04-28 17:05:00,0.012865288402706348
2022-04-28 17:10:00,0.013169644869552565
2022-04-28 17:15:00,0.013480801035240169
2022-04-28 17:20:00,0.013798899729283349
2022-04-28 17:25:00,0.014124086587025055
2022-04-28 17:30:00,0.014456510100851576
2022-04-28 17:35:00,0.014796321672268596
2022-04-28 17:40:00,0.015143675664851742
2022-04-28 17:45:00,0.015498729458085484
2022-04-28 17:50:00,0.0158616435021036
2022-04-28 17:55:00,0.01623258137334518
2022-04-28 18:00:00,0.016611709831139805
2022-04-28 18:05:00,0.016999198875236543
2022-04-28 18:10:00,0.01739522180429076
2022-04-28 18:15:00,0.017799955275323166
2022-04-28 18:20:00,0.01821357936416625
2022-04-28 18:25:00,0.01863627762691269
2022-04-28 18:30:00,0.019068237162381096
2022-04-28 18:35:00,0.019509648675614027
2022-04-28 18:40:00,0.019960706542424447
2022-04-28 18:45:00,0.020421608875005985
2022-04-28 18:50:00,0.02089255758862276
2022-04-28 18:55:00,0.02137375846939559
2022-04-28 19:00:00,0.021865421243200556
2022-04-28 19:05:00,0.022367759645696317
2022-04-28 19:10:00,0.022880991493497708
2022-04-28 19:15:00,0.023405338756512125
2022-04-28 19:20:00,0.023941027631456335
2022-04-28 19:25:00,0.02448828861657071
2022-04-28 19:30:00,0.0250473565875495
2022-04-28 19:35:00,0.025618470874704504
2022-04-28 19:40:00,0.0262018753413803
2022-04-28 19:45:00,0.02679781846364011
2022-04-28 19:50:00,0.027406553411240694
2022-04-28 19:55:00,0.02802833812991482
2022-04-28 20:00:00,0.028663435424981364
2022-04-28 20:05:00,0.029312113046301914
2022-04-28 20:10:00,0.029974643774603994
2022-04-28 20:15:00,0.030651305509190235
2022-04-28 20:20:00,0.031342381357054735
2022-04-28 20:25:00,0.032048159723426436
2022-04-28 20:30:00,0.03276893440376018
2022-04-28 20:35:00,0.0335050046771972
2022-04-28 20:40:00,0.034256675401515765
2022-04-28 20:45:00,0.03502425710959395
2022-04-28 20:50:00,0.03580806610740581
2022-04-28 20:55:00,0.03660842457357419
2022-04-28 21:00:00,0.03742566066050174
2022-04-28 21:05:00,0.03826010859710294
2022-04-28 21:10:00,0.03911210879316067
2022-04-28 21:15:00,0.03998200794533066
2022-04-28 21:20:00,0.04087015914481647
2022-04-28 21:25:00,0.041776921986740226
2022-04-28 21:30:00,0.042702662681232635
2022-04-28 21:35:00,0.043647754166267205
2022-04-28 21:40:00,0.04461257622226274
2022-04-28 21:45:00,0.04559751558848055
2022-04-28 21:50:00,0.04660296608124117
2022-04-28 21:55:00,0.04762932871398583
2022-04-28 22:00:00,0.04867701181921029
2022-04-28 22:05:00,0.049746431172296275
2022-04-28 22:10:00,0.050838010117268184
2022-04-28 22:15:00,0.051952179694501076
2022-04-28 22:20:00,0.05308937877040912
2022-04-28 22:25:00,0.05425005416914118
2022-04-28 22:30:00,0.05543466080631142
2022-04-28 22:35:00,0.056643661824794925
2022-04-28 22:40:00,0.05787752873261625
2022-04-28 22:45:00,0.059136741542959656
2022-04-28 22:50:00,0.06042178891633214
2022-04-28 22:55:00,0.06173316830490823
2022-04-28 23:00:00,0.06307138609908738
2022-04-28 23:05:00,0.06443695777629377
2022-04-28 23:10:00,0.0658304080520514
2022-04-28 23:15:00,0.06725227103336487
2022-04-28 23:20:00,0.06870309037443678
2022-04-28 23:25:00,0.07018341943475717
2022-04-28 23:30:00,0.07169382143959427
2022-04-28 23:35:00,0.07323486964292113
2022-04-28 23:40:00,0.07480714749281293
2022-04-28 23:45:00,0.07641124879934671
2022-04-28 23:50:00,0.07804777790503822
2022-04-28 23:55:00,0.07971734985785296
2022-04-29 00:00:00,0.08142059058682374
2022-04-29 00:05:00,0.08315813708031092
2022-04-29 00:10:00,0.08493063756694395
2022-04-29 00:15:00,0.08673875169927708
2022-04-29 00:20:00,0.08858315074019785
2022-04-29 00:25:00,0.0904645177521274
2022-04-29 00:30:00,0.09238354778904681
2022-04-29 00:35:00,0.09434094809139038
2022-04-29 00:40:00,0.09633743828384517
2022-04-29 00:45:00,0.09837375057609209
2022-04-29 00:50:00,0.10045062996653414
2022-04-29 00:55:00,0.10256883444904663
2022-04-29 01:00:00,0.10472913522279181
2022-04-29 01:05:00,0.10693231690514168
2022-04-29 01:10:00,0.10917917774774631
2022-04-29 01:15:00,0.11147052985579164
2022-04-29 01:20:00,0.11380719941049153
2022-04-29 01:25:00,0.11619002689485329
2022-04-29 01:30:00,0.1186198673227623
2022-04-29 01:35:00,0.12109759047143136
2022-04-29 01:40:00,0.12362408111725631
2022-04-29 01:45:00,0.12620023927512464
2022-04-29 01:50:00,0.12882698044122495
2022-04-29 01:55:00,0.13150523583939872
2022-04-29 02:00:00,0.1342359526710851
2022-04-29 02:05:00,0.13702009436890636
2022-04-29 02:10:00,0.13985864085393723
2022-04-29 02:15:00,0.14275258879671404
2022-04-29 02:20:00,0.14570295188202498
2022-04-29 02:25:00,0.1487107610775351
2022-04-29 02:30:00,0.15177706490629944
2022-04-29 02:35:00,0.15490292972320663
2022-04-29 02:40:00,0.1580894399954108
2022-04-29 02:45:00,0.16133769858680508
2022-04-29 02:50:00,0.16464882704658163
2022-04-29 02:55:00,0.1680239659019377
2022-04-29 03:00:00,0.17146427495498284
2022-04-29 03:05:00,0.17497093358389396
2022-04-29 03:10:00,0.17854514104837946
2022-04-29 03:15:00,0.18218811679951002
2022-04-29 03:20:00,0.18590110079396377
2022-04-29 03:25:00,0.18968535381274979
2022-04-29 03:30:00,0.1935421577844687
2022-04-29 03:35:00,0.19747281611315945
2022-04-29 03:40:00,0.2014786540108045
2022-04-29 03:45:00,0.20556101883453956
2022-04-29 03:50:00,0.20972128042863614
2022-04-29 03:55:00,0.21396083147132025
2022-04-29 04:00:00,0.21828108782647834
2022-04-29 04:05:00,0.22268348890032155
2022-04-29 04:10:00,0.2271694980030728
2022-04-29 04:15:00,0.23174060271573022
2022-04-29 04:20:00,0.23639831526198024
2022-04-29 04:25:00,0.24114417288532666
2022-04-29 04:30:00,0.2459797382314918
2022-04-29 04:35:00,0.2509065997361646
2022-04-29 04:40:00,0.2559263720181654
2022-04-29 04:45:00,0.2610406962780844
2022-04-29 04:50:00,0.2662512407024712
2022-04-29 04:55:00,0.2715597008736485
2022-04-29 05:00:00,0.2769678001852059
2022-04-29 05:05:00,0.28247729026326424
2022-04-29 05:10:00,0.28808995139356447
2022-04-29 05:15:00,0.29380759295446357
2022-04-29 05:20:00,0.29963205385591574
2022-04-29 05:25:00,0.30556520298449774
2022-04-29 05:30:00,0.3116089396545664
2022-04-29 05:35:00,0.317765194065626
2022-04-29 05:40:00,0.3240359277659684
2022-04-29 05:45:00,0.3304231341226759
2022-04-29 05:50:00,0.3369288387980667
2022-04-29 05:55:00,0.34355510023265007
2022-04-29 06:00:00,0.3503040101346806
2022-04-29 06:05:00,0.3571776939763984
2022-04-29 06:10:00,0.36417831149702
2022-04-29 06:15:00,0.3713080572125766
2022-04-29 06:20:00,0.3785691609326852
2022-04-29 06:25:00,0.38596388828432115
2022-04-29 06:30:00,0.39349454124270167
2022-04-29 06:35:00,0.40116345866934183
2022-04-29 06:40:00,0.40897301685738663
2022-04-29 06:45:00,0.4169256300843106
2022-04-29 06:50:00,0.42502375117205576
2022-04-29 06:55:00,0.4332698720547138
2022-04-29 07:00:00,0.4416665243538476
2022-04-29 07:05:00,0.4502162799615244
2022-04-29 07:10:00,0.4589217516311697
2022-04-29 07:15:00,0.4677855935763417
2022-04-29 07:20:00,0.4768105020774986
2022-04-29 07:25:00,0.4859992160968736
2022-04-29 07:30:00,0.49535451790155866
2022-04-29 07:35:00,0.5048792336948732
2022-04-29 07:40:00,0.514576234256136
2022-04-29 07:45:00,0.5244484355889419
2022-04-29 07:50:00,0.5344987995780247
2022-04-29 07:55:00,0.5447303346548376
2022-04-29 08:00:00,0.5551460964719266
2022-04-29 08:05:00,0.565749188586217
2022-04-29 08:10:00,0.5765427631513271
2022-04-29 08:15:00,0.5875300216189894
2022-04-29 08:20:00,0.5987142154497076
2022-04-29 08:25:00,0.6100986468327665
2022-04-29 08:30:00,0.6216866694156732
2022-04-29 08:35:00,0.633481689043168
2022-04-29 08:40:00,0.6454871645059196
2022-04-29 08:45:00,0.6577066082989921
2022-04-29 08:50:00,0.6701435873902204
2022-04-29 08:55:00,0.6828017239986165
2022-04-29 09:00:00,0.6956846963828938
2022-04-29 09:05:00,0.7087962396402541
2022-04-29 09:10:00,0.7221401465155571
2022-04-29 09:15:00,0.7357202682209723
2022-04-29 09:20:00,0.7495405152662523
2022-04-29 09:25:00,0.7636048582997564
2022-04-29 09:30:00,0.7779173289603194
2022-04-29 09:35:00,0.79248202074014
2022-04-29 09:40:00,0.8073030898587602
2022-04-29 09:45:00,0.8223847561483049
2022-04-29 09:50:00,0.8377313039501062
2022-04-29 09:55:00,0.8533470830228191
2022-04-29 10:00:00,0.8692365094621823
2022-04-29 10:05:00,0.8854040666325685
2022-04-29 10:10:00,0.9018543061104218
2022-04-29 10:15:00,0.9185918486397485
2022-04-29 10:20:00,0.9356213850998064
2022-04-29 10:25:00,0.9529476774850933
2022-04-29 10:30:00,0.9705755598978082
2022-04-29 10:35:00,0.9885099395529293
2022-04-29 10:40:00,1.0067557977960235
2022-04-29 10:45:00,1.0253181911339564
2022-04-29 10:50:00,1.044202252278648
2022-04-29 10:55:00,1.0634131912040006
2022-04-29 11:00:00,1.0829562962161865
2022-04-29 11:05:00,1.1028369350374017
2022-04-29 11:10:00,1.1230605559032616
2022-04-29 11:15:00,1.1436326886740136
2022-04-29 11:20:00,1.1645589459596661
2022-04-29 11:25:00,1.1858450242592347
2022-04-29 11:30:00,1.207496705114271
2022-04-29 11:35:00,1.2295198562767822
2022-04-29 11:40:00,1.25192043289175
2022-04-29 11:45:00,1.274704478694412
2022-04-29 11:50:00,1.2978781272224287
2022-04-29 11:55:00,1.321447603043136
2022-04-29 12:00:00,1.3454192229960658
2022-04-29 12:05:00,1.3697993974508493
2022-04-29 12:10:00,1.394594631580719
2022-04-29 12:15:00,1.4198115266517857
2022-04-29 12:20:00,1.4454567813282146
2022-04-29 12:25:00,1.471537192993554
2022-04-29 12:30:00,1.4980596590883077
2022-04-29 12:35:00,1.5250311784639918
2022-04-29 12:40:00,1.5524588527538592
2022-04-29 12:45:00,1.580349887760418
2022-04-29 12:50:00,1.608711594859976
2022-04-29 12:55:00,1.6375513924244156
2022-04-29 13:00:00,1.6668768072603146
2022-04-29 13:05:00,1.6966954760656616
2022-04-29 13:10:00,1.7270151469043693
2022-04-29 13:15:00,1.757843680698711
2022-04-29 13:20:00,1.78918905273993
2022-04-29 13:25:00,1.8210593542172357
2022-04-29 13:30:00,1.853462793765313
2022-04-29 13:35:00,1.8864076990306038
2022-04-29 13:40:00,1.919902518256574
2022-04-29 13:45:00,1.953955821888095
2022-04-29 13:50:00,1.9885763041952587
2022-04-29 13:55:00,2.023772784916716
2022-04-29 14:00:00,2.059554210922827
2022-04-29 14:05:00,2.0959296578988447
2022-04-29 14:10:00,2.132908332048266
2022-04-29 14:15:00,2.1704995718166367
2022-04-29 14:20:00,2.208712849636043
2022-04-29 14:25:00,2.247557773690423
2022-04-29 14:30:00,2.287044089701995
2022-04-29 14:35:00,2.327181682739041
2022-04-29 14:40:00,2.367980579045181
2022-04-29 14:45:00,2.4094509478904484
2022-04-29 14:50:00,2.4516031034444064
2022-04-29 14:55:00,2.4944475066714498
2022-04-29 15:00:00,2.537994767248601
2022-04-29 15:05:00,2.5822556455060566
2022-04-29 15:10:00,2.6272410543906197
2022-04-29 15:15:00,2.672962061452404
2022-04-29 15:20:00,2.7194298908549075
2022-04-29 15:25:00,2.766655925408794
2022-04-29 15:30:00,2.8146517086296527
2022-04-29 15:35:00,2.863428946819871
2022-04-29 15:40:00,2.91299951117497
2022-04-29 15:45:00,2.9633754399146794
2022-04-29 15:50:00,3.014568940438888
2022-04-29 15:55:00,3.066592391508831
2022-04-29 16:00:00,3.1194583454537983
2022-04-29 16:05:00,3.173179530403502
2022-04-29 16:10:00,3.2277688525464736
2022-04-29 16:15:00,3.2832393984147914
2022-04-29 16:20:00,3.3396044371952636
2022-04-29 16:25:00,3.3968774230674654
2022-04-29 16:30:00,3.455071997568919
2022-04-29 16:35:00,3.514201991987554
2022-04-29 16:40:00,3.57428142978193
2022-04-29 16:45:00,3.6353245290293112
2022-04-29 16:50:00,3.697345704901989
2022-04-29 16:55:00,3.760359572172186
2022-04-29 17:00:00,3.8243809477456754
2022-04-29 17:05:00,3.889424853224531
2022-04-29 17:10:00,3.9555065174993436
2022-04-29 17:15:00,4.022641379371034
2022-04-29 17:20:00,4.0908450902027065
2022-04-29 17:25:00,4.160133516601864
2022-04-29 17:30:00,4.230522743133141
2022-04-29 17:35:00,4.302029075062003
2022-04-29 17:40:00,4.374669041129726
2022-04-29 17:45:00,4.44845939635985
2022-04-29 17:50:00,4.52341712489652
2022-04-29 17:55:00,4.599559442875088
2022-04-29 18:00:00,4.676903801325112
2022-04-29 18:05:00,4.755467889106327
2022-04-29 18:10:00,4.835269635877669
2022-04-29 18:15:00,4.916327215099848
2022-04-29 18:20:00,4.998659047071817
2022-04-29 18:25:00,5.082283802001322
2022-04-29 18:30:00,5.1672204031099875
2022-04-29 18:35:00,5.253488029773364
2022-04-29 18:40:00,5.341106120696045
2022-04-29 18:45:00,5.43009437712239
2022-04-29 18:50:00,5.520472766083245
2022-04-29 18:55:00,5.612261523678795
2022-04-29 19:00:00,5.70548115839809
2022-04-29 19:05:00,5.800152454475647
2022-04-29 19:10:00,5.896296475285263
2022-04-29 19:15:00,5.993934566771607
2022-04-29 19:20:00,6.093088360919971
2022-04-29 19:25:00,6.1937797792643465
2022-04-29 19:30:00,6.296031036434512
2022-04-29 19:35:00,6.399864643742189
2022-04-29 19:40:00,6.50530341280686
2022-04-29 19:45:00,6.612370459221676
2022-04-29 19:50:00,6.721089206259594
2022-04-29 19:55:00,6.831483388620354
2022-04-29 20:00:00,3.729957483812189
2022-04-29 20:05:00,3.792060601311438
2022-04-29 20:10:00,3.8551329055551555
2022-04-29 20:15:00,3.9191884861398902
2022-04-29 20:20:00,3.984241621989584
2022-04-29 20:25:00,4.050306783683528
2022-04-29 20:30:00,4.117398635810156
2022-04-29 20:35:00,4.185532039346868
2022-04-29 20:40:00,4.2547220540662565
2022-04-29 20:45:00,4.324983940968917
2022-04-29 20:50:00,4.396333164743107
2022-04-29 20:55:00,4.46878539625158
2022-04-29 21:00:00,4.5423565150457215
2022-04-29 21:05:00,4.617062611907416
2022-04-29 21:10:00,4.692919991418847
2022-04-29 21:15:00,4.769945174560414
2022-04-29 21:20:00,4.848154901337183
2022-04-29 21:25:00,4.9275661334341105
2022-04-29 21:30:00,5.008196056900191
2022-04-29 21:35:00,5.090062084861991
2022-04-29 21:40:00,5.17318186026678
2022-04-29 21:45:00,5.257573258655443
2022-04-29 21:50:00,5.343254390965634
2022-04-29 21:55:00,5.430243606365391
2022-04-29 22:00:00,5.5185594951173815
2022-04-29 22:05:00,5.608220891474313
2022-04-29 22:10:00,5.699246876605592
2022-04-29 22:15:00,5.791656781555641
2022-04-29 22:20:00,5.885470190234184
2022-04-29 22:25:00,5.980706942438673
2022-04-29 22:30:00,6.07738713690935
2022-04-29 22:35:00,6.1755311344171595
2022-04-29 22:40:00,6.275159560884734
2022-04-29 22:45:00,3.162673738134411
2022-04-29 22:50:00,0.0
2022-04-29 22:55:00,0.0
2022-04-29 23:00:00,0.0
2022-04-29 23:05:00,0.0
2022-04-29 23:10:00,0.0
2022-04-29 23:15:00,0.0
2022-04-29 23:20:00,0.0
2022-04-29 23:25:00,0.0
2022-04-29 23:30:00,0.0
2022-04-29 23:35:00,0.0
2022-04-29 23:40:00,0.0
2022-04-29 23:45:00,0.0
2022-04-29 23:50:00,0.0
2022-04-29 23:55:00,0.0
2022-04-30 00:00:00,0.0
2022-04-30 00:05:00,0.0
2022-04-30 00:10:00,0.0
2022-04-30 00:15:00,0.0
2022-04-30 00:20:00,0.0
2022-04-30 00:25:00,0.0
2022-04-30 00:30:00,0.0
2022-04-30 00:35:00,0.0
2022-04-30 00:40:00,0.0
2022-04-30 00:45:00,0.0
2022-04-30 00:50:00,0.0
2022-04-30 00:55:00,0.0
2022-04-30 01:00:00,0.0
2022-04-30 01:05:00,0.0
2022-04-30 01:10:00,0.0
2022-04-30 01:15:00,0.0
2022-04-30 01:20:00,0.0
2022-04-30 01:25:00,0.0
2022-04-30 01:30:00,0.0
2022-04-30 01:35:00,0.0
2022-04-30 01:40:00,0.0
2022-04-30 01:45:00,0.0
2022-04-30 01:50:00,0.0
2022-04-30 01:55:00,0.0
2022-04-30 02:00:00,0.0
2022-04-30 02:05:00,0.0
2022-04-30 02:10:00,0.0
2022-04-30 02:15:00,0.0
2022-04-30 02:20:00,0.0
2022-04-30 02:25:00,0.0
2022-04-30 02:30:00,0.0
2022-04-30 02:35:00,0.0
2022-04-30 02:40:00,0.0
2022-04-30 02:45:00,0.0
2022-04-30 02:50:00,0.0
2022-04-30 02:55:00,0.0
2022-04-30 03:00:00,0.0
2022-04-30 03:05:00,0.0
2022-04-30 03:10:00,0.0
2022-04-30 03:15:00,0.0
2022-04-30 03:20:00,0.0
2022-04-30 03:25:00,0.0
2022-04-30 03:30:00,0.0
2022-04-30 03:35:00,0.0
2022-04-30 03:40:00,0.0
2022-04-30 03:45:00,0.0
2022-04-30 03:50:00,0.0
2022-04-30 03:55:00,0.0
2022-04-30 04:00:00,0.0
2022-04-30 04:05:00,0.0
2022-04-30 04:10:00,0.0
2022-04-30 04:15:00,0.0
2022-04-30 04:20:00,0.0
2022-04-30 04:25:00,0.0
2022-04-30 04:30:00,0.0
2022-04-30 04:35:00,0.0
2022-04-30 04:40:00,0.0
2022-04-30 04:45:00,0.0
2022-04-30 04:50:00,0.0
2022-04-30 04:55:00,0.0
2022-04-30 05:00:00,0.0
2022-04-30 05:05:00,0.0
2022-04-30 05:10:00,0.0
2022-04-30 05:15:00,0.0
2022-04-30 05:20:00,0.0
2022-04-30 05:25:00,0.0
2022-04-30 05:30:00,0.0
2022-04-30 05:35:00,0.0
2022-04-30 05:40:00,0.0
2022-04-30 05:45:00,0.0
2022-04-30 05:50:00,0.0
2022-04-30 05:55:00,0.0
2022-04-30 06:00:00,0.0
2022-04-30 06:05:00,0.0
2022-04-30 06:10:00,0.0
2022-04-30 06:15:00,0.0
2022-04-30 06:20:00,0.0
2022-04-30 06:25:00,0.0
2022-04-30 06:30:00,0.0
2022-04-30 06:35:00,0.0
2022-04-30 06:40:00,0.0
2022-04-30 06:45:00,0.0
2022-04-30 06:50:00,0.0
2022-04-30 06:55:00,0.0
2022-04-30 07:00:00,0.0
2022-04-30 07:05:00,0.0
2022-04-30 07:10:00,0.0
2022-04-30 07:15:00,0.0
2022-04-30 07:20:00,0.0
2022-04-30 07:25:00,0.0
2022-04-30 07:30:00,0.0
2022-04-30 07:35:00,0.0
2022-04-30 07:40:00,0.0
2022-04-30 07:45:00,0.0
2022-04-30 07:50:00,0.0
2022-04-30 07:55:00,0.0
2022-04-30 08:00:00,0.0
2022-04-30 08:05:00,0.0
2022-04-30 08:10:00,0.0
2022-04-30 08:15:00,0.0
2022-04-30 08:20:00,0.0
2022-04-30 08:25:00,0.0
2022-04-30 08:30:00,0.0
2022-04-30 08:35:00,0.0
2022-04-30 08:40:00,0.0
2022-04-30 08:45:00,0.0
2022-04-30 08:50:00,0.0
2022-04-30 08:55:00,0.0
2022-04-30 09:00:00,0.0
2022-04-30 09:05:00,0.0
2022-04-30 09:10:00,0.0
2022-04-30 09:15:00,0.0
2022-04-30 09:20:00,0.0
2022-04-30 09:25:00,0.0
2022-04-30 09:30:00,0.0
2022-04-30 09:35:00,0.0
2022-04-30 09:40:00,0.0
2022-04-30 09:45:00,0.0
2022-04-30 09:50:00,0.0
2022-04-30 09:55:00,0.0
2022-04-30 10:00:00,0.0
2022-04-30 10:05:00,0.0
2022-04-30 10:10:00,0.0
2022-04-30 10:15:00,0.0
2022-04-30 10:20:00,0.0
2022-04-30 10:25:00,0.0
2022-04-30 10:30:00,0.0
2022-04-30 10:35:00,0.0
2022-04-30 10:40:00,0.0
2022-04-30 10:45:00,0.0
2022-04-30 10:50:00,0.0
2022-04-30 10:55:00,0.0
2022-04-30 11:00:00,0.0
2022-04-30 11:05:00,1.6771207969689095e-75
2022-04-30 11:10:00,5.62447826429227e-68
2022-04-30 11:15:00,1.4174476632189813e-63
2022-04-30 11:20:00,1.878724063349104e-60
2022-04-30 11:25:00,4.958618884923182e-58
2022-04-30 11:30:00,4.715748598202891e-56
2022-04-30 11:35:00,2.217266910590249e-54
2022-04-30 11:40:00,6.225431614790801e-53
2022-04-30 11:45:00,1.1789656381914203e-51
2022-04-30 11:50:00,1.6365529290689923e-50
2022-04-30 11:55:00,1.766920481412219e-49
2022-04-30 12:00:00,1.5501824891315868e-48
2022-04-30 12:05:00,1.1425419391107192e-47
2022-04-30 12:10:00,7.25960540192692e-47
2022-04-30 12:15:00,4.058880568469469e-46
2022-04-30 12:20:00,2.03014642621506e-45
2022-04-30 12:25:00,9.207576429694427e-45
2022-04-30 12:30:00,3.829322119321924e-44
2022-04-30 12:35:00,1.4741088681826792e-43
2022-04-30 12:40:00,5.2943623994365804e-43
2022-04-30 12:45:00,1.7861377341595e-42
2022-04-30 12:50:00,5.693292167993191e-42
2022-04-30 12:55:00,1.7232636766700233e-41
2022-04-30 13:00:00,4.9749892900201e-41
2022-04-30 13:05:00,1.3751903774089928e-40
2022-04-30 13:10:00,3.6521140445933925e-40
2022-04-30 13:15:00,9.346511494026524e-40
2022-04-30 13:20:00,2.311256002821813e-39
2022-04-30 13:25:00,5.535874968075124e-39
2022-04-30 13:30:00,1.2870759234691795e-38
2022-04-30 13:35:00,2.91037668887815e-38
2022-04-30 13:40:00,6.411920272168036e-38
2022-04-30 13:45:00,1.3785319278015128e-37
2022-04-30 13:50:00,2.8964693681638764e-37
2022-04-30 13:55:00,5.955564398410027e-37
2022-04-30 14:00:00,1.1997986380679927e-36
2022-04-30 14:05:00,2.3708894276564585e-36
2022-04-30 14:10:00,4.600222946558495e-36
2022-04-30 14:15:00,8.772500508808777e-36
2022-04-30 14:20:00,1.6456059287299352e-35
2022-04-30 14:25:00,3.0390577598229003e-35
2022-04-30 14:30:00,5.529552429017606e-35
2022-04-30 14:35:00,9.91934652787603e-35
2022-04-30 14:40:00,1.7555021390912733e-34
2022-04-30 14:45:00,3.066965927600865e-34
2022-04-30 14:50:00,5.292397824973629e-34
2022-04-30 14:55:00,9.025321797021774e-34
2022-04-30 15:00:00,1.521793606929866e-33
2022-04-30 15:05:00,2.538250337746523e-33
2022-04-30 15:10:00,4.1897613561319184e-33
2022-04-30 15:15:00,6.846985978285134e-33
2022-04-30 15:20:00,1.1082395619881486e-32
2022-04-30 15:25:00,1.7772602113056232e-32
2022-04-30 15:30:00,2.8248911626010907e-32
2022-04-30 15:35:00,4.4517181809666786e-32
2022-04-30 15:40:00,6.957658113871241e-32
2022-04-30 15:45:00,1.0787854793680738e-31
2022-04-30 15:50:00,1.659832110028305e-31
2022-04-30 15:55:00,2.5349219430279997e-31
2022-04-30 16:00:00,3.84365954144845e-31
2022-04-30 16:05:00,5.787730197990322e-31
2022-04-30 16:10:00,8.656708747196036e-31
2022-04-30 16:15:00,1.2863877805172775e-30
2022-04-30 16:20:00,1.8995668118375886e-30
2022-04-30 16:25:00,2.7879543826714253e-30
2022-04-30 16:30:00,4.067674057158193e-30
2022-04-30 16:35:00,5.900833162151363e-30
2022-04-30 16:40:00,8.512578174443872e-30
2022-04-30 16:45:00,1.2214062042942907e-29
2022-04-30 16:50:00,1.7433233824698664e-29
2022-04-30 16:55:00,2.4755934855398402e-29
2022-04-30 17:00:00,3.498051922573318e-29
2022-04-30 17:05:00,4.919015062460752e-29
2022-04-30 17:10:00,6.884811335540606e-29
2022-04-30 17:15:00,9.592297502777997e-29
2022-04-30 17:20:00,1.330523288499322e-28
2022-04-30 17:25:00,1.8375621863468586e-28
2022-04-30 17:30:00,2.527143244417292e-28
2022-04-30 17:35:00,3.4612470109430723e-28
2022-04-30 17:40:00,4.721664855397562e-28
2022-04-30 17:45:00,6.415947279972873e-28
2022-04-30 17:50:00,8.685026047502797e-28
2022-04-30 17:55:00,1.1712950370335347e-27
2022-04-30 18:00:00,1.5739285311105167e-27
2022-04-30 18:05:00,2.1074853015671775e-27
2022-04-30 18:10:00,2.8121659602872092e-27
2022-04-30 18:15:00,3.7398048650259116e-27
2022-04-30 18:20:00,4.957036359570504e-27
2022-04-30 18:25:00,6.549269476550752e-27
2022-04-30 18:30:00,8.625664251202493e-27
2022-04-30 18:35:00,1.1325345837473341e-26
2022-04-30 18:40:00,1.4825144577071553e-26
2022-04-30 18:45:00,1.934921275724797e-26
2022-04-30 18:50:00,2.518094401626533e-26
2022-04-30 18:55:00,3.267771157971359e-26
2022-04-30 19:00:00,4.228904950635454e-26
2022-04-30 19:05:00,5.457903013083394e-26
2022-04-30 19:10:00,7.025374469925812e-26
2022-04-30 19:15:00,9.019497721829913e-26
2022-04-30 19:20:00,1.155013789200215e-25
2022-04-30 19:25:00,1.475387084578703e-25
2022-04-30 19:30:00,1.880010079270814e-25
2022-04-30 19:35:00,2.38984945076817e-25
2022-04-30 19:40:00,3.0307997694176386e-25
2022-04-30 19:45:00,3.8347749029724456e-25
2022-04-30 19:50:00,4.841026622072352e-25
2022-04-30 19:55:00,6.097734737369542e-25
2022-04-30 20:00:00,7.6639211802387655e-25
2022-04-30 20:05:00,9.61174989154423e-25
2022-04-30 20:10:00,1.2029285422484283e-24
2022-04-30 20:15:00,1.5023796025091325e-24
2022-04-30 20:20:00,1.8725701999984862e-24
2022-04-30 20:25:00,2.329328749804476e-24
2022-04-30 20:30:00,2.8918314208725797e-24
2022-04-30 20:35:00,3.5832698829919464e-24
2022-04-30 20:40:00,4.431644337947152e-24
2022-04-30 20:45:00,5.47070388185978e-24
2022-04-30 20:50:00,6.7410598727598e-24
2022-04-30 20:55:00,8.291502160177161e-24
2022-04-30 21:00:00,1.0180552850991263e-23
2022-04-30 21:05:00,1.2478297827235661e-23
2022-04-30 21:10:00,1.5268542597941017e-23
2022-04-30 21:15:00,1.8651346372296832e-23
2022-04-30 21:20:00,2.274599661382596e-23
2022-04-30 21:25:00,2.769449591949199e-23
2022-04-30 21:30:00,3.366564402638219e-23
2022-04-30 21:35:00,4.08598102646649e-23
2022-04-30 21:40:00,4.9514506054176345e-23
2022-04-30 21:45:00,5.991088331350591e-23
2022-04-30 21:50:00,7.238130317280552e-23
2022-04-30 21:55:00,8.731814044357642e-23
2022-04-30 22:00:00,1.0518401322340718e-22
2022-04-30 22:05:00,1.2652365416196232e-22
2022-04-30 22:10:00,1.5197767068942055e-22
2022-04-30 22:15:00,1.822984763593777e-22
2022-04-30 22:20:00,2.183687148858089e-22
2022-04-30 22:25:00,2.6122254301556415e-22
2022-04-30 22:30:00,3.120701886943305e-22
2022-04-30 22:35:00,3.7232625774439125e-22
2022-04-30 22:40:00,4.436423262425631e-22
2022-04-30 22:45:00,5.27944427815808e-22
2022-04-30 22:50:00,6.2747612610228195e-22
2022-04-30 22:55:00,7.448479537004535e-22
2022-04-30 23:00:00,8.830941012035173e-22
2022-04-30 23:05:00,1.0457373546686187e-21
2022-04-30 23:10:00,1.2368634085123232e-21
2022-04-30 23:15:00,1.4612058249154471e-21
2022-04-30 23:20:00,1.7242430720829452e-21
2022-04-30 23:25:00,2.032309254036627e-21
2022-04-30 23:30:00,2.3927203461117487e-21
2022-04-30 23:35:00,2.813917975287467e-21
2022-04-30 23:40:00,3.3056330354400527e-21
2022-04-30 23:45:00,3.879071707355565e-21
2022-04-30 23:50:00,4.547126764938607e-21
2022-04-30 23:55:00,5.324617395870326e-21
2022-05-01 00:00:00,6.2285611506956566e-21
2022-05-01 00:05:00,7.278482063004872e-21
2022-05-01 00:10:00,8.496759459458337e-21
2022-05-01 00:15:00,9.909022506746457e-21
2022-05-01 00:20:00,1.1544596128501986e-20
2022-05-01 00:25:00,1.3437004574509108e-20
2022-05-01 00:30:00,1.5624539643651663e-20
2022-05-01 00:35:00,1.8150901357860313e-20
2022-05-01 00:40:00,2.1065919764454402e-20
2022-05-01 00:45:00,2.4426367517012773e-20
2022-05-01 00:50:00,2.8296873959286004e-20
2022-05-01 00:55:00,3.2750952622538867e-20
2022-05-01 01:00:00,3.78721553548087e-20
2022-05-01 01:05:00,4.375536774257941e-20
2022-05-01 01:10:00,5.0508262074010886e-20
2022-05-01 01:15:00,5.825292584196477e-20
2022-05-01 01:20:00,6.712768570965466e-20
2022-05-01 01:25:00,7.728914897817201e-20
2022-05-01 01:30:00,8.89144869211047e-20
2022-05-01 01:35:00,1.0220398690624713e-19
2022-05-01 01:40:00,1.173839030288581e-19
2022-05-01 01:45:00,1.3470963805768308e-19
2022-05-01 01:50:00,1.544692928685745e-19
2022-05-01 01:55:00,1.7698762323752956e-19
2022-05-01 02:00:00,2.026304479141191e-19
2022-05-01 02:05:00,2.318095563286811e-19
2022-05-01 02:10:00,2.6498816913595607e-19
2022-05-01 02:15:00,3.0268701010039103e-19
2022-05-01 02:20:00,3.4549105362347925e-19
2022-05-01 02:25:00,3.9405701854357066e-19
2022-05-01 02:30:00,4.491216857494828e-19
2022-05-01 02:35:00,5.115111246902948e-19
2022-05-01 02:40:00,5.821509220882722e-19
2022-05-01 02:45:00,6.620775151272879e-19
2022-05-01 02:50:00,7.524507411574448e-19
2022-05-01 02:55:00,8.545677265942824e-19
2022-05-01 03:00:00,9.69878249269935e-19
2022-05-01 03:05:00,1.100001721091015e-18
2022-05-01 03:10:00,1.2467459515568046e-18
2022-05-01 03:15:00,1.4121278675810968e-18
2022-05-01 03:20:00,1.5983963812373117e-18
2022-05-01 03:25:00,1.8080576146127978e-18
2022-05-01 03:30:00,2.0439027100249352e-18
2022-05-01 03:35:00,2.309038474537809e-18
2022-05-01 03:40:00,2.6069211301509923e-18
2022-05-01 03:45:00,2.9413934653487436e-18
2022-05-01 03:50:00,3.3167257100443523e-18
2022-05-01 03:55:00,3.737660484488475e-18
2022-05-01 04:00:00,4.209462203599928e-18
2022-05-01 04:05:00,4.737971351602534e-18
2022-05-01 04:10:00,5.32966407800628e-18
2022-05-01 04:15:00,5.9917176050600564e-18
2022-05-01 04:20:00,6.732081979049005e-18
2022-05-01 04:25:00,7.559558743447312e-18
2022-05-01 04:30:00,8.483887161219858e-18
2022-05-01 04:35:00,9.51583866676263e-18
2022-05-01 04:40:00,1.0667320285372084e-17
2022-05-01 04:45:00,1.1951487820042437e-17
2022-05-01 04:50:00,1.3382869672138514e-17
2022-05-01 04:55:00,1.497750223442897e-17
2022-05-01 05:00:00,1.6753077872463756e-17
2022-05-01 05:05:00,1.8729106593741864e-17
2022-05-01 05:10:00,2.0927092593961258e-17
2022-05-01 05:15:00,2.3370726966329163e-17
2022-05-01 05:20:00,2.608609796391726e-17
2022-05-01 05:25:00,2.9101920316887805e-17
2022-05-01 05:30:00,3.2449785226637234e-17
2022-05-01 05:35:00,3.616443278809138e-17
2022-05-01 05:40:00,4.0284048730150524e-17
2022-05-01 05:45:00,4.4850587513290423e-17
2022-05-01 05:50:00,4.991012398327317e-17
2022-05-01 05:55:00,5.551323595154885e-17
2022-05-01 06:00:00,6.171542025703875e-17
2022-05-01 06:05:00,6.857754506140472e-17
2022-05-01 06:10:00,7.616634134153652e-17
2022-05-01 06:15:00,8.455493676976363e-17
2022-05-01 06:20:00,9.382343541523292e-17
2022-05-01 06:25:00,1.0405954696004441e-16
2022-05-01 06:30:00,1.1535926940225278e-16
2022-05-01 06:35:00,1.278276295158964e-16
2022-05-01 06:40:00,1.4157948565710047e-16
2022-05-01 06:45:00,1.5674039784635395e-16
2022-05-01 06:50:00,1.7344757042170905e-16
2022-05-01 06:55:00,1.9185087294739984e-16
2022-05-01 07:00:00,2.1211394547885468e-16
2022-05-01 07:05:00,2.344153947299274e-16
2022-05-01 07:10:00,2.5895008816323957e-16
2022-05-01 07:15:00,2.8593055353168067e-16
2022-05-01 07:20:00,3.155884919403472e-16
2022-05-01 07:25:00,3.481764130756933e-16
2022-05-01 07:30:00,3.83969401864578e-16
2022-05-01 07:35:00,4.2326702648266665e-16
2022-05-01 07:40:00,4.663953983317499e-16
2022-05-01 07:45:00,5.137093953516359e-16
2022-05-01 07:50:00,5.655950608271157e-16
2022-05-01 07:55:00,6.224721906971494e-16
2022-05-01 08:00:00,6.847971232748105e-16
2022-05-01 08:05:00,7.530657462461559e-16
2022-05-01 08:10:00,8.278167368372976e-16
2022-05-01 08:15:00,9.096350521255136e-16
2022-05-01 08:20:00,9.991556876256048e-16
2022-05-01 08:25:00,1.0970677235116722e-15
2022-05-01 08:30:00,1.2041186791404841e-15
2022-05-01 08:35:00,1.3211191979309289e-15
2022-05-01 08:40:00,1.448948086129049e-15
2022-05-01 08:45:00,1.588557730554634e-15
2022-05-01 08:50:00,1.7409799220894592e-15
2022-05-01 08:55:00,1.9073321134332558e-15
2022-05-01 09:00:00,2.0888241415285406e-15
2022-05-01 09:05:00,2.2867654470448777e-15
2022-05-01 09:10:00,2.502572825423353e-15
2022-05-01 09:15:00,2.7377787462209432e-15
2022-05-01 09:20:00,2.994040279867419e-15
2022-05-01 09:25:00,3.2731486734638427e-15
2022-05-01 09:30:00,3.577039619918384e-15
2022-05-01 09:35:00,3.907804267540117e-15
2022-05-01 09:40:00,4.267701020205375e-15
2022-05-01 09:45:00,4.659168181379999e-15
2022-05-01 09:50:00,5.084837498638251e-15
2022-05-01 09:55:00,5.547548668870924e-15
2022-05-01 10:00:00,6.050364868135852e-15
2022-05-01 10:05:00,6.5965893740825945e-15
2022-05-01 10:10:00,7.189783353090609e-15
2022-05-01 10:15:00,7.833784888712645e-15
2022-05-01 10:20:00,8.532729332719748e-15
2022-05-01 10:25:00,9.291071065020196e-15
2022-05-01 10:30:00,1.0113606753983007e-14
2022-05-01 10:35:00,1.1005500214251053e-14
2022-05-01 10:40:00,1.197230896500044e-14
2022-05-01 10:45:00,1.302001259779983e-14
2022-05-01 10:50:00,1.4155043069770655e-14
2022-05-01 10:55:00,1.538431704466086e-14
2022-05-01 11:00:00,1.6715270411736852e-14
2022-05-01 11:05:00,1.8155895120099938e-14
2022-05-01 11:10:00,1.9714778474151887e-14
2022-05-01 11:15:00,2.1401145044503457e-14
2022-05-01 11:20:00,2.3224901357655987e-14
2022-05-01 11:25:00,2.5196683537309397e-14
2022-05-01 11:30:00,2.7327908080198705e-14
2022-05-01 11:35:00,2.963082595994048e-14
2022-05-01 11:40:00,3.211858026353183e-14
2022-05-01 11:45:00,3.480526757689056e-14
2022-05-01 11:50:00,3.7706003348207954e-14
2022-05-01 11:55:00,4.083699147092345e-14
2022-05-01 12:00:00,4.421559834185182e-14
2022-05-01 12:05:00,4.786043166445333e-14
2022-05-01 12:10:00,5.1791424282438447e-14
2022-05-01 12:15:00,5.60299233449097e-14
2022-05-01 12:20:00,6.059878512108552e-14
2022-05-01 12:25:00,6.55224758003561e-14
2022-05-01 12:30:00,7.082717863206657e-14
2022-05-01 12:35:00,7.654090777899931e-14
2022-05-01 12:40:00,8.269362927913294e-14
2022-05-01 12:45:00,8.93173895319077e-14
2022-05-01 12:50:00,9.644645174796644e-14
2022-05-01 12:55:00,1.0411744082526975e-13
2022-05-01 13:00:00,1.123694971395764e-13
2022-05-01 13:05:00,1.212444397636878e-13
2022-05-01 13:10:00,1.3078693965753868e-13
2022-05-01 13:15:00,1.410447034003222e-13
2022-05-01 13:20:00,1.5206866806638113e-13
2022-05-01 13:25:00,1.6391320787863395e-13
2022-05-01 13:30:00,1.7663635330697868e-13
2022-05-01 13:35:00,1.903000233143844e-13
2022-05-01 13:40:00,2.0497027149043386e-13
2022-05-01 13:45:00,2.2071754685092762e-13
2022-05-01 13:50:00,2.3761697012286866e-13
2022-05-01 13:55:00,2.557486263769067e-13
2022-05-01 14:00:00,2.751978749140551e-13
2022-05-01 14:05:00,2.9605567736046487e-13
2022-05-01 14:10:00,3.184189449732369e-13
2022-05-01 14:15:00,3.4239090621176373e-13
2022-05-01 14:20:00,3.680814956831623e-13
2022-05-01 14:25:00,3.956077656268662e-13
2022-05-01 14:30:00,4.250943211627425e-13
2022-05-01 14:35:00,4.566737805891446e-13
2022-05-01 14:40:00,4.904872620822303e-13
2022-05-01 14:45:00,5.266848982159605e-13
2022-05-01 14:50:00,5.654263797932818e-13
2022-05-01 14:55:00,6.068815305535916e-13
2022-05-01 15:00:00,6.512309143994308e-13
2022-05-01 15:05:00,6.986664768669632e-13
2022-05-01 15:10:00,7.493922226501011e-13
2022-05-01 15:15:00,8.036249310772727e-13
2022-05-01 15:20:00,8.615949115332427e-13
2022-05-01 15:25:00,9.235468009158103e-13
2022-05-01 15:30:00,9.89740405319248e-13
2022-05-01 15:35:00,1.06045158824296e-12
2022-05-01 15:40:00,1.1359732077350811e-12
2022-05-01 15:45:00,1.2166161049973324e-12
2022-05-01 15:50:00,1.3027101470988531e-12
2022-05-01 15:55:00,1.3946053265738674e-12
2022-05-01 16:00:00,1.4926729208107656e-12
2022-05-01 16:05:00,1.5973067142785285e-12
2022-05-01 16:10:00,1.7089242867814056e-12
2022-05-01 16:15:00,1.8279683710835064e-12
2022-05-01 16:20:00,1.9549082834028036e-12
2022-05-01 16:25:00,2.0902414304386695e-12
2022-05-01 16:30:00,2.2344948967685314e-12
2022-05-01 16:35:00,2.3882271166288334e-12
2022-05-01 16:40:00,2.5520296342819905e-12
2022-05-01 16:45:00,2.7265289573665194e-12
2022-05-01 16:50:00,2.912388507830488e-12
2022-05-01 16:55:00,3.110310675260846e-12
2022-05-01 17:00:00,3.321038977642384e-12
2022-05-01 17:05:00,3.5453603348103584e-12
2022-05-01 17:10:00,3.784107460101725e-12
2022-05-01 17:15:00,4.038161375959961e-12
2022-05-01 17:20:00,4.308454059509859e-12
2022-05-01 17:25:00,4.595971224390948e-12
2022-05-01 17:30:00,4.901755245421034e-12
2022-05-01 17:35:00,5.226908232957622e-12
2022-05-01 17:40:00,5.5725952641316614e-12
2022-05-01 17:45:00,5.940047778449052e-12
2022-05-01 17:50:00,6.330567145588943e-12
2022-05-01 17:55:00,6.7455284135746435e-12
2022-05-01 18:00:00,7.186384245855625e-12
2022-05-01 18:05:00,7.65466905621432e-12
2022-05-01 18:10:00,8.152003350804566e-12
2022-05-01 18:15:00,8.680098287035082e-12
2022-05-01 18:20:00,9.240760459436437e-12
2022-05-01 18:25:00,9.835896923091516e-12
2022-05-01 18:30:00,1.0467520465667711e-11
2022-05-01 18:35:00,1.1137755139568456e-11
2022-05-01 18:40:00,1.184884206621678e-11
2022-05-01 18:45:00,1.2603145525001363e-11
2022-05-01 18:50:00,1.3403159339952922e-11
2022-05-01 18:55:00,1.4251513577775942e-11
2022-05-01 19:00:00,1.5150981571443488e-11
2022-05-01 19:05:00,1.610448728416429e-11
2022-05-01 19:10:00,1.7115113029159833e-11
2022-05-01 19:15:00,1.8186107561341232e-11
2022-05-01 19:20:00,1.932089455765116e-11
2022-05-01 19:25:00,2.0523081503542545e-11
2022-05-01 19:30:00,2.1796469003794024e-11
2022-05-01 19:35:00,2.3145060536622892e-11
2022-05-01 19:40:00,2.4573072670845575e-11
2022-05-01 19:45:00,2.6084945766651655e-11
2022-05-01 19:50:00,2.768535518141208e-11
2022-05-01 19:55:00,2.937922300282013e-11
2022-05-01 20:00:00,3.117173033258522e-11
2022-05-01 20:05:00,3.306833014484638e-11
2022-05-01 20:10:00,3.507476074446229e-11
2022-05-01 20:15:00,3.7197059851359793e-11
2022-05-01 20:20:00,3.944157933818244e-11
2022-05-01 20:25:00,4.1815000649589245e-11
2022-05-01 20:30:00,4.432435093269263e-11
2022-05-01 20:35:00,4.697701990931518e-11
2022-05-01 20:40:00,4.978077752197677e-11
2022-05-01 20:45:00,5.274379238679527e-11
2022-05-01 20:50:00,5.5874651087816744e-11
2022-05-01 20:55:00,5.918237834865518e-11
2022-05-01 21:00:00,6.267645811875099e-11
2022-05-01 21:05:00,6.636685561303363e-11
2022-05-01 21:10:00,7.026404034529673e-11
2022-05-01 21:15:00,7.437901019718969e-11
2022-05-01 21:20:00,7.872331656636121e-11
2022-05-01 21:25:00,8.330909063900444e-11
2022-05-01 21:30:00,8.814907083380671e-11
2022-05-01 21:35:00,9.325663146614057e-11
2022-05-01 21:40:00,9.864581268322792e-11
2022-05-01 21:45:00,1.0433135172295944e-10
2022-05-01 21:50:00,1.1032871555109817e-10
2022-05-01 21:55:00,1.166541349336836e-10
2022-05-01 22:00:00,1.2332464000364023e-10
2022-05-01 22:05:00,1.3035809738285053e-10
2022-05-01 22:10:00,1.3777324892327467e-10
2022-05-01 22:15:00,1.4558975213313567e-10
2022-05-01 22:20:00,1.538282223566692e-10
2022-05-01 22:25:00,1.6251027677853952e-10
2022-05-01 22:30:00,1.716585803267049e-10
2022-05-01 22:35:00,1.8129689355026993e-10
2022-05-01 22:40:00,1.9145012255175806e-10
2022-05-01 22:45:00,2.0214437105617852e-10
2022-05-01 22:50:00,2.1340699470235024e-10
2022-05-01 22:55:00,2.2526665764512e-10
2022-05-01 23:00:00,2.3775339156038026e-10
2022-05-01 23:05:00,2.508986571482177e-10
2022-05-01 23:10:00,2.6473540823300266e-10
2022-05-01 23:15:00,2.792981585628986e-10
2022-05-01 23:20:00,2.946230514149928e-10
2022-05-01 23:25:00,3.1074793211615064e-10
2022-05-01 23:30:00,3.277124235937186e-10
2022-05-01 23:35:00,3.4555800507431277e-10
2022-05-01 23:40:00,3.643280940532699e-10
2022-05-01 23:45:00,3.840681316617184e-10
2022-05-01 23:50:00,4.0482567156283605e-10
2022-05-01 23:55:00,4.2665047251359674e-10
2022-05-02 00:00:00,4.49594594733157e-10
2022-05-02 00:05:00,4.737125002241441e-10
2022-05-02 00:10:00,4.990611571982616e-10
2022-05-02 00:15:00,5.257001487630553e-10
2022-05-02 00:20:00,5.536917860322497e-10
2022-05-02 00:25:00,5.831012258277681e-10
2022-05-02 00:30:00,6.1399659314755e-10
2022-05-02 00:35:00,6.46449108579342e-10
2022-05-02 00:40:00,6.805332208469985e-10
2022-05-02 00:45:00,7.163267446823797e-10
2022-05-02 00:50:00,7.539110042226001e-10
2022-05-02 00:55:00,7.933709821394482e-10
2022-05-02 01:00:00,8.347954747148564e-10
2022-05-02 01:05:00,8.782772530838397e-10
2022-05-02 01:10:00,9.239132308738527e-10
2022-05-02 01:15:00,9.718046384774793e-10
2022-05-02 01:20:00,1.0220572042035115e-09
2022-05-02 01:25:00,1.0747813425598012e-09
2022-05-02 01:30:00,1.1300923499300508e-09
2022-05-02 01:35:00,1.1881106079155253e-09
2022-05-02 01:40:00,1.2489617946219586e-09
2022-05-02 01:45:00,1.3127771041814652e-09
2022-05-02 01:50:00,1.379693474808931e-09
2022-05-02 01:55:00,1.4498538257026795e-09
2022-05-02 02:00:00,1.5234073031094137e-09
2022-05-02 02:05:00,1.6005095358843353e-09
2022-05-02 02:10:00,1.681322900888402e-09
2022-05-02 02:15:00,1.766016798575979e-09
2022-05-02 02:20:00,1.8547679391381412e-09
2022-05-02 02:25:00,1.9477606395787337e-09
2022-05-02 02:30:00,2.0451871321131117e-09
2022-05-02 02:35:00,2.1472478842920794e-09
2022-05-02 02:40:00,2.254151931266997e-09
2022-05-02 02:45:00,2.3661172206257432e-09
2022-05-02 02:50:00,2.4833709702430673e-09
2022-05-02 02:55:00,2.606150039603754e-09
2022-05-02 03:00:00,2.734701315071624e-09
2022-05-02 03:05:00,2.869282109593021e-09
2022-05-02 03:10:00,3.010160577339312e-09
2022-05-02 03:15:00,3.1576161438090425e-09
2022-05-02 03:20:00,3.311939951927579e-09
2022-05-02 03:25:00,3.4734353246990354e-09
2022-05-02 03:30:00,3.642418244983342e-09
2022-05-02 03:35:00,3.81921785298975e-09
2022-05-02 03:40:00,4.0041769620966355e-09
2022-05-02 03:45:00,4.1976525936274335e-09
2022-05-02 03:50:00,4.4000165312321016e-09
2022-05-02 03:55:00,4.611655895544394e-09
2022-05-02 04:00:00,4.832973739806593e-09
2022-05-02 04:05:00,5.064389667174658e-09
2022-05-02 04:10:00,5.3063404704400166e-09
2022-05-02 04:15:00,5.55928079492652e-09
2022-05-02 04:20:00,5.823683825345666e-09
2022-05-02 04:25:00,6.100041997417054e-09
2022-05-02 04:30:00,6.38886773508658e-09
2022-05-02 04:35:00,6.690694214200866e-09
2022-05-02 04:40:00,7.006076153522561e-09
2022-05-02 04:45:00,7.3355906339994265e-09
2022-05-02 04:50:00,7.679837947227349e-09
2022-05-02 04:55:00,8.039442474077153e-09
2022-05-02 05:00:00,8.415053594484644e-09
2022-05-02 05:05:00,8.807346629434112e-09
2022-05-02 05:10:00,9.217023816196367e-09
2022-05-02 05:15:00,9.644815317916124e-09
2022-05-02 05:20:00,1.0091480268675817e-08
2022-05-02 05:25:00,1.0557807855196956e-08
2022-05-02 05:30:00,1.104461843637681e-08
2022-05-02 05:35:00,1.155276470189269e-08
2022-05-02 05:40:00,1.2083132871144664e-08
2022-05-02 05:45:00,1.2636643933844311e-08
2022-05-02 05:50:00,1.3214254933598278e-08
2022-05-02 05:55:00,1.3816960295874334e-08
2022-05-02 06:00:00,1.4445793201778868e-08
2022-05-02 06:05:00,1.5101827009119183e-08
2022-05-02 06:10:00,1.578617672226607e-08
2022-05-02 06:15:00,1.650000051237687e-08
2022-05-02 06:20:00,1.7244501289587617e-08
2022-05-02 06:25:00,1.8020928328827683e-08
2022-05-02 06:30:00,1.8830578950961196e-08
2022-05-02 06:35:00,1.9674800261007345e-08
2022-05-02 06:40:00,2.055499094524593e-08
2022-05-02 06:45:00,2.1472603129065093e-08
2022-05-02 06:50:00,2.2429144297462124e-08
2022-05-02 06:55:00,2.3426179280166598e-08
2022-05-02 07:00:00,2.4465332303408927e-08
2022-05-02 07:05:00,2.554828911041882e-08
2022-05-02 07:10:00,2.6676799152795416e-08
2022-05-02 07:15:00,2.7852677854956435e-08
2022-05-02 07:20:00,2.9077808953934318e-08
2022-05-02 07:25:00,3.03541469168518e-08
2022-05-02 07:30:00,3.16837194384802e-08
2022-05-02 07:35:00,3.306863002134857e-08
2022-05-02 07:40:00,3.4511060640941946e-08
2022-05-02 07:45:00,3.6013274498603676e-08
2022-05-02 07:50:00,3.7577618864825183e-08
2022-05-02 07:55:00,3.9206528015687636e-08
2022-05-02 08:00:00,4.090252626529247e-08
2022-05-02 08:05:00,4.266823109710454e-08
2022-05-02 08:10:00,4.4506356397208506e-08
2022-05-02 08:15:00,4.641971579256316e-08
2022-05-02 08:20:00,4.841122609743029e-08
2022-05-02 08:25:00,5.048391087123628e-08
2022-05-02 08:30:00,5.2640904091221475e-08
2022-05-02 08:35:00,5.488545394331892e-08
2022-05-02 08:40:00,5.7220926734808126e-08
2022-05-02 08:45:00,5.965081093238079e-08
2022-05-02 08:50:00,6.217872132935556e-08
2022-05-02 08:55:00,6.480840334588887e-08
2022-05-02 09:00:00,6.754373746612779e-08
2022-05-02 09:05:00,7.038874381635875e-08
2022-05-02 09:10:00,7.334758688832422e-08
2022-05-02 09:15:00,7.642458041198469e-08
2022-05-02 09:20:00,7.962419238212636e-08
2022-05-02 09:25:00,8.295105024332736e-08
2022-05-02 09:30:00,8.640994623792714e-08
2022-05-02 09:35:00,9.000584292176299e-08
2022-05-02 09:40:00,9.374387885256228e-08
2022-05-02 09:45:00,9.762937445602339e-08
2022-05-02 09:50:00,1.0166783807474316e-07
2022-05-02 09:55:00,1.0586497220528473e-07
2022-05-02 10:00:00,1.1022667992883495e-07
2022-05-02 10:05:00,1.147590715410312e-07
2022-05-02 10:10:00,1.1946847138669585e-07
2022-05-02 10:15:00,1.2436142490535976e-07
2022-05-02 10:20:00,1.2944470589362526e-07
2022-05-02 10:25:00,1.3472532399056937e-07
2022-05-02 10:30:00,1.4021053239254663e-07
2022-05-02 10:35:00,1.4590783580393837e-07
2022-05-02 10:40:00,1.5182499863054458e-07
2022-05-02 10:45:00,1.5797005342250754e-07
2022-05-02 10:50:00,1.6435130957381971e-07
2022-05-02 10:55:00,1.709773622856737e-07
2022-05-02 11:00:00,1.7785710180108485e-07
2022-05-02 11:05:00,1.8499972291840728e-07
2022-05-02 11:10:00,1.924147347915838e-07
2022-05-02 11:15:00,2.0011197102515096e-07
2022-05-02 11:20:00,2.0810160007222917e-07
2022-05-02 11:25:00,2.1639413594396135e-07
2022-05-02 11:30:00,2.2500044923905192e-07
2022-05-02 11:35:00,2.33931778502306e-07
2022-05-02 11:40:00,2.431997419212682e-07
2022-05-02 11:45:00,2.5281634937032773e-07
2022-05-02 11:50:00,2.62794014811869e-07
2022-05-02 11:55:00,2.731455690642872e-07
2022-05-02 12:00:00,2.8388427294696977e-07
2022-05-02 12:05:00,2.9502383081256143e-07
2022-05-02 12:10:00,3.0657840447712383e-07
2022-05-02 12:15:00,3.185626275590323e-07
2022-05-02 12:20:00,3.309916202377718e-07
2022-05-02 12:25:00,3.438810044440376e-07
2022-05-02 12:30:00,3.572469194928292e-07
2022-05-02 12:35:00,3.711060381715602e-07
2022-05-02 12:40:00,3.854755832954632e-07
2022-05-02 12:45:00,4.0037334474287954e-07
2022-05-02 12:50:00,4.1581769698337416e-07
2022-05-02 12:55:00,4.31827617111885e-07
2022-05-02 13:00:00,4.484227034024886e-07
2022-05-02 13:05:00,4.656231943956482e-07
2022-05-02 13:10:00,4.834499885332169e-07
2022-05-02 13:15:00,5.019246643557695e-07
2022-05-02 13:20:00,5.210695012771866e-07
2022-05-02 13:25:00,5.40907500951845e-07
2022-05-02 13:30:00,5.614624092500643e-07
2022-05-02 13:35:00,5.827587388579044e-07
2022-05-02 13:40:00,6.048217925177367e-07
2022-05-02 13:45:00,6.276776869264873e-07
2022-05-02 13:50:00,6.513533773088042e-07
2022-05-02 13:55:00,6.758766826828039e-07
2022-05-02 14:00:00,7.012763118365532e-07
2022-05-02 14:05:00,7.275818900338131e-07
2022-05-02 14:10:00,7.548239864680068e-07
2022-05-02 14:15:00,7.830341424839137e-07
2022-05-02 14:20:00,8.122449005869533e-07
2022-05-02 14:25:00,8.424898342604841e-07
2022-05-02 14:30:00,8.738035786119387e-07
2022-05-02 14:35:00,9.062218618692194e-07
2022-05-02 14:40:00,9.39781537749209e-07
2022-05-02 14:45:00,9.745206187207543e-07
2022-05-02 14:50:00,1.010478310185106e-06
2022-05-02 14:55:00,1.0476950455972258e-06
2022-05-02 15:00:00,1.0862125225520217e-06
2022-05-02 15:05:00,1.1260737398600165e-06
2022-05-02 15:10:00,1.1673230356376871e-06
2022-05-02 15:15:00,1.2100061264381787e-06
2022-05-02 15:20:00,1.2541701474486941e-06
2022-05-02 15:25:00,1.2998636937815939e-06
2022-05-02 15:30:00,1.3471368628867477e-06
2022-05-02 15:35:00,1.396041298113315e-06
2022-05-02 15:40:00,1.446630233449923e-06
2022-05-02 15:45:00,1.4989585394727016e-06
2022-05-02 15:50:00,1.5530827705314539e-06
2022-05-02 15:55:00,1.609061213204803e-06
2022-05-02 16:00:00,1.666953936056034e-06
2022-05-02 16:05:00,1.7268228407219425e-06
2022-05-02 16:10:00,1.7887317143677129e-06
2022-05-02 16:15:00,1.8527462835417906e-06
2022-05-02 16:20:00,1.918934269465304e-06
2022-05-02 16:25:00,1.9873654447913776e-06
2022-05-02 16:30:00,2.0581116918706592e-06
2022-05-02 16:35:00,2.1312470625599958e-06
2022-05-02 16:40:00,2.206847839612178e-06
2022-05-02 16:45:00,2.2849925996853615e-06
2022-05-02 16:50:00,2.3657622780118843e-06
2022-05-02 16:55:00,2.4492402347668975e-06
2022-05-02 17:00:00,2.5355123231780802e-06
2022-05-02 17:05:00,2.624666959418945e-06
2022-05-02 17:10:00,2.716795194328794e-06
2022-05-02 17:15:00,2.8119907870036876e-06
2022-05-02 17:20:00,2.9103502803034315e-06
2022-05-02 17:25:00,3.011973078320979e-06
2022-05-02 17:30:00,3.1169615258613733e-06
2022-05-02 17:35:00,3.2254209899783848e-06
2022-05-02 17:40:00,3.3374599436183653e-06
2022-05-02 17:45:00,3.453190051421633e-06
2022-05-02 17:50:00,3.572726257732788e-06
2022-05-02 17:55:00,3.6961868768728303e-06
2022-05-02 18:00:00,3.823693685726677e-06
2022-05-02 18:05:00,3.955372018701211e-06
2022-05-02 18:10:00,4.091350865109795e-06
2022-05-02 18:15:00,4.23176296904091e-06
2022-05-02 18:20:00,4.3767449317694265e-06
2022-05-02 18:25:00,4.526437316770263e-06
2022-05-02 18:30:00,4.680984757395917e-06
2022-05-02 18:35:00,4.840536067280153e-06
2022-05-02 18:40:00,5.005244353531882e-06
2022-05-02 18:45:00,5.1752671327841924e-06
2022-05-02 18:50:00,5.3507664501655184e-06
2022-05-02 18:55:00,5.531909001260814e-06
2022-05-02 19:00:00,5.718866257132092e-06
2022-05-02 19:05:00,5.9118145924696614e-06
2022-05-02 19:10:00,6.110935416946389e-06
2022-05-02 19:15:00,6.31641530984883e-06
2022-05-02 19:20:00,6.5284461580612515e-06
2022-05-02 19:25:00,6.747225297479412e-06
2022-05-02 19:30:00,6.9729556579331995e-06
2022-05-02 19:35:00,7.205845911698245e-06
2022-05-02 19:40:00,7.446110625679177e-06
2022-05-02 19:45:00,7.693970417348206e-06
2022-05-02 19:50:00,7.94965211452449e-06
2022-05-02 19:55:00,8.21338891908221e-06
2022-05-02 20:00:00,8.485420574676255e-06
2022-05-02 20:05:00,8.765993538577e-06
2022-05-02 20:10:00,9.055361157706713e-06
2022-05-02 20:15:00,9.353783848973175e-06
2022-05-02 20:20:00,9.661529283997164e-06
2022-05-02 20:25:00,9.97887257833244e-06
2022-05-02 20:30:00,1.0306096485279807e-05
2022-05-02 20:35:00,1.0643491594398069e-05
2022-05-02 20:40:00,1.0991356534816633e-05
2022-05-02 20:45:00,1.1349998183457849e-05
2022-05-02 20:50:00,1.171973187827803e-05
2022-05-02 20:55:00,1.210088163663935e-05
2022-05-02 21:00:00,1.2493780378926036e-05
2022-05-02 21:05:00,1.2898770157521986e-05
2022-05-02 21:10:00,1.3316202391268205e-05
2022-05-02 21:15:00,1.3746438105520762e-05
2022-05-02 21:20:00,1.4189848177933659e-05
2022-05-02 21:25:00,1.4646813590092308e-05
2022-05-02 21:30:00,1.5117725685125802e-05
2022-05-02 21:35:00,1.5602986431430094e-05
2022-05-02 21:40:00,1.6103008692635094e-05
2022-05-02 21:45:00,1.6618216503952982e-05
2022-05-02 21:50:00,1.714904535504596e-05
2022-05-02 21:55:00,1.7695942479556525e-05
2022-05-02 22:00:00,1.8259367151444856e-05
2022-05-02 22:05:00,1.8839790988280216e-05
2022-05-02 22:10:00,1.9437698261638397e-05
2022-05-02 22:15:00,2.0053586214757806e-05
2022-05-02 22:20:00,2.0687965387611692e-05
2022-05-02 22:25:00,2.1341359949555247e-05
2022-05-02 22:30:00,2.2014308039711756e-05
2022-05-02 22:35:00,2.270736211526342e-05
2022-05-02 22:40:00,2.3421089307815468e-05
2022-05-02 22:45:00,2.4156071788007824e-05
2022-05-02 22:50:00,2.4912907138549463e-05
2022-05-02 22:55:00,2.5692208735854635e-05
2022-05-02 23:00:00,2.6494606140465115e-05
2022-05-02 23:05:00,2.732074549644413e-05
2022-05-02 23:10:00,2.8171289939933013e-05
2022-05-02 23:15:00,2.9046920017063044e-05
2022-05-02 23:20:00,2.9948334111421894e-05
2022-05-02 23:25:00,3.0876248881275425e-05
2022-05-02 23:30:00,3.183139970674905e-05
2022-05-02 23:35:00,3.2814541147180067e-05
2022-05-02 23:40:00,3.382644740885246e-05
2022-05-02 23:45:00,3.486791282333304e-05
2022-05-02 23:50:00,3.5939752336628545e-05
2022-05-02 23:55:00,3.704280200939149e-05
2022-05-03 00:00:00,3.8177919528404283e-05
2022-05-03 00:05:00,3.934598472957441e-05
2022-05-03 00:10:00,4.0547900132682194e-05
2022-05-03 00:15:00,4.1784591488123216e-05
2022-05-03 00:20:00,4.305700833589232e-05
2022-05-03 00:25:00,4.4366124577064486e-05
2022-05-03 00:30:00,4.571293905802766e-05
2022-05-03 00:35:00,4.7098476167731894e-05
2022-05-03 00:40:00,4.852378644821928e-05
2022-05-03 00:45:00,4.998994721870995e-05
2022-05-03 00:50:00,5.149806321352027e-05
2022-05-03 00:55:00,5.304926723409393e-05
2022-05-03 01:00:00,5.464472081543707e-05
2022-05-03 01:05:00,5.628561490724768e-05
2022-05-03 01:10:00,5.797317057004011e-05
2022-05-03 01:15:00,5.970863968656581e-05
2022-05-03 01:20:00,6.149330568884337e-05
2022-05-03 01:25:00,6.33284843011119e-05
2022-05-03 01:30:00,6.521552429902685e-05
2022-05-03 01:35:00,6.71558082854294e-05
2022-05-03 01:40:00,6.915075348302046e-05
2022-05-03 01:45:00,7.120181254427667e-05
2022-05-03 01:50:00,7.331047437895817e-05
2022-05-03 01:55:00,7.547826499955597e-05
2022-05-03 02:00:00,7.770674838504047e-05
2022-05-03 02:05:00,7.999752736327113e-05
2022-05-03 02:10:00,8.23522445124443e-05
2022-05-03 02:15:00,8.477258308195407e-05
2022-05-03 02:20:00,8.726026793304942e-05
2022-05-03 02:25:00,8.981706649968359e-05
2022-05-03 02:30:00,9.244478976995295e-05
2022-05-03 02:35:00,9.514529328852815e-05
2022-05-03 02:40:00,9.792047818049678e-05
2022-05-03 02:45:00,0.00010077229219703369
2022-05-03 02:50:00,0.00010370273078333058
2022-05-03 02:55:00,0.00010671383816921633
2022-05-03 03:00:00,0.00010980770848291729
2022-05-03 03:05:00,0.00011298648688840674
2022-05-03 03:10:00,0.00011625237074679992
2022-05-03 03:15:00,0.0001196076108022691
2022-05-03 03:20:00,0.0001230545123929489
2022-05-03 03:25:00,0.00012659543668732114
2022-05-03 03:30:00,0.00013023280194656618
2022-05-03 03:35:00,0.00013396908481338923
2022-05-03 03:40:00,0.0001378068216278296
2022-05-03 03:45:00,0.00014174860977056827
2022-05-03 03:50:00,0.0
2022-05-03 03:55:00,0.0
2022-05-03 04:00:00,3.259986813903407e-10
2022-05-03 04:05:00,3.068022930337248e-09
2022-05-03 04:10:00,1.3259033627467803e-08
2022-05-03 04:15:00,3.7645122897490776e-08
2022-05-03 04:20:00,8.284090692670223e-08
2022-05-03 04:25:00,1.5486551655062374e-07
2022-05-03 04:30:00,2.593059250933438e-07
2022-05-03 04:35:00,4.0143621523154673e-07
2022-05-03 04:40:00,5.862819928762146e-07
2022-05-03 04:45:00,8.188246612101574e-07
2022-05-03 04:50:00,1.1059717845949028e-06
2022-05-03 04:55:00,1.4642312411421531e-06
2022-05-03 05:00:00,1.9302311917010455e-06
2022-05-03 05:05:00,2.5584482236709467e-06
2022-05-03 05:10:00,3.406337829829241e-06
2022-05-03 05:15:00,4.526841367451276e-06
2022-05-03 05:20:00,5.968975777844673e-06
2022-05-03 05:25:00,7.778954593682598e-06
2022-05-03 05:30:00,1.0006508776561846e-05
2022-05-03 05:35:00,1.2725620923972911e-05
2022-05-03 05:40:00,1.6038074333818263e-05
2022-05-03 05:45:00,2.0049708873367263e-05
2022-05-03 05:50:00,2.4861563270956636e-05
2022-05-03 05:55:00,3.05700673384794e-05
2022-05-03 06:00:00,3.726727558511973e-05
2022-05-03 06:05:00,4.504125007514189e-05
2022-05-03 06:10:00,5.3976876280936504e-05
2022-05-03 06:15:00,6.41569729685104e-05
2022-05-03 06:20:00,7.566273033035688e-05
2022-05-03 06:25:00,8.857289772167101e-05
2022-05-03 06:30:00,0.00010296394858802282
2022-05-03 06:35:00,0.00011891047611824998
2022-05-03 06:40:00,0.00013648566838199734
2022-05-03 06:45:00,0.0001557609229547324
2022-05-03 06:50:00,0.00017680608685154993
2022-05-03 06:55:00,0.00019968989051521562
2022-05-03 07:00:00,0.00022447952442716449
2022-05-03 07:05:00,0.0002512406848571153
2022-05-03 07:10:00,0.00028003767077951366
2022-05-03 07:15:00,0.00031093361766224145
2022-05-03 07:20:00,0.0003439913571044911
2022-05-03 07:25:00,0.00037927421362809934
2022-05-03 07:30:00,0.0004168454225907609
2022-05-03 07:35:00,0.00045676851614898946
2022-05-03 07:40:00,0.0004991100478675629
2022-05-03 07:45:00,0.0005439444015338365
2022-05-03 07:50:00,0.0005913557521639702
2022-05-03 07:55:00,0.000641434543560757
2022-05-03 08:00:00,0.0006942779236555982
2022-05-03 08:05:00,0.0007499952728191526
2022-05-03 08:10:00,0.0008087070536385774
2022-05-03 08:15:00,0.0008705364842552483
2022-05-03 08:20:00,0.0009356277285614838
2022-05-03 08:25:00,0.0010041666291195491
2022-05-03 08:30:00,0.0010763495495000215
2022-05-03 08:35:00,0.001152378903974996
2022-05-03 08:40:00,0.0012324611233731702
2022-05-03 08:45:00,0.001316795509240238
2022-05-03 08:50:00,0.001405573153029069
2022-05-03 08:55:00,0.0014989780584400965
2022-05-03 09:00:00,0.001597188173723206
2022-05-03 09:05:00,0.0017003792931170904
2022-05-03 09:10:00,0.0018087360073754987
2022-05-03 09:15:00,0.0019224576308766003
2022-05-03 09:20:00,0.002041737959080275
2022-05-03 09:25:00,0.0021667632160965586
2022-05-03 09:30:00,0.0022977136386504527
2022-05-03 09:35:00,0.002434764368817329
2022-05-03 09:40:00,0.0025780860009887705
2022-05-03 09:45:00,0.002727844969860609
2022-05-03 09:50:00,0.0028842038476690245
2022-05-03 09:55:00,0.0030473215831853424
2022-05-03 10:00:00,0.003217353700364912
2022-05-03 10:05:00,0.0033944524674975624
2022-05-03 10:10:00,0.003578767043910126
2022-05-03 10:15:00,0.003770443609052544
2022-05-03 10:20:00,0.003969625477418444
2022-05-03 10:25:00,0.004176453201848236
2022-05-03 10:30:00,0.00439106466714799
2022-05-03 10:35:00,0.004613595175524421
2022-05-03 10:40:00,0.004844177525022785
2022-05-03 10:45:00,0.005082942081921845
2022-05-03 10:50:00,0.0053300168478640116
2022-05-03 10:55:00,0.00558552752236286
2022-05-03 11:00:00,0.005849597561224031
2022-05-03 11:05:00,0.0061223482313309836
2022-05-03 11:10:00,0.0064038986621792904
2022-05-03 11:15:00,0.006694365894488005
2022-05-03 11:20:00,0.006993864926171372
2022-05-03 11:25:00,0.007302508755916698
2022-05-03 11:30:00,0.007620408424582908
2022-05-03 11:35:00,0.007947673054608041
2022-05-03 11:40:00,0.008284409887591621
2022-05-03 11:45:00,0.008630724320198933
2022-05-03 11:50:00,0.008986719938517882
2022-05-03 11:55:00,0.009352498550985222
2022-05-03 12:00:00,0.009728160219986712
2022-05-03 12:05:00,0.010113803292225276
2022-05-03 12:10:00,0.010509524427941985
2022-05-03 12:15:00,0.010915418629066656
2022-05-03 12:20:00,0.011331579266367672
2022-05-03 12:25:00,0.011758098105664408
2022-05-03 12:30:00,0.012195065333160022
2022-05-03 12:35:00,0.012642569579947473
2022-05-03 12:40:00,0.013100697945737117
2022-05-03 12:45:00,0.013569536021850372
2022-05-03 12:50:00,0.014049167913520335
2022-05-03 12:55:00,0.014539676261537014
2022-05-03 13:00:00,0.015041142263272108
2022-05-03 13:05:00,0.015553645693115396
2022-05-03 13:10:00,0.016077264922352758
2022-05-03 13:15:00,0.01661207693851345
2022-05-03 13:20:00,0.017158157364212504
2022-05-03 13:25:00,0.017715580475512135
2022-05-03 13:30:00,0.018284419219824693
2022-05-03 13:35:00,0.018864745233378
2022-05-03 13:40:00,0.019456628858262544
2022-05-03 13:45:00,0.02006013915907902
2022-05-03 13:50:00,0.02067534393920321
2022-05-03 13:55:00,0.021302309756684422
2022-05-03 14:00:00,0.021941101939792554
2022-05-03 14:05:00,0.022591784602228063
2022-05-03 14:10:00,0.02325442065800821
2022-05-03 14:15:00,0.023929071836042284
2022-05-03 14:20:00,0.024615798694407682
2022-05-03 14:25:00,0.02531466063433812
2022-05-03 14:30:00,0.026025715913934617
2022-05-03 14:35:00,0.026749021661609362
2022-05-03 14:40:00,0.027484633889272008
2022-05-03 14:45:00,0.028232607668266747
2022-05-03 14:50:00,0.028992999083579937
2022-05-03 14:55:00,0.0297658688241294
2022-05-03 15:00:00,0.03055128246563042
2022-05-03 15:05:00,0.03134932944832156
2022-05-03 15:10:00,0.03216015125424679
2022-05-03 15:15:00,0.032983911918359775
2022-05-03 15:20:00,0.03382076764463711
2022-05-03 15:25:00,0.03467086681255084
2022-05-03 15:30:00,0.035534354364467204
2022-05-03 15:35:00,0.03641137021837591
2022-05-03 15:40:00,0.03730204853410355
2022-05-03 15:45:00,0.038206518538803115
2022-05-03 15:50:00,0.039124905190524875
2022-05-03 15:55:00,0.04005732962289927
2022-05-03 16:00:00,0.041003909475395575
2022-05-03 16:05:00,0.04196475915150888
2022-05-03 16:10:00,0.04293999002759308
2022-05-03 16:15:00,0.04392971062608492
2022-05-03 16:20:00,0.04493402676206212
2022-05-03 16:25:00,0.045953041669255214
2022-05-03 16:30:00,0.04698685610986182
2022-05-03 16:35:00,0.04803556847134856
2022-05-03 16:40:00,0.04909927485263042
2022-05-03 16:45:00,0.050178069141458295
2022-05-03 16:50:00,0.05127204308444217
2022-05-03 16:55:00,0.05238128635083988
2022-05-03 17:00:00,0.05350588659101796
2022-05-03 17:05:00,0.05464592949032041
2022-05-03 17:10:00,0.055801498818949705
2022-05-03 17:15:00,0.05697267647836013
2022-05-03 17:20:00,0.05815954254458182
2022-05-03 17:25:00,0.05936217530882764
2022-05-03 17:30:00,0.06058065131568207
2022-05-03 17:35:00,0.06181504539912716
2022-05-03 17:40:00,0.06306543071662522
2022-05-03 17:45:00,0.06433187878144785
2022-05-03 17:50:00,0.06561445949341628
2022-05-03 17:55:00,0.06691324116819693
2022-05-03 18:00:00,0.0682282905652784
2022-05-03 18:05:00,0.06955967291474155
2022-05-03 18:10:00,0.07090745194292081
2022-05-03 18:15:00,0.07227168989704423
2022-05-03 18:20:00,0.0736524475689307
2022-05-03 18:25:00,0.07504978431781345
2022-05-03 18:30:00,0.07646375809235281
2022-05-03 18:35:00,0.0778944254518945
2022-05-03 18:40:00,0.07934184158702434
2022-05-03 18:45:00,0.0808060603394653
2022-05-03 18:50:00,0.08228713422135873
2022-05-03 18:55:00,0.08378511443396792
2022-05-03 19:00:00,0.08530005088583845
2022-05-03 19:05:00,0.08683199221044706
2022-05-03 19:10:00,0.08838098578336852
2022-05-03 19:15:00,0.08994707773898639
2022-05-03 19:20:00,0.09153031347577079
2022-05-03 19:25:00,0.09313073876969834
2022-05-03 19:30:00,0.09474839855524153
2022-05-03 19:35:00,0.09638333633187171
2022-05-03 19:40:00,0.09803559423875624
2022-05-03 19:45:00,0.09970521313551226
2022-05-03 19:50:00,0.10139223264794031
2022-05-03 19:55:00,0.10309669152673101
2022-05-03 20:00:00,0.10481863074160783
2022-05-03 20:05:00,0.10655810236162287
2022-05-03 20:10:00,0.10831517696715193
2022-05-03 20:15:00,0.11008994081490045
2022-05-03 20:20:00,0.11188248908086972
2022-05-03 20:25:00,0.11369291881233183
2022-05-03 20:30:00,0.1155213242545558
2022-05-03 20:35:00,0.11736779631230942
2022-05-03 20:40:00,0.11923242387168942
2022-05-03 20:45:00,0.1211152949905683
2022-05-03 20:50:00,0.12301649792717806
2022-05-03 20:55:00,0.12493611768241558
2022-05-03 21:00:00,0.12687423566129544
2022-05-03 21:05:00,0.12883093015444216
2022-05-03 21:10:00,0.13080627666273653
2022-05-03 21:15:00,0.13280034811707508
2022-05-03 21:20:00,0.13481321504449945
2022-05-03 21:25:00,0.13684494570097575
2022-05-03 21:30:00,0.13889560618134492
2022-05-03 21:35:00,0.1409652605126827
2022-05-03 21:40:00,0.14305397073509427
2022-05-03 21:45:00,0.14516179729869436
2022-05-03 21:50:00,0.14728880007577047
2022-05-03 21:55:00,0.1494350380098747
2022-05-03 22:00:00,0.15160056807439684
2022-05-03 22:05:00,0.15378544531804275
2022-05-03 22:10:00,0.15598972299270283
2022-05-03 22:15:00,0.15821345263047787
2022-05-03 22:20:00,0.16045668410214664
2022-05-03 22:25:00,0.16271946566575246
2022-05-03 22:30:00,0.16500184400891538
2022-05-03 22:35:00,0.16730386428671273
2022-05-03 22:40:00,0.16962557015620394
2022-05-03 22:45:00,0.17196700380828916
2022-05-03 22:50:00,0.17432820599737645
2022-05-03 22:55:00,0.1767092160692014
2022-05-03 23:00:00,0.17911007198705908
2022-05-03 23:05:00,0.18153081035665103
2022-05-03 23:10:00,0.18397146644971066
2022-05-03 23:15:00,0.18643207422653868
2022-05-03 23:20:00,0.18891266635756102
2022-05-03 23:25:00,0.19141327424400106
2022-05-03 23:30:00,0.1939339280377464
2022-05-03 23:35:00,0.19647465666047934
2022-05-03 23:40:00,0.19903548782213076
2022-05-03 23:45:00,0.20161644803870926
2022-05-03 23:50:00,0.20421756264955315
2022-05-03 23:55:00,0.2068388558340449
2022-05-04 00:00:00,0.20948035062782586
2022-05-04 00:05:00,0.21214206893854365
2022-05-04 00:10:00,0.21482403156116192
2022-05-04 00:15:00,0.21752625819285926
2022-05-04 00:20:00,0.22024876744754132
2022-05-04 00:25:00,0.22299157686998844
2022-05-04 00:30:00,0.22575470294965913
2022-05-04 00:35:00,0.2285381611341669
2022-05-04 00:40:00,0.23134196584244893
2022-05-04 00:45:00,0.23416613047764054
2022-05-04 00:50:00,0.23701066743967078
2022-05-04 00:55:00,0.23987558813759208
2022-05-04 01:00:00,0.24276090300165679
2022-05-04 01:05:00,0.24566662149515012
2022-05-04 01:10:00,0.24859275212599352
2022-05-04 01:15:00,0.2515393024581245
2022-05-04 01:20:00,0.25450627912266477
2022-05-04 01:25:00,0.25749368782888415
2022-05-04 01:30:00,0.2605015333749689
2022-05-04 01:35:00,0.2635298196586009
2022-05-04 01:40:00,0.2665785496873563
2022-05-04 01:45:00,0.2696477255889294
2022-05-04 01:50:00,0.2727373486211872
2022-05-04 01:55:00,0.2758474191820627
2022-05-04 02:00:00,0.2789779368192899
2022-05-04 02:05:00,0.28212890023998854
2022-05-04 02:10:00,0.2853003073201002
2022-05-04 02:15:00,0.28849215511368437
2022-05-04 02:20:00,0.2917044398620748
2022-05-04 02:25:00,0.294937157002904
2022-05-04 02:30:00,0.2981903011789976
2022-05-04 02:35:00,0.30146386624714283
2022-05-04 02:40:00,0.30475784528673583
2022-05-04 02:45:00,0.3080722306083093
2022-05-04 02:50:00,0.3114070137619458
2022-05-04 02:55:00,0.3147621855455781
2022-05-04 03:00:00,0.3181377360131811
2022-05-04 03:05:00,0.32153365448285676
2022-05-04 03:10:00,0.3249499295448155
2022-05-04 03:15:00,0.3283865490692571
2022-05-04 03:20:00,0.33184350021415254
2022-05-04 03:25:00,0.3353207694329297
2022-05-04 03:30:00,0.3388183424820658
2022-05-04 03:35:00,0.34233620442858786
2022-05-04 03:40:00,0.3458743396574829
2022-05-04 03:45:00,0.3494327318790222
2022-05-04 03:50:00,0.3530113641359986
2022-05-04 03:55:00,0.35661021881088073
2022-05-04 04:00:00,0.3602292776328854
2022-05-04 04:05:00,0.36386852168496975
2022-05-04 04:10:00,0.36752793141074447
2022-05-04 04:15:00,0.37120748662131126
2022-05-04 04:20:00,0.3749071665020239
2022-05-04 04:25:00,0.3786269496191754
2022-05-04 04:30:00,0.38236681392661453
2022-05-04 04:35:00,0.3861267367722891
2022-05-04 04:40:00,0.38990669490472085
2022-05-04 04:45:00,0.3937066644794124
2022-05-04 04:50:00,0.3975266210651857
2022-05-04 04:55:00,0.40136653965045627
2022-05-04 05:00:00,0.4052263946494418
2022-05-04 05:05:00,0.4091061599083076
2022-05-04 05:10:00,0.4130058087112495
2022-05-04 05:15:00,0.41692531378651543
2022-05-04 05:20:00,0.4208646473123673
2022-05-04 05:25:00,0.42482378092298273
2022-05-04 05:30:00,0.42880268571429886
2022-05-04 05:35:00,0.43280133224979966
2022-05-04 05:40:00,0.4368196905662453
2022-05-04 05:45:00,0.44085773017934726
2022-05-04 05:50:00,0.44491542008938845
2022-05-04 05:55:00,0.44899272878678964
2022-05-04 06:00:00,0.4530896242576226
2022-05-04 06:05:00,0.45720607398907176
2022-05-04 06:10:00,0.4613420449748437
2022-05-04 06:15:00,0.46549750372052706
2022-05-04 06:20:00,0.469672416248902
2022-05-04 06:25:00,0.4738667481052002
2022-05-04 06:30:00,0.47808046436231744
2022-05-04 06:35:00,0.48231352962597784
2022-05-04 06:40:00,0.4865659080398509
2022-05-04 06:45:00,0.49083756329062284
2022-05-04 06:50:00,0.4951284586130213
2022-05-04 06:55:00,0.499438556794796
2022-05-04 07:00:00,0.5037678201816536
2022-05-04 07:05:00,0.5081162106821501
2022-05-04 07:10:00,0.5124836897725384
2022-05-04 07:15:00,0.5168702185015744
2022-05-04 07:20:00,0.5212757574952802
2022-05-04 07:25:00,0.5257002669616654
2022-05-04 07:30:00,0.5301437066954078
2022-05-04 07:35:00,0.5346060360824938
2022-05-04 07:40:00,0.539087214104818
2022-05-04 07:45:00,0.5435871993447419
2022-05-04 07:50:00,0.5481059499896176
2022-05-04 07:55:00,0.5526434238362679
2022-05-04 08:00:00,0.5571995782954317
2022-05-04 08:05:00,0.56177437039617
2022-05-04 08:10:00,0.5663677567902349
2022-05-04 08:15:00,0.5709796937564031
2022-05-04 08:20:00,0.5756101372047705
2022-05-04 08:25:00,0.5802590426810121
2022-05-04 08:30:00,0.5849263653706073
2022-05-04 08:35:00,0.5896120601030285
2022-05-04 08:40:00,0.5943160813558954
2022-05-04 08:45:00,0.5990383832590951
2022-05-04 08:50:00,0.603778919598868
2022-05-04 08:55:00,0.6085376438218605
2022-05-04 09:00:00,0.6133145090391433
2022-05-04 09:05:00,0.6181094680301982
2022-05-04 09:10:00,0.6229224732468711
2022-05-04 09:15:00,0.6277534768172943
2022-05-04 09:20:00,0.632602430549775
2022-05-04 09:25:00,0.6374692859366539
2022-05-04 09:30:00,0.6423539941581314
2022-05-04 09:35:00,0.6472565060860644
2022-05-04 09:40:00,0.6521767722877311
2022-05-04 09:45:00,0.657114743029566
2022-05-04 09:50:00,0.6620703682808647
2022-05-04 09:55:00,0.6670435977174614
2022-05-04 10:00:00,0.6720343807253718
2022-05-04 10:05:00,0.6770426664044139
2022-05-04 10:10:00,0.6820684035717934
2022-05-04 10:15:00,0.6871115407656654
2022-05-04 10:20:00,0.692172026248665
2022-05-04 10:25:00,0.6972498080114129
2022-05-04 10:30:00,0.7023448337759892
2022-05-04 10:35:00,0.7074570509993838
2022-05-04 10:40:00,0.7125864068769181
2022-05-04 10:45:00,0.7177328483456387
2022-05-04 10:50:00,0.7228963220876866
2022-05-04 10:55:00,0.7280767745336386
2022-05-04 11:00:00,0.7332741518658237
2022-05-04 11:05:00,0.7384884000216112
2022-05-04 11:10:00,0.7437194646966778
2022-05-04 11:15:00,0.7489672913482434
2022-05-04 11:20:00,0.7542318251982865
2022-05-04 11:25:00,0.7595130112367332
2022-05-04 11:30:00,0.7648107942246202
2022-05-04 11:35:00,0.7701251186972344
2022-05-04 11:40:00,0.7754559289672295
2022-05-04 11:45:00,0.7808031691277157
2022-05-04 11:50:00,0.7861667830553276
2022-05-04 11:55:00,0.7915467144132686
2022-05-04 12:00:00,0.79694290665433
2022-05-04 12:05:00,0.8023553030238892
2022-05-04 12:10:00,0.8077838465628836
2022-05-04 12:15:00,0.8132284801107617
2022-05-04 12:20:00,0.8186891463084113
2022-05-04 12:25:00,0.8241657876010672
2022-05-04 12:30:00,0.8296583462411932
2022-05-04 12:35:00,0.8351667642913462
2022-05-04 12:40:00,0.8406909836270148
2022-05-04 12:45:00,0.8462309459394379
2022-05-04 12:50:00,0.8517865927384032
2022-05-04 12:55:00,0.8573578653550201
2022-05-04 13:00:00,0.8629447049444771
2022-05-04 13:05:00,0.8685470524887726
2022-05-04 13:10:00,0.8741648487994305
2022-05-04 13:15:00,0.8797980345201899
2022-05-04 13:20:00,0.885446550129678
2022-05-04 13:25:00,0.8911103359440612
2022-05-04 13:30:00,0.8967893321196764
2022-05-04 13:35:00,0.9024834786556427
2022-05-04 13:40:00,0.9081927153964522
2022-05-04 13:45:00,0.9139169820345426
2022-05-04 13:50:00,0.9196562181128489
2022-05-04 13:55:00,0.9254103630273374
2022-05-04 14:00:00,0.9311793560295188
2022-05-04 14:05:00,0.9369631362289431
2022-05-04 14:10:00,0.9427616425956767
2022-05-04 14:15:00,0.9485748139627586
2022-05-04 14:20:00,0.954402589028639
2022-05-04 14:25:00,0.9602449063596009
2022-05-04 14:30:00,0.9661017043921606
2022-05-04 14:35:00,0.9719729214354524
2022-05-04 14:40:00,0.9778584956735946
2022-05-04 14:45:00,0.9837583651680368
2022-05-04 14:50:00,0.9896724678598904
2022-05-04 14:55:00,0.9956007415722423
2022-05-04 15:00:00,1.0015431240124477
2022-05-04 15:05:00,1.007499552774411
2022-05-04 15:10:00,1.0134699653408432
2022-05-04 15:15:00,1.019454299085509
2022-05-04 15:20:00,1.0254524912754501
2022-05-04 15:25:00,1.0314644790731973
2022-05-04 15:30:00,1.0374901995389634
2022-05-04 15:35:00,1.0435295896328176
2022-05-04 15:40:00,1.0495825862168495
2022-05-04 15:45:00,1.0556491260573093
2022-05-04 15:50:00,1.061729145826738
2022-05-04 15:55:00,1.0678225821060758
2022-05-04 16:00:00,1.0739293713867624
2022-05-04 16:05:00,1.0800494500728124
2022-05-04 16:10:00,1.0861827544828817
2022-05-04 16:15:00,1.0923292208523134
2022-05-04 16:20:00,1.098488785335176
2022-05-04 16:25:00,1.1046613840062738
2022-05-04 16:30:00,1.1108469528631544
2022-05-04 16:35:00,1.1170454278280944
2022-05-04 16:40:00,1.1232567447500703
2022-05-04 16:45:00,1.1294808394067166
2022-05-04 16:50:00,1.1357176475062674
2022-05-04 16:55:00,1.1419671046894844
2022-05-04 17:00:00,1.1482291465315704
2022-05-04 17:05:00,1.1545037085440657
2022-05-04 17:10:00,1.1607907261767334
2022-05-04 17:15:00,1.167090134819429
2022-05-04 17:20:00,1.1734018698039546
2022-05-04 17:25:00,1.1797258664059023
2022-05-04 17:30:00,1.1860620598464784
2022-05-04 17:35:00,1.1924103852943193
2022-05-04 17:40:00,1.19877077786729
2022-05-04 17:45:00,1.2051431726342698
2022-05-04 17:50:00,1.2115275046169234
2022-05-04 17:55:00,1.2179237087914627
2022-05-04 18:00:00,1.2243317200903867
2022-05-04 18:05:00,1.230751473404219
2022-05-04 18:10:00,1.2371829035832218
2022-05-04 18:15:00,1.2436259454391032
2022-05-04 18:20:00,1.2500805337467098
2022-05-04 18:25:00,1.2565466032457056
2022-05-04 18:30:00,1.2630240886422366
2022-05-04 18:35:00,1.2695129246105878
2022-05-04 18:40:00,1.276013045794821
2022-05-04 18:45:00,1.2825243868104044
2022-05-04 18:50:00,1.289046882245828
2022-05-04 18:55:00,1.2955804666642075
2022-05-04 19:00:00,1.302125074604873
2022-05-04 19:05:00,1.3086806405849498
2022-05-04 19:10:00,1.315247099100924
2022-05-04 19:15:00,1.3218243846301956
2022-05-04 19:20:00,1.3284124316326231
2022-05-04 19:25:00,1.3350111745520492
2022-05-04 19:30:00,1.3416205478178258
2022-05-04 19:35:00,1.348240485846313
2022-05-04 19:40:00,1.3548709230423794
2022-05-04 19:45:00,1.361511793800883
2022-05-04 19:50:00,1.368163032508142
2022-05-04 19:55:00,1.3748245735433968
2022-05-04 20:00:00,1.3814963512802572
2022-05-04 20:05:00,1.3881783000881391
2022-05-04 20:10:00,1.3948703543336922
2022-05-04 20:15:00,1.4015724483822143
2022-05-04 20:20:00,1.4082845165990538
2022-05-04 20:25:00,1.415006493351004
2022-05-04 20:30:00,1.4217383130076826
2022-05-04 20:35:00,1.4284799099429055
2022-05-04 20:40:00,1.4352312185360439
2022-05-04 20:45:00,1.4419921731733745
2022-05-04 20:50:00,1.4487627082494183
2022-05-04 20:55:00,1.4555427581682694
2022-05-04 21:00:00,1.4623322573449096
2022-05-04 21:05:00,1.4691311402065175
2022-05-04 21:10:00,1.4759393411937642
2022-05-04 21:15:00,1.4827567947621003
2022-05-04 21:20:00,1.4895834353830295
2022-05-04 21:25:00,1.496419197545377
2022-05-04 21:30:00,1.5032640157565418
2022-05-04 21:35:00,1.5101178245437468
2022-05-04 21:40:00,1.516980558455269
2022-05-04 21:45:00,1.5238521520616677
2022-05-04 21:50:00,1.5307325399570015
2022-05-04 21:55:00,1.5376216567600294
2022-05-04 22:00:00,1.5445194371154114
2022-05-04 22:05:00,1.5514258156948932
2022-05-04 22:10:00,1.5583407271984817
2022-05-04 22:15:00,1.5652641063556147
2022-05-04 22:20:00,1.5721958879263154
2022-05-04 22:25:00,1.5791360067023439
2022-05-04 22:30:00,1.5860843975083327
2022-05-04 22:35:00,1.5930409952029188
2022-05-04 22:40:00,1.6000057346798626
2022-05-04 22:45:00,1.6069785508691596
2022-05-04 22:50:00,1.6139593787381412
2022-05-04 22:55:00,1.6209481532925691
2022-05-04 23:00:00,1.6279448095777171
2022-05-04 23:05:00,1.6349492826794485
2022-05-04 23:10:00,1.6419615077252792
2022-05-04 23:15:00,1.6489814198854356
2022-05-04 23:20:00,1.656008954373905
2022-05-04 23:25:00,1.663044046449471
2022-05-04 23:30:00,1.6700866314167486
2022-05-04 23:35:00,1.6771366446272036
2022-05-04 23:40:00,1.684194021480167
2022-05-04 23:45:00,1.691258697423839
2022-05-04 23:50:00,1.6983306079562888
2022-05-04 23:55:00,1.7054096886264387
2022-05-05 00:00:00,1.7124958750350463
2022-05-05 00:05:00,1.7195891028356765
2022-05-05 00:10:00,1.7266893077356626
2022-05-05 00:15:00,1.7337964254970626
2022-05-05 00:20:00,1.7409103919376072
2022-05-05 00:25:00,1.7480311429316364
2022-05-05 00:30:00,1.7551586144110316
2022-05-05 00:35:00,1.7622927423661388
2022-05-05 00:40:00,1.7694334628466812
2022-05-05 00:45:00,1.7765807119626682
2022-05-05 00:50:00,1.7837344258852956
2022-05-05 00:55:00,1.790894540847832
2022-05-05 01:00:00,1.798060993146507
2022-05-05 01:05:00,1.805233719141387
2022-05-05 01:10:00,1.8124126552572393
2022-05-05 01:15:00,1.8195977379843955
2022-05-05 01:20:00,1.8267889038796055
2022-05-05 01:25:00,1.8339860895668803
2022-05-05 01:30:00,1.8411892317383325
2022-05-05 01:35:00,1.8483982671550048
2022-05-05 01:40:00,1.8556131326476943
2022-05-05 01:45:00,1.8628337651177687
2022-05-05 01:50:00,1.870060101537974
2022-05-05 01:55:00,1.8772920789532377
2022-05-05 02:00:00,1.8845296344814597
2022-05-05 02:05:00,1.891772705314303
2022-05-05 02:10:00,1.8990212287179717
2022-05-05 02:15:00,1.9062751420339845
2022-05-05 02:20:00,1.9135343826799402
2022-05-05 02:25:00,1.9207988881502764
2022-05-05 02:30:00,1.9280685960170232
2022-05-05 02:35:00,1.9353434439305461
2022-05-05 02:40:00,1.942623369620287
2022-05-05 02:45:00,1.949908310895492
2022-05-05 02:50:00,1.9571982056459394
2022-05-05 02:55:00,1.964492991842657
2022-05-05 03:00:00,1.971792607538633
2022-05-05 03:05:00,1.9790969908695204
2022-05-05 03:10:00,1.986406080054336
2022-05-05 03:15:00,1.9937198133961522
2022-05-05 03:20:00,2.0010381292827817
2022-05-05 03:25:00,2.008360966187456
2022-05-05 03:30:00,2.0156882626694976
2022-05-05 03:35:00,2.023019957374987
2022-05-05 03:40:00,2.03035598903742
2022-05-05 03:45:00,2.037696296478365
2022-05-05 03:50:00,2.0450408186081046
2022-05-05 03:55:00,2.0523894944262806
2022-05-05 04:00:00,2.0597422630225264
2022-05-05 04:05:00,2.0670990635770967
2022-05-05 04:10:00,2.07445983536149
2022-05-05 04:15:00,2.0818245177390606
2022-05-05 04:20:00,2.089193050165638
2022-05-05 04:25:00,2.096565372190119
2022-05-05 04:30:00,2.103941423455079
2022-05-05 04:35:00,2.111321143697353
2022-05-05 04:40:00,2.118704472748627
2022-05-05 04:45:00,2.126091350536021
2022-05-05 04:50:00,2.133481717082659
2022-05-05 04:55:00,2.140875512508243
2022-05-05 05:00:00,2.1482726770296092
2022-05-05 05:05:00,2.155673150961294
2022-05-05 05:10:00,2.1630768747160793
2022-05-05 05:15:00,2.1704837888055426
2022-05-05 05:20:00,2.177893833840596
2022-05-05 05:25:00,2.185306950532022
2022-05-05 05:30:00,2.192723079691003
2022-05-05 05:35:00,2.2001421622296453
2022-05-05 05:40:00,2.207564139161495
2022-05-05 05:45:00,2.214988951602059
2022-05-05 05:50:00,2.222416540769303
2022-05-05 05:55:00,2.2298468479841635
2022-05-05 06:00:00,2.2372798146710355
2022-05-05 06:05:00,2.244715382358272
2022-05-05 06:10:00,2.2521534926786666
2022-05-05 06:15:00,2.2595940873699365
2022-05-05 06:20:00,2.2670371082751966
2022-05-05 06:25:00,2.2744824973434343
2022-05-05 06:30:00,2.2819301966299723
2022-05-05 06:35:00,2.28938014829693
2022-05-05 06:40:00,2.296832294613679
2022-05-05 06:45:00,2.3042865779572956
2022-05-05 06:50:00,2.311742940813004
2022-05-05 06:55:00,2.3192013257746202
2022-05-05 07:00:00,2.3266616755449823
2022-05-05 07:05:00,2.3341239329363876
2022-05-05 07:10:00,2.3415880408710157
2022-05-05 07:15:00,2.349053942381349
2022-05-05 07:20:00,2.3565215806105915
2022-05-05 07:25:00,2.363990898813077
2022-05-05 07:30:00,2.371461840354678
2022-05-05 07:35:00,2.378934348713207
2022-05-05 07:40:00,2.386408367478818
2022-05-05 07:45:00,2.3938838403543894
2022-05-05 07:50:00,2.401360711155924
2022-05-05 07:55:00,2.4088389238129233
2022-05-05 08:00:00,2.4163184223687697
2022-05-05 08:05:00,2.4237991509811034
2022-05-05 08:10:00,2.431281053922187
2022-05-05 08:15:00,2.4387640755792743
2022-05-05 08:20:00,2.446248160454971
2022-05-05 08:25:00,2.4537332531675906
2022-05-05 08:30:00,2.461219298451505
2022-05-05 08:35:00,2.4687062411574927
2022-05-05 08:40:00,2.476194026253085
2022-05-05 08:45:00,2.483682598822902
2022-05-05 08:50:00,2.491171904068987
2022-05-05 08:55:00,2.4986618873111364
2022-05-05 09:00:00,2.50615249398723
2022-05-05 09:05:00,2.5136436696535487
2022-05-05 09:10:00,2.521135359985093
2022-05-05 09:15:00,2.5286275107758973
2022-05-05 09:20:00,2.536120067939338
2022-05-05 09:25:00,2.543612977508442
2022-05-05 09:30:00,2.5511061856361836
2022-05-05 09:35:00,2.5585996385957848
2022-05-05 09:40:00,2.5660932827810057
2022-05-05 09:45:00,2.573587064706435
2022-05-05 09:50:00,2.581080931007778
2022-05-05 09:55:00,2.588574828442132
2022-05-05 10:00:00,2.5960687038882666
2022-05-05 10:05:00,2.603562504346898
2022-05-05 10:10:00,2.6110561769409575
2022-05-05 10:15:00,2.6185496689158527
2022-05-05 10:20:00,2.626042927639738
2022-05-05 10:25:00,2.6335359006037633
2022-05-05 10:30:00,2.641028535422337
2022-05-05 10:35:00,2.648520779833367
2022-05-05 10:40:00,2.6560125816985156
2022-05-05 10:45:00,2.663503889003437
2022-05-05 10:50:00,2.670994649858018
2022-05-05 10:55:00,2.678484812496613
2022-05-05 11:00:00,2.6859743252782797
2022-05-05 11:05:00,2.6934631366870017
2022-05-05 11:10:00,2.700951195331916
2022-05-05 11:15:00,2.708438449947533
2022-05-05 11:20:00,2.7159248493939563
2022-05-05 11:25:00,2.7234103426570955
2022-05-05 11:30:00,2.730894878848874
2022-05-05 11:35:00,2.7383784072074384
2022-05-05 11:40:00,2.7458608770973654
2022-05-05 11:45:00,2.7533422380098536
2022-05-05 11:50:00,2.7608224395629293
2022-05-05 11:55:00,2.7683014315016323
2022-05-05 12:00:00,2.775779163698211
2022-05-05 12:05:00,2.7832555861523045
2022-05-05 12:10:00,2.7907306489911314
2022-05-05 12:15:00,2.7982043024696637
2022-05-05 12:20:00,2.8056764969708072
2022-05-05 12:25:00,2.8131471830055736
2022-05-05 12:30:00,2.820616311213253
2022-05-05 12:35:00,2.828083832361575
2022-05-05 12:40:00,2.8355496973468783
2022-05-05 12:45:00,2.8430138571942676
2022-05-05 12:50:00,2.850476263057775
2022-05-05 12:55:00,2.8579368662205082
2022-05-05 13:00:00,2.865395618094808
2022-05-05 13:05:00,2.872852470222389
2022-05-05 13:10:00,2.8803073742744925
2022-05-05 13:15:00,2.8877602820520227
2022-05-05 13:20:00,2.8952111454856873
2022-05-05 13:25:00,2.902659916636132
2022-05-05 13:30:00,2.9101065476940784
2022-05-05 13:35:00,2.917550990980445
2022-05-05 13:40:00,2.9249931989464817
2022-05-05 13:45:00,2.932433124173891
2022-05-05 13:50:00,2.939870719374947
2022-05-05 13:55:00,2.9473059373926174
2022-05-05 14:00:00,2.954738731200675
2022-05-05 14:05:00,2.9621690539038124
2022-05-05 14:10:00,2.9695968587377504
2022-05-05 14:15:00,2.977022099069344
2022-05-05 14:20:00,2.9844447283966904
2022-05-05 14:25:00,2.9918647003492223
2022-05-05 14:30:00,0.0
2022-05-05 14:35:00,0.0
2022-05-05 14:40:00,0.0
2022-05-05 14:45:00,0.0024420296170316992
2022-05-05 14:50:00,0.006727653990279385
2022-05-05 14:55:00,0.010416872874165378
2022-05-05 15:00:00,0.013498509027403648
2022-05-05 15:05:00,0.01657805275192625
2022-05-05 15:10:00,0.019045279992438113
2022-05-05 15:15:00,0.019675830481947376
2022-05-05 15:20:00,0.020293550043805585
2022-05-05 15:25:00,0.02151459624007064
2022-05-05 15:30:00,0.02273375170177635
2022-05-05 15:35:00,0.02333994601571694
2022-05-05 15:40:00,0.02333015394571388
2022-05-05 15:45:00,0.023313689719895538
2022-05-05 15:50:00,0.023293101512088618
2022-05-05 15:55:00,0.023269565622120215
2022-05-05 16:00:00,0.023243774169240672
2022-05-05 16:05:00,0.02321618508516792
2022-05-05 16:10:00,0.023187123471574245
2022-05-05 16:15:00,0.023156831343301282
2022-05-05 16:20:00,0.023125495165626925
2022-05-05 16:25:00,0.02309326242401252
2022-05-05 16:30:00,0.02306025222416347
2022-05-05 16:35:00,0.02302656239908102
2022-05-05 16:40:00,0.022992274454658488
2022-05-05 16:45:00,0.022957457116785943
2022-05-05 16:50:00,0.022922168940071944
2022-05-05 16:55:00,0.02288646026754865
2022-05-05 17:00:00,0.022850374729843498
2022-05-05 17:05:00,0.022813950410298642
2022-05-05 17:10:00,0.02277722076311289
2022-05-05 17:15:00,0.022740215345800154
2022-05-05 17:20:00,0.023313467814219967
2022-05-05 17:25:00,0.023279004922625524
2022-05-05 17:30:00,0.023242580678095887
2022-05-05 17:35:00,0.023205247653799436
2022-05-05 17:40:00,0.02316734863028136
2022-05-05 17:45:00,0.02312904472692197
2022-05-05 17:50:00,0.023090427952959743
2022-05-05 17:55:00,0.023051557790809498
2022-05-05 18:00:00,0.02301247613979508
2022-05-05 18:05:00,0.02297321440162467
2022-05-05 18:10:00,0.02354430462354014
2022-05-05 18:15:00,0.033275888625893806
2022-05-05 18:20:00,0.05160099149772605
2022-05-05 18:25:00,0.058388070579325116
2022-05-05 18:30:00,0.058428029641380136
2022-05-05 18:35:00,0.05842030998220108
2022-05-05 18:40:00,0.05838847136887493
2022-05-05 18:45:00,0.05834176846451344
2022-05-05 18:50:00,0.05828492609259585
2022-05-05 18:55:00,0.05822071162116875
2022-05-05 19:00:00,0.05998241699398936
2022-05-05 19:05:00,0.06296979331842033
2022-05-05 19:10:00,0.06352142184240708
2022-05-05 19:15:00,0.06345170615926181
2022-05-05 19:20:00,0.06398351471074837
2022-05-05 19:25:00,0.06451283341847751
2022-05-05 19:30:00,0.0644289853576596
2022-05-05 19:35:00,0.06433965432463828
2022-05-05 19:40:00,0.06668882949073801
2022-05-05 19:45:00,0.06965795695636896
2022-05-05 19:50:00,0.0732435697845163
2022-05-05 19:55:00,0.07744440908787024
2022-05-05 20:00:00,0.07737563944682643
2022-05-05 20:05:00,0.07728601496422648
2022-05-05 20:10:00,0.07718593293395104
2022-05-05 20:15:00,0.07707926020262208
2022-05-05 20:20:00,0.07757845905876586
2022-05-05 20:25:00,0.07807719530166941
2022-05-05 20:30:00,0.07918497216187093
2022-05-05 20:35:00,0.08090460879879668
2022-05-05 20:40:00,0.08384786051426085
2022-05-05 20:45:00,0.08923933904397285
2022-05-05 20:50:00,0.09708653906291834
2022-05-05 20:55:00,0.10800297776006126
2022-05-05 21:00:00,0.13542382748575071
2022-05-05 21:05:00,0.18002707169136978
2022-05-05 21:10:00,0.19971805647927438
2022-05-05 21:15:00,0.20162637295570557
2022-05-05 21:20:00,0.20890208454450215
2022-05-05 21:25:00,0.22773810016951904
2022-05-05 21:30:00,0.24537930819885562
2022-05-05 21:35:00,0.25873961990560235
2022-05-05 21:40:00,0.2647388727983105
2022-05-05 21:45:00,0.26640201335310626
2022-05-05 21:50:00,0.2661737443930189
2022-05-05 21:55:00,0.26589864054859974
2022-05-05 22:00:00,0.2655923218802289
2022-05-05 22:05:00,0.2652629959792285
2022-05-05 22:10:00,0.26491579212853167
2022-05-05 22:15:00,0.26455421699252085
2022-05-05 22:20:00,0.26418080949922385
2022-05-05 22:25:00,0.26379748405356873
2022-05-05 22:30:00,0.26340572892469993
2022-05-05 22:35:00,0.2630067291722948
2022-05-05 22:40:00,0.2626014469103075
2022-05-05 22:45:00,0.2621906759143839
2022-05-05 22:50:00,0.26177508003084443
2022-05-05 22:55:00,0.26135522094685043
2022-05-05 23:00:00,0.2609315787405753
2022-05-05 23:05:00,0.2605045673941207
2022-05-05 23:10:00,0.2600745467076985
2022-05-05 23:15:00,0.2596418315893417
2022-05-05 23:20:00,0.259206699395801
2022-05-05 23:25:00,0.25876939580305186
2022-05-05 23:30:00,0.2583301395514761
2022-05-05 23:35:00,0.25788912631872146
2022-05-05 23:40:00,0.2574465319085073
2022-05-05 23:45:00,0.25700251489735193
2022-05-05 23:50:00,0.25655721884759514
2022-05-05 23:55:00,0.2561107741703641
2022-05-06 00:00:00,0.2556632997037025
2022-05-06 00:05:00,0.25521490405719427
2022-05-06 00:10:00,0.25476568676383277
2022-05-06 00:15:00,0.2543157392717461
2022-05-06 00:20:00,0.25386514580207115
2022-05-06 00:25:00,0.25341398409432214
2022-05-06 00:30:00,0.252962326056697
2022-05-06 00:35:00,0.2525102383356622
2022-05-06 00:40:00,0.2520577828166734
2022-05-06 00:45:00,0.2516050170658902
2022-05-06 00:50:00,0.25115199472112204
2022-05-06 00:55:00,0.25069876583891865
2022-05-06 01:00:00,0.2502453772036405
2022-05-06 01:05:00,0.24979187260344574
2022-05-06 01:10:00,0.24933829307739813
2022-05-06 01:15:00,0.2488846771372818
2022-05-06 01:20:00,0.24843106096719703
2022-05-06 01:25:00,0.24797747860358157
2022-05-06 01:30:00,0.247523962097938
2022-05-06 01:35:00,0.24707054166424225
2022-05-06 01:40:00,0.24661724581274863
2022-05-06 01:45:00,0.24616410147168297
2022-05-06 01:50:00,0.24571113409813106
2022-05-06 01:55:00,0.2452583677792612
2022-05-06 02:00:00,0.2448058253248861
2022-05-06 02:05:00,0.24435352835224583
2022-05-06 02:10:00,0.24390149736379027
2022-05-06 02:15:00,0.24344975181865072
2022-05-06 02:20:00,0.24299831019840964
2022-05-06 02:25:00,0.24254719006771194
2022-05-06 02:30:00,0.2420964081301998
2022-05-06 02:35:00,0.2416459802802013
2022-05-06 02:40:00,0.24119592165055737
2022-05-06 02:45:00,0.2407462466569318
2022-05-06 02:50:00,0.24029696903891215
2022-05-06 02:55:00,0.2398481018981801
2022-05-06 03:00:00,0.23939965773399932
2022-05-06 03:05:00,0.23895164847624756
2022-05-06 03:10:00,0.23911459292045256
2022-05-06 03:15:00,0.23928101267958707
2022-05-06 03:20:00,0.24067017670141078
2022-05-06 03:25:00,0.2438979160200533
2022-05-06 03:30:00,0.2514114147778789
2022-05-06 03:35:00,0.25589875500584386
2022-05-06 03:40:00,0.2597714557653365
2022-05-06 03:45:00,0.2685229774324279
2022-05-06 03:50:00,0.2962205377709528
2022-05-06 03:55:00,0.3295125931538086
2022-05-06 04:00:00,0.35005067348712293
2022-05-06 04:05:00,0.36444534514482696
2022-05-06 04:10:00,0.3763452831985579
2022-05-06 04:15:00,0.38636867927342
2022-05-06 04:20:00,0.39818325288222917
2022-05-06 04:25:00,0.4105880042588562
2022-05-06 04:30:00,0.42602771770418324
2022-05-06 04:35:00,0.44573730978480297
2022-05-06 04:40:00,0.46179225026599213
2022-05-06 04:45:00,0.475379417935008
2022-05-06 04:50:00,0.4840481078470015
2022-05-06 04:55:00,0.49022342824228593
2022-05-06 05:00:00,0.49329938598643824
2022-05-06 05:05:00,0.4938853379749756
2022-05-06 05:10:00,0.4962581706722614
2022-05-06 05:15:00,0.49860993639531287
2022-05-06 05:20:00,0.5021637860836027
2022-05-06 05:25:00,0.506928195157193
2022-05-06 05:30:00,0.5098551186794741
2022-05-06 05:35:00,0.5103215833849072
2022-05-06 05:40:00,0.5107618016554374
2022-05-06 05:45:00,0.5130161780966093
2022-05-06 05:50:00,0.5146557744559176
2022-05-06 05:55:00,0.5168957264670557
2022-05-06 06:00:00,0.5191297705682951
2022-05-06 06:05:00,0.5195253620724287
2022-05-06 06:10:00,0.5229573535772607
2022-05-06 06:15:00,0.5276146572635441
2022-05-06 06:20:00,0.5304443075223642
2022-05-06 06:25:00,0.5308209782551794
2022-05-06 06:30:00,0.529956376684765
2022-05-06 06:35:00,0.529073309289635
2022-05-06 06:40:00,0.5281785355965831
2022-05-06 06:45:00,0.5272752955237684
2022-05-06 06:50:00,0.5263655323329521
2022-05-06 06:55:00,0.5254505551031463
2022-05-06 07:00:00,0.5245313125582324
2022-05-06 07:05:00,0.5236085278436494
2022-05-06 07:10:00,0.5226827728481231
2022-05-06 07:15:00,0.5217545126679587
2022-05-06 07:20:00,0.5208241339075886
2022-05-06 07:25:00,0.5198919635945005
2022-05-06 07:30:00,0.5189582823326089
2022-05-06 07:35:00,0.5180233337544504
2022-05-06 07:40:00,0.5170873315040004
2022-05-06 07:45:00,0.5161504645181836
2022-05-06 07:50:00,0.5152129011034636
2022-05-06 07:55:00,0.5142747921383793
2022-05-06 08:00:00,0.5133362736285805
2022-05-06 08:05:00,0.5123974687732298
2022-05-06 08:10:00,0.5114584896565275
2022-05-06 08:15:00,0.5105194386473697
2022-05-06 08:20:00,0.5095804095687434
2022-05-06 08:25:00,0.5086414886832799
2022-05-06 08:30:00,0.5077027555304314
2022-05-06 08:35:00,0.5067642836427119
2022-05-06 08:40:00,0.5058261411624804
2022-05-06 08:45:00,0.5048883913762549
2022-05-06 08:50:00,0.5039510931801223
2022-05-06 08:55:00,0.5030143014871856
2022-05-06 09:00:00,0.5020780675859255
2022-05-06 09:05:00,0.501142439456759
2022-05-06 09:10:00,0.5002074620527905
2022-05-06 09:15:00,0.49927317754974165
2022-05-06 09:20:00,0.4983396255692142
2022-05-06 09:25:00,0.4974068433787893
2022-05-06 09:30:00,0.4964748660719111
2022-05-06 09:35:00,0.4955437267300655
2022-05-06 09:40:00,0.494613456569391
2022-05-06 09:45:00,0.4936840850735563
2022-05-06 09:50:00,0.49275564011448164
2022-05-06 09:55:00,0.4918281480622662
2022-05-06 10:00:00,0.49090163388550506
2022-05-06 10:05:00,0.48997612124302353
2022-05-06 10:10:00,0.4890516325679284
2022-05-06 10:15:00,0.48812818914476147
2022-05-06 10:20:00,0.4872058111804499
2022-05-06 10:25:00,0.48628451786966154
2022-05-06 10:30:00,0.48536432745510366
2022-05-06 10:35:00,0.48444525728324483
2022-05-06 10:40:00,0.48352732385588193
2022-05-06 10:45:00,0.4826105428779322
2022-05-06 10:50:00,0.4816949293017853
2022-05-06 10:55:00,0.4807804973685199
2022-05-06 11:00:00,0.4798672606462522
2022-05-06 11:05:00,0.4789552320658625
2022-05-06 11:10:00,0.47804442395431546
2022-05-06 11:15:00,0.4771348480657739
2022-05-06 11:20:00,0.4762265156106813
2022-05-06 11:25:00,0.475319437282978
2022-05-06 11:30:00,0.4744136232855938
2022-05-06 11:35:00,0.47350908335435027
2022-05-06 11:40:00,0.47260582678039564
2022-05-06 11:45:00,0.4717038624312794
2022-05-06 11:50:00,0.4708031987707668
2022-05-06 11:55:00,0.46990384387748796
2022-05-06 12:00:00,0.46900580546250126
2022-05-06 12:05:00,0.4681090908858495
2022-05-06 12:10:00,0.4672137071721797
2022-05-06 12:15:00,0.466319661025489
2022-05-06 12:20:00,0.4654269588430578
2022-05-06 12:25:00,0.4645356067286242
2022-05-06 12:30:00,0.46364561050484837
2022-05-06 12:35:00,0.46275697572511615
2022-05-06 12:40:00,0.4618697076847216
2022-05-06 12:45:00,0.46098381143147016
2022-05-06 12:50:00,0.46009929177573766
2022-05-06 12:55:00,0.45921615330001986
2022-05-06 13:00:00,0.45833440036800355
2022-05-06 13:05:00,0.4574540371331877
2022-05-06 13:10:00,0.45657506754708355
2022-05-06 13:15:00,0.45569749536701576
2022-05-06 13:20:00,0.45482132416355103
2022-05-06 13:25:00,0.4539465573275746
2022-05-06 13:30:00,0.4530731980770335
2022-05-06 13:35:00,0.45220124946336837
2022-05-06 13:40:00,0.4513307143776488
2022-05-06 13:45:00,0.45046159555643106
2022-05-06 13:50:00,0.4495938955873501
2022-05-06 13:55:00,0.4487276169144649
2022-05-06 14:00:00,0.4478627618433662
2022-05-06 14:05:00,0.44699933254606256
2022-05-06 14:10:00,0.0
2022-05-06 14:15:00,0.0
2022-05-06 14:20:00,0.0
2022-05-06 14:25:00,0.0021275187996258878
2022-05-06 14:30:00,0.006369640532350406
2022-05-06 14:35:00,0.008452452429189954
2022-05-06 14:40:00,0.008380634596901367
2022-05-06 14:45:00,0.008297193066062632
2022-05-06 14:50:00,0.008208662393323598
2022-05-06 14:55:00,0.008117529995463838
2022-05-06 15:00:00,0.008025041736788807
2022-05-06 15:05:00,0.00793191574864969
2022-05-06 15:10:00,0.007838603817153851
2022-05-06 15:15:00,0.007745407664167264
2022-05-06 15:20:00,0.007652537628582095
2022-05-06 15:25:00,0.007560145064643866
2022-05-06 15:30:00,0.007468341486012782
2022-05-06 15:35:00,0.0073772104981894605
2022-05-06 15:40:00,0.00941433436397993
2022-05-06 15:45:00,0.009311808176639583
2022-05-06 15:50:00,0.011331663394939039
2022-05-06 15:55:00,0.015464695629632964
2022-05-06 16:00:00,0.019565697745142926
2022-05-06 16:05:00,0.023626972240015948
2022-05-06 16:10:00,0.02764542229571763
2022-05-06 16:15:00,0.029492002895473605
2022-05-06 16:20:00,0.03556139834980794
2022-05-06 16:25:00,0.03732328138932135
2022-05-06 16:30:00,0.03692123034446797
2022-05-06 16:35:00,0.0386317090208328
2022-05-06 16:40:00,0.04245082567117878
2022-05-06 16:45:00,0.04198100423478135
2022-05-06 16:50:00,0.041496974922296495
2022-05-06 16:55:00,0.041008554449699856
2022-05-06 17:00:00,0.04051944289249214
2022-05-06 17:05:00,0.040031549762304726
2022-05-06 17:10:00,0.03954601890214591
2022-05-06 17:15:00,0.04119111518689507
2022-05-06 17:20:00,0.07473969906477779
2022-05-06 17:25:00,0.18467033318740478
2022-05-06 17:30:00,0.4002119090875349
2022-05-06 17:35:00,0.7311066296424775
2022-05-06 17:40:00,1.0826362598945916
2022-05-06 17:45:00,1.390342513122903
2022-05-06 17:50:00,1.492507071058698
2022-05-06 17:55:00,1.522247334396896
2022-05-06 18:00:00,1.5230833877686465
2022-05-06 18:05:00,1.5126057773742332
2022-05-06 18:10:00,1.4975204098612631
2022-05-06 18:15:00,1.480141714292017
2022-05-06 18:20:00,1.4627121098668285
2022-05-06 18:25:00,1.445299254626434
2022-05-06 18:30:00,1.4279464786345009
2022-05-06 18:35:00,1.4128111910858505
2022-05-06 18:40:00,1.397774422215435
2022-05-06 18:45:00,1.3807185107476696
2022-05-06 18:50:00,1.3637934705518235
2022-05-06 18:55:00,1.3470131317376346
2022-05-06 19:00:00,1.3303860228932036
2022-05-06 19:05:00,1.3139181572063359
2022-05-06 19:10:00,1.2976139295286595
2022-05-06 19:15:00,1.2814765686947476
2022-05-06 19:20:00,1.2655084171545332
2022-05-06 19:25:00,1.2497111226865263
2022-05-06 19:30:00,1.2340857777319751
2022-05-06 19:35:00,1.2186330244373835
2022-05-06 19:40:00,1.2033531358699063
2022-05-06 19:45:00,1.1882460800012296
2022-05-06 19:50:00,1.1733115708680035
2022-05-06 19:55:00,1.1585491099800909
2022-05-06 20:00:00,1.1439580201834847
2022-05-06 20:05:00,1.1295374736018187
2022-05-06 20:10:00,1.1152865148744646
2022-05-06 20:15:00,1.101204080619286
2022-05-06 20:20:00,1.0872890158367579
2022-05-06 20:25:00,1.0735400878154349
2022-05-06 20:30:00,1.0599559979808066
2022-05-06 20:35:00,1.0465353920397145
2022-05-06 20:40:00,1.0332768687032572
2022-05-06 20:45:00,1.0201789872172093
2022-05-06 20:50:00,1.007240273886658
2022-05-06 20:55:00,0.9944592277480409
2022-05-06 21:00:00,0.9818343255150297
2022-05-06 21:05:00,0.9693640259032168
2022-05-06 21:10:00,0.9570467734211916
2022-05-06 21:15:00,0.9448810017014504
2022-05-06 21:20:00,0.9328651364330252
2022-05-06 21:25:00,0.920997597948191
2022-05-06 21:30:00,0.9092768035077523
2022-05-06 21:35:00,0.8977011693228698
2022-05-06 21:40:00,0.8905241499451836
2022-05-06 21:45:00,0.8919733705223609
2022-05-06 21:50:00,0.8892185592036056
2022-05-06 21:55:00,0.8801280668047144
2022-05-06 22:00:00,0.8689947024482274
2022-05-06 22:05:00,0.8579741474465923
2022-05-06 22:10:00,0.8470768821078027
2022-05-06 22:15:00,0.8363066223933202
2022-05-06 22:20:00,0.8256646840191213
2022-05-06 22:25:00,0.8151512727393814
2022-05-06 22:30:00,0.8047660038834963
2022-05-06 22:35:00,0.7945081495860054
2022-05-06 22:40:00,0.7843767701005313
2022-05-06 22:45:00,0.7743707893127736
2022-05-06 22:50:00,0.7644890408856506
2022-05-06 22:55:00,0.7547302978530295
2022-05-06 23:00:00,0.7450932923614889
2022-05-06 23:05:00,0.7355767292788838
2022-05-06 23:10:00,0.7261792958383743
2022-05-06 23:15:00,0.716899668636085
2022-05-06 23:20:00,0.7077365188124474
2022-05-06 23:25:00,0.6986885159561438
2022-05-06 23:30:00,0.6897543310900679
2022-05-06 23:35:00,0.6809326389847528
2022-05-06 23:40:00,0.67222211997047
2022-05-06 23:45:00,0.6636214613697233
2022-05-06 23:50:00,0.6551293586381751
2022-05-06 23:55:00,0.6467445162786973
2022-05-07 00:00:00,0.6384656485767672
2022-05-07 00:05:00,0.6302914801936361
2022-05-07 00:10:00,0.6222207466451232
2022-05-07 00:15:00,0.6142521946875796
2022-05-07 00:20:00,0.6063845826278651
2022-05-07 00:25:00,0.5986166805706292
2022-05-07 00:30:00,0.590947270613494
2022-05-07 00:35:00,0.5833751469986522
2022-05-07 00:40:00,0.5758991162277804
2022-05-07 00:45:00,0.5685179971459051
2022-05-07 00:50:00,0.5612306209988556
2022-05-07 00:55:00,0.554035831468144
2022-05-07 01:00:00,0.5469324846864745
2022-05-07 01:05:00,0.539919449236566
2022-05-07 01:10:00,0.5329956061355546
2022-05-07 01:15:00,0.5261598488068961
2022-05-07 01:20:00,0.5194110830414104
2022-05-07 01:25:00,0.5127482269488676
2022-05-07 01:30:00,0.5061702109013303
2022-05-07 01:35:00,0.49967597746929293
2022-05-07 01:40:00,0.49326448135152723
2022-05-07 01:45:00,0.48693468929942685
2022-05-07 01:50:00,0.48068558003653994
2022-05-07 01:55:00,0.4745161441739002
2022-05-07 02:00:00,0.4684253841216892
2022-05-07 02:05:00,0.46241231399770516
2022-05-07 02:10:00,0.4564759595330539
2022-05-07 02:15:00,0.4506153579754373
2022-05-07 02:20:00,0.4448295579903675
2022-05-07 02:25:00,0.4391176195606049
2022-05-07 02:30:00,0.43347861388408315
2022-05-07 02:35:00,0.4279116232705582
2022-05-07 02:40:00,0.4224157410371951
2022-05-07 02:45:00,0.4169900714032833
2022-05-07 02:50:00,0.41163372938425324
2022-05-07 02:55:00,0.40634584068514945
2022-05-07 03:00:00,0.40112554159370184
2022-05-07 03:05:00,0.3959719788731203
2022-05-07 03:10:00,0.39088430965473014
2022-05-07 03:15:00,0.3858617013305503
2022-05-07 03:20:00,0.38090333144591015
2022-05-07 03:25:00,0.3760083875921906
2022-05-07 03:30:00,0.3711760672997667
2022-05-07 03:35:00,0.3664055779312225
2022-05-07 03:40:00,0.36169613657490307
2022-05-07 03:45:00,0.3570469699388605
2022-05-07 03:50:00,0.35245731424524795
2022-05-07 03:55:00,0.3479264151252099
2022-05-07 04:00:00,0.34345352751430985
2022-05-07 04:05:00,0.3390379155485385
2022-05-07 04:10:00,0.3346788524609349
2022-05-07 04:15:00,0.3303756204788544
2022-05-07 04:20:00,0.32612751072191326
2022-05-07 04:25:00,0.3219338231006338
2022-05-07 04:30:00,0.3177938662158171
2022-05-07 04:35:00,0.3137069572586614
2022-05-07 04:40:00,0.30967242191164773
2022-05-07 04:45:00,0.3056895942502077
2022-05-07 04:50:00,0.30175781664519075
2022-05-07 04:55:00,0.29787643966614225
2022-05-07 05:00:00,0.29404482198540527
2022-05-07 05:05:00,0.2902623302830567
2022-05-07 05:10:00,0.2865283391526852
2022-05-07 05:15:00,0.28284223100802075
2022-05-07 05:20:00,0.27920339599041966
2022-05-07 05:25:00,0.27561123187721365
2022-05-07 05:30:00,0.2720651439909244
2022-05-07 05:35:00,0.26856454510934885
2022-05-07 05:40:00,0.26510885537651774
2022-05-07 05:45:00,0.26169750221452853
2022-05-07 05:50:00,0.25832992023625445
2022-05-07 05:55:00,0.25500555115893003
2022-05-07 06:00:00,0.25172384371861267
2022-05-07 06:05:00,0.24848425358551968
2022-05-07 06:10:00,0.24528624328023946
2022-05-07 06:15:00,0.2421292820908152
2022-05-07 06:20:00,0.23901284599069825
2022-05-07 06:25:00,0.23593641755756928
2022-05-07 06:30:00,0.2328994858930235
2022-05-07 06:35:00,0.2299015465431169
2022-05-07 06:40:00,0.22694210141976937
2022-05-07 06:45:00,0.22402065872302107
2022-05-07 06:50:00,0.22113673286413726
2022-05-07 06:55:00,0.21828984438955717
2022-05-07 07:00:00,0.21547951990568187
2022-05-07 07:05:00,0.21270529200449642
2022-05-07 07:10:00,0.2099666991900205
2022-05-07 07:15:00,0.20726328580558231
2022-05-07 07:20:00,0.2045946019619102
2022-05-07 07:25:00,0.20196020346603577
2022-05-07 07:30:00,0.19935965175100312
2022-05-07 07:35:00,0.1967925138063776
2022-05-07 07:40:00,0.19425836210954822
2022-05-07 07:45:00,0.1917567745578172
2022-05-07 07:50:00,0.18928733440127044
2022-05-07 07:55:00,0.18684963017642256
2022-05-07 08:00:00,0.18444325564062927
2022-05-07 08:05:00,0.1820678097072615
2022-05-07 08:10:00,0.1797228963816338
2022-05-07 08:15:00,0.1774081246976808
2022-05-07 08:20:00,0.17512310865537428
2022-05-07 08:25:00,0.17286746715887522
2022-05-07 08:30:00,0.17064082395541275
2022-05-07 08:35:00,0.168442807574884
2022-05-07 08:40:00,0.16627305127016762
2022-05-07 08:45:00,0.16413119295814438
2022-05-07 08:50:00,0.16201687516141736
2022-05-07 08:55:00,0.15992974495072598
2022-05-07 09:00:00,0.1578694538880455
2022-05-07 09:05:00,0.15583565797036647
2022-05-07 09:10:00,0.15382801757414655
2022-05-07 09:15:00,0.15184619740042793
2022-05-07 09:20:00,0.14988986642061358
2022-05-07 09:25:00,0.1479586978228957
2022-05-07 09:30:00,0.14605236895932922
2022-05-07 09:35:00,0.14417056129354391
2022-05-07 09:40:00,0.14231296034908814
2022-05-07 09:45:00,0.14047925565839764
2022-05-07 09:50:00,0.1386691407123826
2022-05-07 09:55:00,0.1368823129106267
2022-05-07 10:00:00,0.1351184735121908
2022-05-07 10:05:00,0.13337732758701557
2022-05-07 10:10:00,0.13165858396791566
2022-05-07 10:15:00,0.12996195520315995
2022-05-07 10:20:00,0.1282871575096302
2022-05-07 10:25:00,0.12663391072655278
2022-05-07 10:30:00,0.12500193826979644
2022-05-07 10:35:00,0.12339096708673007
2022-05-07 10:40:00,0.12180072761163424
2022-05-07 10:45:00,0.12023095372166001
2022-05-07 10:50:00,0.11868138269332906
2022-05-07 10:55:00,0.117151755159569
2022-05-07 11:00:00,0.11564181506727766
2022-05-07 11:05:00,0.11415130963541048
2022-05-07 11:10:00,0.11267998931358478
2022-05-07 11:15:00,0.11122760774119525
2022-05-07 11:20:00,0.10979392170703466
2022-05-07 11:25:00,0.10837869110941381
2022-05-07 11:30:00,0.10698167891677529
2022-05-07 11:35:00,0.10560265112879484
2022-05-07 11:40:00,0.10424137673796528
2022-05-07 11:45:00,0.10289762769165667
2022-05-07 11:50:00,0.10157117885464756
2022-05-07 11:55:00,0.10026180797212192
2022-05-07 12:00:00,0.09896929563312584
2022-05-07 12:05:00,0.09769342523447894
2022-05-07 12:10:00,0.09643398294513504
2022-05-07 12:15:00,0.09519075767098667
2022-05-07 12:20:00,0.09396354102010848
2022-05-07 12:25:00,0.09275212726843374
2022-05-07 12:30:00,0.09155631332585958
2022-05-07 12:35:00,0.0903758987027751
2022-05-07 12:40:00,0.08921068547700788
2022-05-07 12:45:00,0.0880604782611836
2022-05-07 12:50:00,0.0869250841704938
2022-05-07 12:55:00,0.08580431279086709
2022-05-07 13:00:00,0.08469797614753882
2022-05-07 13:05:00,0.0836058886740144
2022-05-07 13:10:00,0.08252786718142166
2022-05-07 13:15:00,0.08146373082824745
2022-05-07 13:20:00,0.08041330109045376
2022-05-07 13:25:00,0.07937640173196914
2022-05-07 13:30:00,0.07835285877555034
2022-05-07 13:35:00,0.07734250047401015
2022-05-07 13:40:00,0.07634515728180666
2022-05-07 13:45:00,0.07536066182698982
2022-05-07 13:50:00,0.0743888488835008
2022-05-07 13:55:00,0.07342955534381973
2022-05-07 14:00:00,0.072482620191958
2022-05-07 14:05:00,0.07154788447679032
2022-05-07 14:10:00,0.07062519128572296
2022-05-07 14:15:00,0.06971438571869368
2022-05-07 14:20:00,0.06881531486249934
2022-05-07 14:25:00,0.06792782776544745
2022-05-07 14:30:00,0.06705177541232724
2022-05-07 14:35:00,0.06618701069969674
2022-05-07 14:40:00,0.06533338841148179
2022-05-07 14:45:00,0.064490765194883
2022-05-07 14:50:00,0.0636589995365873
2022-05-07 14:55:00,0.06283795173927978
2022-05-07 15:00:00,0.0620274838984526
2022-05-07 15:05:00,0.06122745987950705
2022-05-07 15:10:00,0.060437745295145104
2022-05-07 15:15:00,0.05965820748304708
2022-05-07 15:20:00,0.05888871548383171
2022-05-07 15:25:00,0.05812914001929516
2022-05-07 15:30:00,0.057379353470925605
2022-05-07 15:35:00,0.05663922985868985
2022-05-07 15:40:00,0.055908644820088706
2022-05-07 15:45:00,0.05518747558947776
2022-05-07 15:50:00,0.05447560097765013
2022-05-07 15:55:00,0.05377290135167817
2022-05-07 16:00:00,0.053079258615010796
2022-05-07 16:05:00,0.052394556187823044
2022-05-07 16:10:00,0.05171867898761516
2022-05-07 16:15:00,0.051051513410057724
2022-05-07 16:20:00,0.05039294731007993
2022-05-07 16:25:00,0.04974286998319791
2022-05-07 16:30:00,0.04910117214708021
2022-05-07 16:35:00,0.048467745923347294
2022-05-07 16:40:00,0.047842484819602356
2022-05-07 16:45:00,0.04722528371169032
2022-05-07 16:50:00,0.046616038826182406
2022-05-07 16:55:00,0.04601464772308324
2022-05-07 17:00:00,0.04542100927875785
2022-05-07 17:05:00,0.04483502366907577
2022-05-07 17:10:00,0.04425659235276949
2022-05-07 17:15:00,0.04368561805500458
2022-05-07 17:20:00,0.04312200475115886
2022-05-07 17:25:00,0.04256565765080804
2022-05-07 17:30:00,0.04201648318191504
2022-05-07 17:35:00,0.041474388975220704
2022-05-07 17:40:00,0.04093928384883319
2022-05-07 17:45:00,0.04041107779301359
2022-05-07 17:50:00,0.039889681955155264
2022-05-07 17:55:00,0.039375008624954695
2022-05-07 18:00:00,0.03886697121977102
2022-05-07 18:05:00,0.038365484270172286
2022-05-07 18:10:00,0.037870463405665813
2022-05-07 18:15:00,0.037381825340610506
2022-05-07 18:20:00,0.03689948786030868
2022-05-07 18:25:00,0.036423369807275244
2022-05-07 18:30:00,0.035953391067682014
2022-05-07 18:35:00,0.03548947255797483
2022-05-07 18:40:00,0.0350315362116614
2022-05-07 18:45:00,0.03457950496626776
2022-05-07 18:50:00,0.03413330275046103
2022-05-07 18:55:00,0.033692854471336575
2022-05-07 19:00:00,0.03325808600186741
2022-05-07 19:05:00,0.03282892416851373
2022-05-07 19:10:00,0.032405296738990674
2022-05-07 19:15:00,0.03198713241019224
2022-05-07 19:20:00,0.031574360796269366
2022-05-07 19:25:00,0.031166912416860305
2022-05-07 19:30:00,0.030764718685471266
2022-05-07 19:35:00,0.030367711898005526
2022-05-07 19:40:00,0.02997582522143903
2022-05-07 19:45:00,0.029588992682640695
2022-05-07 19:50:00,0.029207149157335566
2022-05-07 19:55:00,0.028830230359209022
2022-05-07 20:00:00,0.028458172829150204
2022-05-07 20:05:00,0.02809091392463296
2022-05-07 20:10:00,0.027728391809232533
2022-05-07 20:15:00,0.02737054544227626
2022-05-07 20:20:00,0.027017314568626598
2022-05-07 20:25:00,0.026668639708594843
2022-05-07 20:30:00,0.026324462147983736
2022-05-07 20:35:00,0.02598472392825754
2022-05-07 20:40:00,0.02564936783683778
2022-05-07 20:45:00,0.025318337397523136
2022-05-07 20:50:00,0.024991576861031914
2022-05-07 20:55:00,0.02466903119566551
2022-05-07 21:00:00,0.02435064607809135
2022-05-07 21:05:00,0.024036367884243782
2022-05-07 21:10:00,0.023726143680341427
2022-05-07 21:15:00,0.0234199212140195
2022-05-07 21:20:00,0.023117648905575622
2022-05-07 21:25:00,0.02281927583932773
2022-05-07 21:30:00,0.022524751755082624
2022-05-07 21:35:00,0.022234027039713743
2022-05-07 21:40:00,0.021947052718846782
2022-05-07 21:45:00,0.021663780448651797
2022-05-07 21:50:00,0.02138416250774041
2022-05-07 21:55:00,0.021108151789166835
2022-05-07 22:00:00,0.02083570179253131
2022-05-07 22:05:00,0.02056676661618473
2022-05-07 22:10:00,0.020301300949533124
2022-05-07 22:15:00,0.020039260065440732
2022-05-07 22:20:00,0.019780599812730428
2022-05-07 22:25:00,0.01952527660878023
2022-05-07 22:30:00,0.01925822943588542
2022-05-07 22:35:00,0.0189796097224032
2022-05-07 22:40:00,0.018719602933869407
2022-05-07 22:45:00,0.01847796882152601
2022-05-07 22:50:00,0.018239452239751444
2022-05-07 22:55:00,0.018004012994463574
2022-05-07 23:00:00,0.01777161140925819
2022-05-07 23:05:00,0.017542208318752667
2022-05-07 23:10:00,0.017315765062014973
2022-05-07 23:15:00,0.017092243476076935
2022-05-07 23:20:00,0.01687160588953069
2022-05-07 23:25:00,0.016653815116207248
2022-05-07 23:30:00,0.016438834448936145
2022-05-07 23:35:00,0.016226627653385124
2022-05-07 23:40:00,0.01601715896197883
2022-05-07 23:45:00,0.015795375071566267
2022-05-07 23:50:00,0.015591471018512663
2022-05-07 23:55:00,0.015375180009052074
2022-05-08 00:00:00,0.01514666201134807
2022-05-08 00:05:00,0.01492109292458923
2022-05-08 00:10:00,0.014698434717284879
2022-05-08 00:15:00,0.014478649847995895
2022-05-08 00:20:00,0.014276719255358117
2022-05-08 00:25:00,0.014047358474509965
2022-05-08 00:30:00,0.01385099367576279
2022-05-08 00:35:00,0.013672180893231065
2022-05-08 00:40:00,0.013480657557194516
2022-05-08 00:45:00,0.013276587805509539
2022-05-08 00:50:00,0.013105187646061077
2022-05-08 00:55:00,0.012935999326369452
2022-05-08 01:00:00,0.012768994320559232
2022-05-08 01:05:00,0.012604144470330186
2022-05-08 01:10:00,0.012441421980227187
2022-05-08 01:15:00,0.012280799412970868
2022-05-08 01:20:00,0.012107231688518913
2022-05-08 01:25:00,0.011710634019265453
2022-05-08 01:30:00,0.01077850802524923
2022-05-08 01:35:00,0.009107515947067497
2022-05-08 01:40:00,0.006632107297831801
2022-05-08 01:45:00,0.004023459772614874
2022-05-08 01:50:00,0.0017338336664965268
2022-05-08 01:55:00,0.0009004780282616202
2022-05-08 02:00:00,0.0005734754917317499
2022-05-08 02:05:00,0.00044592871781304555
2022-05-08 02:10:00,0.000395118607232741
2022-05-08 02:15:00,0.00037500044178770885
2022-05-08 02:20:00,0.00037015996906947886
2022-05-08 02:25:00,0.0003653819463148236
2022-05-08 02:30:00,0.0003606655683835859
2022-05-08 02:35:00,0.0003560100405049205
2022-05-08 02:40:00,0.00033639658181468837
2022-05-08 02:45:00,0.00031703630991272887
2022-05-08 02:50:00,0.00031294395428323977
2022-05-08 02:55:00,0.00030890439817490156
2022-05-08 03:00:00,0.00030491696083722995
2022-05-08 03:05:00,0.00030098097028766164
2022-05-08 03:10:00,0.00029709576319880996
2022-05-08 03:15:00,0.0002932606847871667
2022-05-08 03:20:00,0.0002894750887032321
2022-05-08 03:25:00,0.0002857383369230523
2022-05-08 03:30:00,0.000282049799641149
2022-05-08 03:35:00,0.0002784088551648224
2022-05-08 03:40:00,0.0002748148898098092
2022-05-08 03:45:00,0.00027126729779728033
2022-05-08 03:50:00,0.0002677654811521588
2022-05-08 03:55:00,0.00026430884960274275
2022-05-08 04:00:00,0.0002608968204816164
2022-05-08 04:05:00,0.00025752881862783217
2022-05-08 04:10:00,0.00025420427629034814
2022-05-08 04:15:00,0.0002509226330327045
2022-05-08 04:20:00,0.0002476833356389237
2022-05-08 04:25:00,0.00024448583802061743
2022-05-08 04:30:00,0.00024132960112528687
2022-05-08 04:35:00,0.0002382140928457994
2022-05-08 04:40:00,0.000235138787931027
2022-05-08 04:45:00,0.00023210316789763243
2022-05-08 04:50:00,0.0002291067209429873
2022-05-08 04:55:00,0.00022614894185920845
2022-05-08 05:00:00,0.0002232293319482978
2022-05-08 05:05:00,0.00022034739893837156
2022-05-08 05:10:00,0.0002175026569009657
2022-05-08 05:15:00,0.0002146946261694025
2022-05-08 05:20:00,0.00021192283325820578
2022-05-08 05:25:00,0.00020918681078355118
2022-05-08 05:30:00,0.00020648609738473746
2022-05-08 05:35:00,0.0002038202376466669
2022-05-08 05:40:00,0.00020118878202332125
2022-05-08 05:45:00,0.00016855529410364788
2022-05-08 05:50:00,7.627113459760943e-05
2022-05-08 05:55:00,1.521442711870675e-05
2022-05-08 06:00:00,0.0
2022-05-08 06:05:00,0.0
2022-05-08 06:10:00,0.0
2022-05-08 06:15:00,0.0
2022-05-08 06:20:00,0.0
2022-05-08 06:25:00,0.0
2022-05-08 06:30:00,0.0
2022-05-08 06:35:00,0.0
2022-05-08 06:40:00,0.0
2022-05-08 06:45:00,0.0
2022-05-08 06:50:00,0.0
2022-05-08 06:55:00,0.0
2022-05-08 07:00:00,0.0
2022-05-08 07:05:00,0.0
2022-05-08 07:10:00,0.0
2022-05-08 07:15:00,0.0
2022-05-08 07:20:00,0.0
2022-05-08 07:25:00,0.0
2022-05-08 07:30:00,0.0
2022-05-08 07:35:00,0.0
2022-05-08 07:40:00,0.0
2022-05-08 07:45:00,0.0
2022-05-08 07:50:00,0.0
2022-05-08 07:55:00,0.0
2022-05-08 08:00:00,0.0
2022-05-08 08:05:00,0.0
2022-05-08 08:10:00,0.0
2022-05-08 08:15:00,0.0
2022-05-08 08:20:00,0.0
2022-05-08 08:25:00,0.0
2022-05-08 08:30:00,0.0
2022-05-08 08:35:00,0.0
2022-05-08 08:40:00,0.0
2022-05-08 08:45:00,0.0
2022-05-08 08:50:00,0.0
2022-05-08 08:55:00,0.0
2022-05-08 09:00:00,0.0
2022-05-08 09:05:00,0.0
2022-05-08 09:10:00,0.0
2022-05-08 09:15:00,0.0
2022-05-08 09:20:00,0.0
2022-05-08 09:25:00,0.0
2022-05-08 09:30:00,0.0
2022-05-08 09:35:00,0.0
2022-05-08 09:40:00,0.0
2022-05-08 09:45:00,0.0
2022-05-08 09:50:00,0.0
2022-05-08 09:55:00,0.0
2022-05-08 10:00:00,0.0
2022-05-08 10:05:00,0.0
2022-05-08 10:10:00,0.0
2022-05-08 10:15:00,0.0
2022-05-08 10:20:00,0.0
2022-05-08 10:25:00,0.0
2022-05-08 10:30:00,0.0
2022-05-08 10:35:00,0.0
2022-05-08 10:40:00,0.0
2022-05-08 10:45:00,0.0
2022-05-08 10:50:00,0.0
2022-05-08 10:55:00,0.0
2022-05-08 11:00:00,0.0
2022-05-08 11:05:00,0.0
2022-05-08 11:10:00,0.0
2022-05-08 11:15:00,0.0
2022-05-08 11:20:00,0.0
2022-05-08 11:25:00,0.0
2022-05-08 11:30:00,0.0
2022-05-08 11:35:00,0.0
2022-05-08 11:40:00,0.0
2022-05-08 11:45:00,0.0
2022-05-08 11:50:00,0.0
2022-05-08 11:55:00,0.0
2022-05-08 12:00:00,0.0
2022-05-08 12:05:00,0.0
2022-05-08 12:10:00,0.0
2022-05-08 12:15:00,0.0
2022-05-08 12:20:00,0.0
2022-05-08 12:25:00,0.0
2022-05-08 12:30:00,0.0
2022-05-08 12:35:00,0.0
2022-05-08 12:40:00,0.0
2022-05-08 12:45:00,0.0
2022-05-08 12:50:00,0.0
2022-05-08 12:55:00,0.0
2022-05-08 13:00:00,0.0
2022-05-08 13:05:00,0.0
2022-05-08 13:10:00,0.0
2022-05-08 13:15:00,0.0
2022-05-08 13:20:00,0.0
2022-05-08 13:25:00,0.0
2022-05-08 13:30:00,0.0
2022-05-08 13:35:00,0.0
2022-05-08 13:40:00,0.0
2022-05-08 13:45:00,0.0
2022-05-08 13:50:00,0.0
2022-05-08 13:55:00,0.0
2022-05-08 14:00:00,0.0
2022-05-08 14:05:00,0.0
2022-05-08 14:10:00,0.0
2022-05-08 14:15:00,0.0
2022-05-08 14:20:00,0.0
2022-05-08 14:25:00,0.0
2022-05-08 14:30:00,0.0
2022-05-08 14:35:00,0.0
2022-05-08 14:40:00,0.0
2022-05-08 14:45:00,0.0
2022-05-08 14:50:00,0.0
2022-05-08 14:55:00,0.0
2022-05-08 15:00:00,0.0
2022-05-08 15:05:00,0.0
2022-05-08 15:10:00,0.0
2022-05-08 15:15:00,0.0
2022-05-08 15:20:00,0.0
2022-05-08 15:25:00,0.0
2022-05-08 15:30:00,0.0
2022-05-08 15:35:00,0.0
2022-05-08 15:40:00,0.0
2022-05-08 15:45:00,0.0
2022-05-08 15:50:00,0.0
2022-05-08 15:55:00,0.0
2022-05-08 16:00:00,0.0
2022-05-08 16:05:00,0.0
2022-05-08 16:10:00,0.0
2022-05-08 16:15:00,0.0
2022-05-08 16:20:00,0.0
2022-05-08 16:25:00,0.0
2022-05-08 16:30:00,0.0
2022-05-08 16:35:00,0.0
2022-05-08 16:40:00,0.0
2022-05-08 16:45:00,0.0
2022-05-08 16:50:00,0.0
2022-05-08 16:55:00,0.0
2022-05-08 17:00:00,0.0
2022-05-08 17:05:00,0.0
2022-05-08 17:10:00,0.0
2022-05-08 17:15:00,0.0
2022-05-08 17:20:00,0.0
2022-05-08 17:25:00,0.0
2022-05-08 17:30:00,0.0
2022-05-08 17:35:00,0.0
2022-05-08 17:40:00,0.0
2022-05-08 17:45:00,0.0
2022-05-08 17:50:00,0.0
2022-05-08 17:55:00,0.0
2022-05-08 18:00:00,0.0
2022-05-08 18:05:00,0.0
2022-05-08 18:10:00,0.0
2022-05-08 18:15:00,0.0
2022-05-08 18:20:00,0.0
2022-05-08 18:25:00,0.0
2022-05-08 18:30:00,0.0
2022-05-08 18:35:00,0.0
2022-05-08 18:40:00,0.0
2022-05-08 18:45:00,0.0
2022-05-08 18:50:00,0.0
2022-05-08 18:55:00,0.0
2022-05-08 19:00:00,0.0
2022-05-08 19:05:00,0.0
2022-05-08 19:10:00,0.0
2022-05-08 19:15:00,0.0
2022-05-08 19:20:00,0.0
2022-05-08 19:25:00,0.0
2022-05-08 19:30:00,0.0
2022-05-08 19:35:00,0.0
2022-05-08 19:40:00,0.0
2022-05-08 19:45:00,0.0
2022-05-08 19:50:00,0.0
2022-05-08 19:55:00,0.0
2022-05-08 20:00:00,0.0
2022-05-08 20:05:00,0.0
2022-05-08 20:10:00,0.0
2022-05-08 20:15:00,0.0
2022-05-08 20:20:00,0.0
2022-05-08 20:25:00,0.0
2022-05-08 20:30:00,0.0
2022-05-08 20:35:00,0.0
2022-05-08 20:40:00,0.0
2022-05-08 20:45:00,0.0
2022-05-08 20:50:00,0.0
2022-05-08 20:55:00,0.0
2022-05-08 21:00:00,0.0
2022-05-08 21:05:00,0.0
2022-05-08 21:10:00,0.0
2022-05-08 21:15:00,0.0
2022-05-08 21:20:00,0.0
2022-05-08 21:25:00,0.0
2022-05-08 21:30:00,0.0
2022-05-08 21:35:00,0.0
2022-05-08 21:40:00,0.0
2022-05-08 21:45:00,0.0
2022-05-08 21:50:00,0.0
2022-05-08 21:55:00,0.0
2022-05-08 22:00:00,0.0
2022-05-08 22:05:00,0.0
2022-05-08 22:10:00,0.0
2022-05-08 22:15:00,0.0
2022-05-08 22:20:00,0.0
2022-05-08 22:25:00,0.0
2022-05-08 22:30:00,0.0
2022-05-08 22:35:00,0.0
2022-05-08 22:40:00,0.0
2022-05-08 22:45:00,0.0
2022-05-08 22:50:00,0.0
2022-05-08 22:55:00,0.0
2022-05-08 23:00:00,0.0
2022-05-08 23:05:00,0.0
2022-05-08 23:10:00,0.0
2022-05-08 23:15:00,0.0
2022-05-08 23:20:00,0.0
2022-05-08 23:25:00,0.0
2022-05-08 23:30:00,0.0
2022-05-08 23:35:00,0.0
2022-05-08 23:40:00,0.0
2022-05-08 23:45:00,0.0
2022-05-08 23:50:00,0.0
2022-05-08 23:55:00,0.0
2022-05-09 00:00:00,0.0
2022-05-09 00:05:00,0.0
2022-05-09 00:10:00,0.0
2022-05-09 00:15:00,0.0
2022-05-09 00:20:00,0.0
2022-05-09 00:25:00,0.0
2022-05-09 00:30:00,0.0
2022-05-09 00:35:00,0.0
2022-05-09 00:40:00,0.0
2022-05-09 00:45:00,0.0
2022-05-09 00:50:00,0.0
2022-05-09 00:55:00,0.0
2022-05-09 01:00:00,0.0
2022-05-09 01:05:00,0.0
2022-05-09 01:10:00,0.0
2022-05-09 01:15:00,0.0
2022-05-09 01:20:00,0.0
2022-05-09 01:25:00,0.0
2022-05-09 01:30:00,0.0
2022-05-09 01:35:00,0.0
2022-05-09 01:40:00,0.0
2022-05-09 01:45:00,0.0
2022-05-09 01:50:00,0.0
2022-05-09 01:55:00,0.0
2022-05-09 02:00:00,0.0
2022-05-09 02:05:00,0.0
2022-05-09 02:10:00,0.0
2022-05-09 02:15:00,0.0
2022-05-09 02:20:00,0.0
2022-05-09 02:25:00,0.0
2022-05-09 02:30:00,0.0
2022-05-09 02:35:00,0.0
2022-05-09 02:40:00,0.0
2022-05-09 02:45:00,0.0
2022-05-09 02:50:00,0.0
2022-05-09 02:55:00,0.0
2022-05-09 03:00:00,0.0
2022-05-09 03:05:00,0.0
2022-05-09 03:10:00,0.0
2022-05-09 03:15:00,0.0
2022-05-09 03:20:00,0.0
2022-05-09 03:25:00,0.0
2022-05-09 03:30:00,0.0
2022-05-09 03:35:00,0.0
2022-05-09 03:40:00,0.0
2022-05-09 03:45:00,0.0
2022-05-09 03:50:00,0.0
2022-05-09 03:55:00,0.0
2022-05-09 04:00:00,0.0
2022-05-09 04:05:00,0.0
2022-05-09 04:10:00,0.0
2022-05-09 04:15:00,0.0
2022-05-09 04:20:00,0.0
2022-05-09 04:25:00,0.0
2022-05-09 04:30:00,0.0
2022-05-09 04:35:00,0.0
2022-05-09 04:40:00,0.0
2022-05-09 04:45:00,0.0
2022-05-09 04:50:00,0.0
2022-05-09 04:55:00,0.0
2022-05-09 05:00:00,0.0
2022-05-09 05:05:00,0.0
2022-05-09 05:10:00,0.0
2022-05-09 05:15:00,0.0
2022-05-09 05:20:00,0.0
2022-05-09 05:25:00,0.0
2022-05-09 05:30:00,0.0
2022-05-09 05:35:00,0.0
2022-05-09 05:40:00,0.0
2022-05-09 05:45:00,0.0
2022-05-09 05:50:00,0.0
2022-05-09 05:55:00,0.0
2022-05-09 06:00:00,0.0
2022-05-09 06:05:00,0.0
2022-05-09 06:10:00,0.0
2022-05-09 06:15:00,0.0
2022-05-09 06:20:00,0.0
2022-05-09 06:25:00,0.0
2022-05-09 06:30:00,0.0
2022-05-09 06:35:00,0.0
2022-05-09 06:40:00,0.0
2022-05-09 06:45:00,0.0
2022-05-09 06:50:00,0.0
2022-05-09 06:55:00,0.0
2022-05-09 07:00:00,0.0
2022-05-09 07:05:00,0.0
2022-05-09 07:10:00,0.0
2022-05-09 07:15:00,0.0
2022-05-09 07:20:00,0.0
2022-05-09 07:25:00,0.0
2022-05-09 07:30:00,0.0
2022-05-09 07:35:00,0.0
2022-05-09 07:40:00,0.0
2022-05-09 07:45:00,0.0
2022-05-09 07:50:00,0.0
2022-05-09 07:55:00,0.0
2022-05-09 08:00:00,0.0
2022-05-09 08:05:00,0.0
2022-05-09 08:10:00,0.0
2022-05-09 08:15:00,0.0
2022-05-09 08:20:00,0.0
2022-05-09 08:25:00,0.0
2022-05-09 08:30:00,0.0
2022-05-09 08:35:00,0.0
2022-05-09 08:40:00,0.0
2022-05-09 08:45:00,0.0
2022-05-09 08:50:00,0.0
2022-05-09 08:55:00,0.0
2022-05-09 09:00:00,0.0
2022-05-09 09:05:00,0.0
2022-05-09 09:10:00,0.0
2022-05-09 09:15:00,0.0
2022-05-09 09:20:00,0.0
2022-05-09 09:25:00,0.0
2022-05-09 09:30:00,0.0
2022-05-09 09:35:00,0.0
2022-05-09 09:40:00,0.0
2022-05-09 09:45:00,0.0
2022-05-09 09:50:00,0.0
2022-05-09 09:55:00,0.0
2022-05-09 10:00:00,0.0
2022-05-09 10:05:00,0.0
2022-05-09 10:10:00,0.0
2022-05-09 10:15:00,0.0
2022-05-09 10:20:00,0.0
2022-05-09 10:25:00,0.0
2022-05-09 10:30:00,0.0
2022-05-09 10:35:00,0.0
2022-05-09 10:40:00,0.0
2022-05-09 10:45:00,0.0
2022-05-09 10:50:00,0.0
2022-05-09 10:55:00,0.0
2022-05-09 11:00:00,0.0
2022-05-09 11:05:00,0.0
2022-05-09 11:10:00,0.0
2022-05-09 11:15:00,0.0
2022-05-09 11:20:00,0.0
2022-05-09 11:25:00,0.0
2022-05-09 11:30:00,0.0
2022-05-09 11:35:00,0.0
2022-05-09 11:40:00,0.0
2022-05-09 11:45:00,0.0
2022-05-09 11:50:00,0.0
2022-05-09 11:55:00,0.0
2022-05-09 12:00:00,0.0
2022-05-09 12:05:00,0.0
2022-05-09 12:10:00,0.0
2022-05-09 12:15:00,0.0
2022-05-09 12:20:00,0.0
2022-05-09 12:25:00,0.0
2022-05-09 12:30:00,0.0
2022-05-09 12:35:00,0.0
2022-05-09 12:40:00,0.0
2022-05-09 12:45:00,0.0
2022-05-09 12:50:00,0.0
2022-05-09 12:55:00,0.0
2022-05-09 13:00:00,0.0
2022-05-09 13:05:00,0.0
2022-05-09 13:10:00,0.0
2022-05-09 13:15:00,0.0
2022-05-09 13:20:00,0.0
2022-05-09 13:25:00,0.0
2022-05-09 13:30:00,0.0
2022-05-09 13:35:00,0.0
2022-05-09 13:40:00,0.0
2022-05-09 13:45:00,0.0
2022-05-09 13:50:00,0.0
2022-05-09 13:55:00,0.0
2022-05-09 14:00:00,0.0
2022-05-09 14:05:00,0.0
2022-05-09 14:10:00,0.0
2022-05-09 14:15:00,0.0
2022-05-09 14:20:00,0.0
2022-05-09 14:25:00,0.0
2022-05-09 14:30:00,0.0
2022-05-09 14:35:00,0.0
2022-05-09 14:40:00,0.0
2022-05-09 14:45:00,0.0
2022-05-09 14:50:00,0.0
2022-05-09 14:55:00,0.0
2022-05-09 15:00:00,0.0
2022-05-09 15:05:00,0.0
2022-05-09 15:10:00,0.0
2022-05-09 15:15:00,0.0
2022-05-09 15:20:00,0.0
2022-05-09 15:25:00,0.0
2022-05-09 15:30:00,0.0
2022-05-09 15:35:00,0.0
2022-05-09 15:40:00,0.0
2022-05-09 15:45:00,0.0
2022-05-09 15:50:00,0.0
2022-05-09 15:55:00,0.0
2022-05-09 16:00:00,0.0
2022-05-09 16:05:00,0.0
2022-05-09 16:10:00,0.0
2022-05-09 16:15:00,0.0
2022-05-09 16:20:00,0.0
2022-05-09 16:25:00,0.0
2022-05-09 16:30:00,0.0
2022-05-09 16:35:00,0.0
2022-05-09 16:40:00,0.0
2022-05-09 16:45:00,0.0
2022-05-09 16:50:00,0.0
2022-05-09 16:55:00,0.0
2022-05-09 17:00:00,0.0
2022-05-09 17:05:00,0.0
2022-05-09 17:10:00,0.0
2022-05-09 17:15:00,0.0
2022-05-09 17:20:00,0.0
2022-05-09 17:25:00,0.0
2022-05-09 17:30:00,0.0
2022-05-09 17:35:00,0.0
2022-05-09 17:40:00,0.0
2022-05-09 17:45:00,0.0
2022-05-09 17:50:00,0.0
2022-05-09 17:55:00,0.0
2022-05-09 18:00:00,0.0
2022-05-09 18:05:00,0.0
2022-05-09 18:10:00,0.0
2022-05-09 18:15:00,0.0
2022-05-09 18:20:00,0.0
2022-05-09 18:25:00,0.0
2022-05-09 18:30:00,0.0
2022-05-09 18:35:00,0.0
2022-05-09 18:40:00,0.0
2022-05-09 18:45:00,0.0
2022-05-09 18:50:00,0.0
2022-05-09 18:55:00,0.0
2022-05-09 19:00:00,0.0
2022-05-09 19:05:00,0.0
2022-05-09 19:10:00,0.0
2022-05-09 19:15:00,0.0
2022-05-09 19:20:00,0.0
2022-05-09 19:25:00,0.0
2022-05-09 19:30:00,0.0
2022-05-09 19:35:00,0.0
2022-05-09 19:40:00,0.0
2022-05-09 19:45:00,0.0
2022-05-09 19:50:00,0.0
2022-05-09 19:55:00,0.0
2022-05-09 20:00:00,0.0
2022-05-09 20:05:00,0.0
2022-05-09 20:10:00,0.0
2022-05-09 20:15:00,0.0
2022-05-09 20:20:00,0.0
2022-05-09 20:25:00,0.0
2022-05-09 20:30:00,0.0
2022-05-09 20:35:00,0.0
2022-05-09 20:40:00,0.0
2022-05-09 20:45:00,0.0
2022-05-09 20:50:00,0.0
2022-05-09 20:55:00,0.0
2022-05-09 21:00:00,0.0
2022-05-09 21:05:00,0.0
2022-05-09 21:10:00,0.0
2022-05-09 21:15:00,0.0
2022-05-09 21:20:00,0.0
2022-05-09 21:25:00,0.0
2022-05-09 21:30:00,0.0
2022-05-09 21:35:00,0.0
2022-05-09 21:40:00,0.0
2022-05-09 21:45:00,0.0
2022-05-09 21:50:00,0.0
2022-05-09 21:55:00,0.0
2022-05-09 22:00:00,0.0
2022-05-09 22:05:00,0.0
2022-05-09 22:10:00,0.0
2022-05-09 22:15:00,0.0
2022-05-09 22:20:00,0.0
2022-05-09 22:25:00,0.0
2022-05-09 22:30:00,0.0
2022-05-09 22:35:00,0.0
2022-05-09 22:40:00,0.0
2022-05-09 22:45:00,0.0
2022-05-09 22:50:00,0.0
2022-05-09 22:55:00,0.0
2022-05-09 23:00:00,0.0
2022-05-09 23:05:00,0.0
2022-05-09 23:10:00,0.0
2022-05-09 23:15:00,0.0
2022-05-09 23:20:00,0.0
2022-05-09 23:25:00,0.0
2022-05-09 23:30:00,0.0
2022-05-09 23:35:00,0.0
2022-05-09 23:40:00,0.0
2022-05-09 23:45:00,0.0
2022-05-09 23:50:00,0.0
2022-05-09 23:55:00,0.0
2022-05-10 00:00:00,0.0
2022-05-10 00:05:00,0.0
2022-05-10 00:10:00,0.0
2022-05-10 00:15:00,0.0
2022-05-10 00:20:00,0.0
2022-05-10 00:25:00,0.0
2022-05-10 00:30:00,0.0
2022-05-10 00:35:00,0.0
2022-05-10 00:40:00,0.0
2022-05-10 00:45:00,0.0
2022-05-10 00:50:00,0.0
2022-05-10 00:55:00,0.0
2022-05-10 01:00:00,0.0
2022-05-10 01:05:00,0.0
2022-05-10 01:10:00,0.0
2022-05-10 01:15:00,0.0
2022-05-10 01:20:00,0.0
2022-05-10 01:25:00,0.0
2022-05-10 01:30:00,0.0
2022-05-10 01:35:00,0.0
2022-05-10 01:40:00,0.0
2022-05-10 01:45:00,0.0
2022-05-10 01:50:00,0.0
2022-05-10 01:55:00,0.0
2022-05-10 02:00:00,0.0
2022-05-10 02:05:00,0.0
2022-05-10 02:10:00,0.0
2022-05-10 02:15:00,0.0
2022-05-10 02:20:00,0.0
2022-05-10 02:25:00,0.0
2022-05-10 02:30:00,0.0
2022-05-10 02:35:00,0.0
2022-05-10 02:40:00,0.0
2022-05-10 02:45:00,0.0
2022-05-10 02:50:00,0.0
2022-05-10 02:55:00,0.0
2022-05-10 03:00:00,0.0
2022-05-10 03:05:00,0.0
2022-05-10 03:10:00,0.0
2022-05-10 03:15:00,0.0
2022-05-10 03:20:00,0.0
2022-05-10 03:25:00,0.0
2022-05-10 03:30:00,0.0
2022-05-10 03:35:00,0.0
2022-05-10 03:40:00,0.0
2022-05-10 03:45:00,0.0
2022-05-10 03:50:00,0.0
2022-05-10 03:55:00,0.0
2022-05-10 04:00:00,0.0
2022-05-10 04:05:00,0.0
2022-05-10 04:10:00,0.0
2022-05-10 04:15:00,0.0
2022-05-10 04:20:00,0.0
2022-05-10 04:25:00,0.0
2022-05-10 04:30:00,0.0
2022-05-10 04:35:00,0.0
2022-05-10 04:40:00,0.0
2022-05-10 04:45:00,0.0
2022-05-10 04:50:00,0.0
2022-05-10 04:55:00,0.0
2022-05-10 05:00:00,0.0
2022-05-10 05:05:00,0.0
2022-05-10 05:10:00,0.0
2022-05-10 05:15:00,0.0
2022-05-10 05:20:00,0.0
2022-05-10 05:25:00,0.0
2022-05-10 05:30:00,0.0
2022-05-10 05:35:00,0.0
2022-05-10 05:40:00,0.0
2022-05-10 05:45:00,0.0
2022-05-10 05:50:00,0.0
2022-05-10 05:55:00,0.0
2022-05-10 06:00:00,0.0
2022-05-10 06:05:00,0.0
2022-05-10 06:10:00,0.0
2022-05-10 06:15:00,0.0
2022-05-10 06:20:00,0.0
2022-05-10 06:25:00,0.0
2022-05-10 06:30:00,0.0
2022-05-10 06:35:00,0.0
2022-05-10 06:40:00,0.0
2022-05-10 06:45:00,0.0
2022-05-10 06:50:00,0.0
2022-05-10 06:55:00,0.0
2022-05-10 07:00:00,0.0
2022-05-10 07:05:00,0.0
2022-05-10 07:10:00,0.0
2022-05-10 07:15:00,0.0
2022-05-10 07:20:00,0.0
2022-05-10 07:25:00,0.0
2022-05-10 07:30:00,0.0
2022-05-10 07:35:00,0.0
2022-05-10 07:40:00,0.0
2022-05-10 07:45:00,0.0
2022-05-10 07:50:00,0.0
2022-05-10 07:55:00,0.0
2022-05-10 08:00:00,0.0
2022-05-10 08:05:00,0.0
2022-05-10 08:10:00,0.0
2022-05-10 08:15:00,0.0
2022-05-10 08:20:00,0.0
2022-05-10 08:25:00,0.0
2022-05-10 08:30:00,0.0
2022-05-10 08:35:00,0.0
2022-05-10 08:40:00,0.0
2022-05-10 08:45:00,0.0
2022-05-10 08:50:00,0.0
2022-05-10 08:55:00,0.0
2022-05-10 09:00:00,0.0
2022-05-10 09:05:00,0.0
2022-05-10 09:10:00,0.0
2022-05-10 09:15:00,0.0
2022-05-10 09:20:00,0.0
2022-05-10 09:25:00,0.0
2022-05-10 09:30:00,0.0
2022-05-10 09:35:00,0.0
2022-05-10 09:40:00,0.0
2022-05-10 09:45:00,0.0
2022-05-10 09:50:00,0.0
2022-05-10 09:55:00,0.0
2022-05-10 10:00:00,0.0
2022-05-10 10:05:00,0.0
2022-05-10 10:10:00,0.0
2022-05-10 10:15:00,0.0
2022-05-10 10:20:00,0.0
2022-05-10 10:25:00,0.0
2022-05-10 10:30:00,0.0
2022-05-10 10:35:00,0.0
2022-05-10 10:40:00,0.0
2022-05-10 10:45:00,0.0
2022-05-10 10:50:00,0.0
2022-05-10 10:55:00,0.0
2022-05-10 11:00:00,0.0
2022-05-10 11:05:00,0.0
2022-05-10 11:10:00,0.0
2022-05-10 11:15:00,0.0
2022-05-10 11:20:00,0.0
2022-05-10 11:25:00,0.0
2022-05-10 11:30:00,0.0
2022-05-10 11:35:00,0.0
2022-05-10 11:40:00,0.0
2022-05-10 11:45:00,0.0
2022-05-10 11:50:00,0.0
2022-05-10 11:55:00,0.0
2022-05-10 12:00:00,0.0
2022-05-10 12:05:00,0.0
2022-05-10 12:10:00,0.0
2022-05-10 12:15:00,0.0
2022-05-10 12:20:00,0.0
2022-05-10 12:25:00,0.0
2022-05-10 12:30:00,0.0
2022-05-10 12:35:00,0.0
2022-05-10 12:40:00,0.0
2022-05-10 12:45:00,0.0
2022-05-10 12:50:00,0.0
2022-05-10 12:55:00,0.0
2022-05-10 13:00:00,0.0
2022-05-10 13:05:00,0.0
2022-05-10 13:10:00,0.0
2022-05-10 13:15:00,0.0
2022-05-10 13:20:00,0.0
2022-05-10 13:25:00,0.0
2022-05-10 13:30:00,0.0
2022-05-10 13:35:00,0.0
2022-05-10 13:40:00,0.0
2022-05-10 13:45:00,0.0
2022-05-10 13:50:00,0.0
2022-05-10 13:55:00,0.0
2022-05-10 14:00:00,0.0
2022-05-10 14:05:00,0.0
2022-05-10 14:10:00,0.0
2022-05-10 14:15:00,0.0
2022-05-10 14:20:00,0.0
2022-05-10 14:25:00,0.0
2022-05-10 14:30:00,0.0
2022-05-10 14:35:00,0.0
2022-05-10 14:40:00,0.0
2022-05-10 14:45:00,0.0
2022-05-10 14:50:00,0.0
2022-05-10 14:55:00,0.0
2022-05-10 15:00:00,0.0
2022-05-10 15:05:00,0.0
2022-05-10 15:10:00,0.0
2022-05-10 15:15:00,0.0
2022-05-10 15:20:00,0.0
2022-05-10 15:25:00,0.0
2022-05-10 15:30:00,0.0
2022-05-10 15:35:00,0.0
2022-05-10 15:40:00,0.0
2022-05-10 15:45:00,0.0
2022-05-10 15:50:00,0.0
2022-05-10 15:55:00,0.0
2022-05-10 16:00:00,0.0
2022-05-10 16:05:00,0.0
2022-05-10 16:10:00,0.0
2022-05-10 16:15:00,0.0
2022-05-10 16:20:00,0.0
2022-05-10 16:25:00,0.0
2022-05-10 16:30:00,0.0
2022-05-10 16:35:00,0.0
2022-05-10 16:40:00,0.0
2022-05-10 16:45:00,0.0
2022-05-10 16:50:00,0.0
2022-05-10 16:55:00,0.0
2022-05-10 17:00:00,0.0
2022-05-10 17:05:00,0.0
2022-05-10 17:10:00,0.0
2022-05-10 17:15:00,0.0
2022-05-10 17:20:00,0.0
2022-05-10 17:25:00,0.0
2022-05-10 17:30:00,0.0
2022-05-10 17:35:00,0.0
2022-05-10 17:40:00,0.0
2022-05-10 17:45:00,0.0
2022-05-10 17:50:00,0.0
2022-05-10 17:55:00,0.0
2022-05-10 18:00:00,0.0
2022-05-10 18:05:00,0.0
2022-05-10 18:10:00,0.0
2022-05-10 18:15:00,0.0
2022-05-10 18:20:00,0.0
2022-05-10 18:25:00,0.0
2022-05-10 18:30:00,0.0
2022-05-10 18:35:00,0.0
2022-05-10 18:40:00,0.0
2022-05-10 18:45:00,0.0
2022-05-10 18:50:00,0.0
2022-05-10 18:55:00,0.0
2022-05-10 19:00:00,0.0
2022-05-10 19:05:00,0.0
2022-05-10 19:10:00,0.0
2022-05-10 19:15:00,0.0
2022-05-10 19:20:00,0.0
2022-05-10 19:25:00,0.0
2022-05-10 19:30:00,0.0
2022-05-10 19:35:00,0.0
2022-05-10 19:40:00,0.0
2022-05-10 19:45:00,0.0
2022-05-10 19:50:00,0.0
2022-05-10 19:55:00,0.0
2022-05-10 20:00:00,0.0
2022-05-10 20:05:00,0.0
2022-05-10 20:10:00,0.0
2022-05-10 20:15:00,0.0
2022-05-10 20:20:00,0.0
2022-05-10 20:25:00,0.0
2022-05-10 20:30:00,0.0
2022-05-10 20:35:00,0.0
2022-05-10 20:40:00,0.0
2022-05-10 20:45:00,0.0
2022-05-10 20:50:00,0.0
2022-05-10 20:55:00,0.0
2022-05-10 21:00:00,0.0
2022-05-10 21:05:00,0.0
2022-05-10 21:10:00,0.0
2022-05-10 21:15:00,0.0
2022-05-10 21:20:00,0.0
2022-05-10 21:25:00,0.0
2022-05-10 21:30:00,0.0
2022-05-10 21:35:00,0.0
2022-05-10 21:40:00,0.0
2022-05-10 21:45:00,0.0
2022-05-10 21:50:00,0.0
2022-05-10 21:55:00,0.0
2022-05-10 22:00:00,0.0
2022-05-10 22:05:00,0.0
2022-05-10 22:10:00,0.0
2022-05-10 22:15:00,0.0
2022-05-10 22:20:00,0.0
2022-05-10 22:25:00,0.0
2022-05-10 22:30:00,0.0
2022-05-10 22:35:00,0.0
2022-05-10 22:40:00,0.0
2022-05-10 22:45:00,0.0
2022-05-10 22:50:00,0.0
2022-05-10 22:55:00,0.0
2022-05-10 23:00:00,0.0
2022-05-10 23:05:00,0.0
2022-05-10 23:10:00,0.0
2022-05-10 23:15:00,0.0
2022-05-10 23:20:00,0.0
2022-05-10 23:25:00,0.0
2022-05-10 23:30:00,0.0
2022-05-10 23:35:00,0.0
2022-05-10 23:40:00,0.0
2022-05-10 23:45:00,0.0
2022-05-10 23:50:00,0.0
2022-05-10 23:55:00,0.0
2022-05-11 00:00:00,0.0
2022-05-11 00:05:00,0.0
2022-05-11 00:10:00,0.0
2022-05-11 00:15:00,0.0
2022-05-11 00:20:00,0.0
2022-05-11 00:25:00,0.0
2022-05-11 00:30:00,0.0
2022-05-11 00:35:00,0.0
2022-05-11 00:40:00,0.0
2022-05-11 00:45:00,0.0
2022-05-11 00:50:00,0.0
2022-05-11 00:55:00,0.0
2022-05-11 01:00:00,0.0
2022-05-11 01:05:00,0.0
2022-05-11 01:10:00,0.0
2022-05-11 01:15:00,0.0
2022-05-11 01:20:00,0.0
2022-05-11 01:25:00,0.0
2022-05-11 01:30:00,0.0
2022-05-11 01:35:00,0.0
2022-05-11 01:40:00,0.0
2022-05-11 01:45:00,0.0
2022-05-11 01:50:00,0.0
2022-05-11 01:55:00,0.0
2022-05-11 02:00:00,0.0
2022-05-11 02:05:00,0.0
2022-05-11 02:10:00,0.0
2022-05-11 02:15:00,0.0
2022-05-11 02:20:00,0.0
2022-05-11 02:25:00,0.0
2022-05-11 02:30:00,0.0
2022-05-11 02:35:00,0.0
2022-05-11 02:40:00,0.0
2022-05-11 02:45:00,0.0
2022-05-11 02:50:00,0.0
2022-05-11 02:55:00,0.0
2022-05-11 03:00:00,0.0
2022-05-11 03:05:00,0.0
2022-05-11 03:10:00,0.0
2022-05-11 03:15:00,0.0
2022-05-11 03:20:00,0.0
2022-05-11 03:25:00,0.0
2022-05-11 03:30:00,0.0
2022-05-11 03:35:00,0.0
2022-05-11 03:40:00,0.0
2022-05-11 03:45:00,0.0
2022-05-11 03:50:00,0.0
2022-05-11 03:55:00,0.0
2022-05-11 04:00:00,0.0
2022-05-11 04:05:00,0.0
2022-05-11 04:10:00,0.0
2022-05-11 04:15:00,0.0
2022-05-11 04:20:00,0.0
2022-05-11 04:25:00,0.0
2022-05-11 04:30:00,0.0
2022-05-11 04:35:00,0.0
2022-05-11 04:40:00,0.0
2022-05-11 04:45:00,0.0
2022-05-11 04:50:00,0.0
2022-05-11 04:55:00,0.0
2022-05-11 05:00:00,0.0
2022-05-11 05:05:00,0.0
2022-05-11 05:10:00,0.0
2022-05-11 05:15:00,0.0
2022-05-11 05:20:00,0.0
2022-05-11 05:25:00,0.0
2022-05-11 05:30:00,0.0
2022-05-11 05:35:00,0.0
2022-05-11 05:40:00,0.0
2022-05-11 05:45:00,0.0
2022-05-11 05:50:00,0.0
2022-05-11 05:55:00,0.0
2022-05-11 06:00:00,0.0
2022-05-11 06:05:00,0.0
2022-05-11 06:10:00,0.0
2022-05-11 06:15:00,0.0
2022-05-11 06:20:00,0.0
2022-05-11 06:25:00,0.0
2022-05-11 06:30:00,0.0
2022-05-11 06:35:00,0.0
2022-05-11 06:40:00,0.0
2022-05-11 06:45:00,0.0
2022-05-11 06:50:00,0.0
2022-05-11 06:55:00,0.0
2022-05-11 07:00:00,0.0
2022-05-11 07:05:00,0.0
2022-05-11 07:10:00,0.0
2022-05-11 07:15:00,0.0
2022-05-11 07:20:00,0.0
2022-05-11 07:25:00,0.0
2022-05-11 07:30:00,0.0
2022-05-11 07:35:00,0.0
2022-05-11 07:40:00,0.0
2022-05-11 07:45:00,0.0
2022-05-11 07:50:00,0.0
2022-05-11 07:55:00,0.0
2022-05-11 08:00:00,0.0
2022-05-11 08:05:00,0.0
2022-05-11 08:10:00,0.0
2022-05-11 08:15:00,0.0
2022-05-11 08:20:00,0.0
2022-05-11 08:25:00,0.0
2022-05-11 08:30:00,0.0
2022-05-11 08:35:00,0.0
2022-05-11 08:40:00,0.0
2022-05-11 08:45:00,0.0
2022-05-11 08:50:00,0.0
2022-05-11 08:55:00,0.0
2022-05-11 09:00:00,0.0
2022-05-11 09:05:00,0.0
2022-05-11 09:10:00,0.0
2022-05-11 09:15:00,0.0
2022-05-11 09:20:00,0.0
2022-05-11 09:25:00,0.0
2022-05-11 09:30:00,0.0
2022-05-11 09:35:00,0.0
2022-05-11 09:40:00,0.0
2022-05-11 09:45:00,0.0
2022-05-11 09:50:00,0.0
2022-05-11 09:55:00,0.0
2022-05-11 10:00:00,0.0
2022-05-11 10:05:00,0.0
2022-05-11 10:10:00,0.0
2022-05-11 10:15:00,0.0
2022-05-11 10:20:00,0.0
2022-05-11 10:25:00,0.0
2022-05-11 10:30:00,0.0
2022-05-11 10:35:00,0.0
2022-05-11 10:40:00,0.0
2022-05-11 10:45:00,0.0
2022-05-11 10:50:00,0.0
2022-05-11 10:55:00,0.0
2022-05-11 11:00:00,0.0
2022-05-11 11:05:00,0.0
2022-05-11 11:10:00,0.0
2022-05-11 11:15:00,0.0
2022-05-11 11:20:00,0.0
2022-05-11 11:25:00,0.0
2022-05-11 11:30:00,0.0
2022-05-11 11:35:00,0.0
2022-05-11 11:40:00,0.0
2022-05-11 11:45:00,0.0
2022-05-11 11:50:00,0.0
2022-05-11 11:55:00,0.0
2022-05-11 12:00:00,0.0
2022-05-11 12:05:00,0.0
2022-05-11 12:10:00,0.0
2022-05-11 12:15:00,0.0
2022-05-11 12:20:00,0.0
2022-05-11 12:25:00,0.0
2022-05-11 12:30:00,0.0
2022-05-11 12:35:00,0.0
2022-05-11 12:40:00,0.0
2022-05-11 12:45:00,0.0
2022-05-11 12:50:00,0.0
2022-05-11 12:55:00,0.0
2022-05-11 13:00:00,0.0
2022-05-11 13:05:00,0.0
2022-05-11 13:10:00,0.0
2022-05-11 13:15:00,0.0
2022-05-11 13:20:00,0.0
2022-05-11 13:25:00,0.0
2022-05-11 13:30:00,0.0
2022-05-11 13:35:00,0.0
2022-05-11 13:40:00,0.0
2022-05-11 13:45:00,0.0
2022-05-11 13:50:00,0.0
2022-05-11 13:55:00,0.0
2022-05-11 14:00:00,0.0
2022-05-11 14:05:00,0.0
2022-05-11 14:10:00,0.0
2022-05-11 14:15:00,0.0
2022-05-11 14:20:00,0.0
2022-05-11 14:25:00,0.0
2022-05-11 14:30:00,0.0
2022-05-11 14:35:00,0.0
2022-05-11 14:40:00,0.0
2022-05-11 14:45:00,0.0
2022-05-11 14:50:00,0.0
2022-05-11 14:55:00,0.0
2022-05-11 15:00:00,0.0
2022-05-11 15:05:00,0.0
2022-05-11 15:10:00,0.0
2022-05-11 15:15:00,0.0
2022-05-11 15:20:00,0.0
2022-05-11 15:25:00,0.0
2022-05-11 15:30:00,0.0
2022-05-11 15:35:00,0.0
2022-05-11 15:40:00,0.0
2022-05-11 15:45:00,0.0
2022-05-11 15:50:00,0.0
2022-05-11 15:55:00,0.0
2022-05-11 16:00:00,0.0
2022-05-11 16:05:00,0.0
2022-05-11 16:10:00,0.0
2022-05-11 16:15:00,0.0
2022-05-11 16:20:00,0.0
2022-05-11 16:25:00,0.0
2022-05-11 16:30:00,0.0
2022-05-11 16:35:00,0.0
2022-05-11 16:40:00,0.0
2022-05-11 16:45:00,0.0
2022-05-11 16:50:00,0.0
2022-05-11 16:55:00,0.0
2022-05-11 17:00:00,0.0
2022-05-11 17:05:00,0.0
2022-05-11 17:10:00,0.0
2022-05-11 17:15:00,0.0
2022-05-11 17:20:00,0.0
2022-05-11 17:25:00,0.0
2022-05-11 17:30:00,0.0
2022-05-11 17:35:00,0.0
2022-05-11 17:40:00,0.0
2022-05-11 17:45:00,0.0
2022-05-11 17:50:00,0.0
2022-05-11 17:55:00,0.0
2022-05-11 18:00:00,0.0
2022-05-11 18:05:00,0.0
2022-05-11 18:10:00,0.0
2022-05-11 18:15:00,0.0
2022-05-11 18:20:00,0.0
2022-05-11 18:25:00,0.0
2022-05-11 18:30:00,0.0
2022-05-11 18:35:00,0.0
2022-05-11 18:40:00,0.0
2022-05-11 18:45:00,0.0
2022-05-11 18:50:00,0.0
2022-05-11 18:55:00,0.0
2022-05-11 19:00:00,0.0
2022-05-11 19:05:00,0.0
2022-05-11 19:10:00,0.0
2022-05-11 19:15:00,0.0
2022-05-11 19:20:00,0.0
2022-05-11 19:25:00,0.0
2022-05-11 19:30:00,0.0
2022-05-11 19:35:00,0.0
2022-05-11 19:40:00,0.0
2022-05-11 19:45:00,0.0
2022-05-11 19:50:00,0.0
2022-05-11 19:55:00,0.0
2022-05-11 20:00:00,0.0
2022-05-11 20:05:00,0.0
2022-05-11 20:10:00,0.0
2022-05-11 20:15:00,0.0
2022-05-11 20:20:00,0.0
2022-05-11 20:25:00,0.0
2022-05-11 20:30:00,0.0
2022-05-11 20:35:00,0.0
2022-05-11 20:40:00,0.0
2022-05-11 20:45:00,0.0
2022-05-11 20:50:00,0.0
2022-05-11 20:55:00,0.0
2022-05-11 21:00:00,0.0
2022-05-11 21:05:00,0.0
2022-05-11 21:10:00,0.0
2022-05-11 21:15:00,0.0
2022-05-11 21:20:00,0.0
2022-05-11 21:25:00,0.0
2022-05-11 21:30:00,0.0
2022-05-11 21:35:00,0.0
2022-05-11 21:40:00,0.0
2022-05-11 21:45:00,0.0
2022-05-11 21:50:00,0.0
2022-05-11 21:55:00,0.0
2022-05-11 22:00:00,0.0
2022-05-11 22:05:00,0.0
2022-05-11 22:10:00,0.0
2022-05-11 22:15:00,0.0
2022-05-11 22:20:00,0.0
2022-05-11 22:25:00,0.0
2022-05-11 22:30:00,0.0
2022-05-11 22:35:00,0.0
2022-05-11 22:40:00,0.0
2022-05-11 22:45:00,0.0
2022-05-11 22:50:00,0.0
2022-05-11 22:55:00,0.0
2022-05-11 23:00:00,0.0
2022-05-11 23:05:00,0.0
2022-05-11 23:10:00,0.0
2022-05-11 23:15:00,0.0
2022-05-11 23:20:00,0.0
2022-05-11 23:25:00,0.0
2022-05-11 23:30:00,0.0
2022-05-11 23:35:00,0.0
2022-05-11 23:40:00,0.0
2022-05-11 23:45:00,0.0
2022-05-11 23:50:00,0.0
2022-05-11 23:55:00,0.0
2022-05-12 00:00:00,0.0
