event_id,datetime,rain,stormflow
1,2022-01-28 11:45:00,0.0,-0.0178
1,2022-01-28 11:50:00,0.0,-0.0248
1,2022-01-28 11:55:00,0.0,-0.0068
1,2022-01-28 12:00:00,0.0376,-0.0008
1,2022-01-28 12:05:00,0.0,-0.0035
1,2022-01-28 12:10:00,0.0,-0.0097
1,2022-01-28 12:15:00,0.0,-0.008
1,2022-01-28 12:20:00,0.0,-0.0094
1,2022-01-28 12:25:00,0.0,-0.0097
1,2022-01-28 12:30:00,0.0,-0.0147
1,2022-01-28 12:35:00,0.0,-0.0177
1,2022-01-28 12:40:00,0.0,-0.0007
1,2022-01-28 12:45:00,0.0,0.0063
1,2022-01-28 12:50:00,0.0,-0.0017
1,2022-01-28 12:55:00,0.0,0.0013
1,2022-01-28 13:00:00,0.0,-0.0067
1,2022-01-28 13:05:00,0.0,-0.0167
1,2022-01-28 13:10:00,0.0,-0.0108
1,2022-01-28 13:15:00,0.0,-0.0177
1,2022-01-28 13:20:00,0.0,-0.0139
1,2022-01-28 13:25:00,0.0,-0.0007
1,2022-01-28 13:30:00,0.0,-0.0017
1,2022-01-28 13:35:00,0.0,-0.0177
1,2022-01-28 13:40:00,0.0,-0.0237
1,2022-01-28 13:45:00,0.0,-0.0057
1,2022-01-28 13:50:00,0.0,-0.0187
1,2022-01-28 13:55:00,0.0,-0.0007
1,2022-01-28 14:00:00,0.0,-0.0007
1,2022-01-28 14:05:00,0.0,-0.0007
1,2022-01-28 14:10:00,0.0,0.0013
1,2022-01-28 14:15:00,0.0,0.0203
1,2022-01-28 14:20:00,0.0,0.0103
1,2022-01-28 14:25:00,0.0,0.0063
1,2022-01-28 14:30:00,0.0,0.0063
1,2022-01-28 14:35:00,0.0,-0.0017
1,2022-01-28 14:40:00,0.0,-0.0087
1,2022-01-28 14:45:00,0.0,-0.0057
1,2022-01-28 14:50:00,0.0,-0.0147
1,2022-01-28 14:55:00,0.0,-0.0117
1,2022-01-28 15:00:00,0.0,-0.0167
2,2022-01-30 14:50:00,0.0,0.0075
2,2022-01-30 14:55:00,0.0,-0.006
2,2022-01-30 15:00:00,0.0,0.001
2,2022-01-30 15:05:00,0.0376,0.006
2,2022-01-30 15:10:00,0.0,0.02
2,2022-01-30 15:15:00,0.0,-0.0037
2,2022-01-30 15:20:00,0.0,0.0065
2,2022-01-30 15:25:00,0.0,0.005
2,2022-01-30 15:30:00,0.0,0.0005
2,2022-01-30 15:35:00,0.0,-0.002
2,2022-01-30 15:40:00,0.0,-0.009
2,2022-01-30 15:45:00,0.0,-0.0015
2,2022-01-30 15:50:00,0.0,-0.003
2,2022-01-30 15:55:00,0.0,-0.001
2,2022-01-30 16:00:00,0.0,-0.0084
2,2022-01-30 16:05:00,0.0,-0.0106
2,2022-01-30 16:10:00,0.0,0.0079
2,2022-01-30 16:15:00,0.0,0.029
2,2022-01-30 16:20:00,0.0,-0.009
2,2022-01-30 16:25:00,0.0,-0.0195
2,2022-01-30 16:30:00,0.0,-0.023
2,2022-01-30 16:35:00,0.0,-0.0415
2,2022-01-30 16:40:00,0.0,-0.03
2,2022-01-30 16:45:00,0.0,-0.0315
2,2022-01-30 16:50:00,0.0,-0.009
2,2022-01-30 16:55:00,0.0,-0.017
2,2022-01-30 17:00:00,0.0,-0.0155
2,2022-01-30 17:05:00,0.0,-0.0235
2,2022-01-30 17:10:00,0.0,-0.0239
2,2022-01-30 17:15:00,0.0,-0.0075
2,2022-01-30 17:20:00,0.0,-0.0225
2,2022-01-30 17:25:00,0.0,-0.0425
2,2022-01-30 17:30:00,0.0,-0.03
2,2022-01-30 17:35:00,0.0,-0.005
2,2022-01-30 17:40:00,0.0,-0.019
2,2022-01-30 17:45:00,0.0,-0.0125
2,2022-01-30 17:50:00,0.0,-0.032
2,2022-01-30 17:55:00,0.0,-0.029
2,2022-01-30 18:00:00,0.0,-0.022
2,2022-01-30 18:05:00,0.0,-0.0252
3,2022-02-02 07:55:00,0.0,-0.0322
3,2022-02-02 08:00:00,0.0,-0.0262
3,2022-02-02 08:05:00,0.0,-0.0012
3,2022-02-02 08:10:00,0.04,0.0173
3,2022-02-02 08:15:00,0.0,-0.0083
3,2022-02-02 08:20:00,0.0,-0.0063
3,2022-02-02 08:25:00,0.0,0.0512
3,2022-02-02 08:30:00,0.0,0.0792
3,2022-02-02 08:35:00,0.0,0.1082
3,2022-02-02 08:40:00,0.0,0.0947
3,2022-02-02 08:45:00,0.0,0.0857
3,2022-02-02 08:50:00,0.0,0.0887
3,2022-02-02 08:55:00,0.0376,0.0822
3,2022-02-02 09:00:00,0.0,0.0752
3,2022-02-02 09:05:00,0.0,0.0917
3,2022-02-02 09:10:00,0.0,0.0681
3,2022-02-02 09:15:00,0.0,0.0966
3,2022-02-02 09:20:00,0.0376,0.1136
3,2022-02-02 09:25:00,0.0,0.1066
3,2022-02-02 09:30:00,0.0,0.1756
3,2022-02-02 09:35:00,0.0,0.1646
3,2022-02-02 09:40:00,0.0,0.1775
3,2022-02-02 09:45:00,0.0,0.1885
3,2022-02-02 09:50:00,0.0376,0.2306
3,2022-02-02 09:55:00,0.0,0.1766
3,2022-02-02 10:00:00,0.0,0.198
3,2022-02-02 10:05:00,0.0,0.203
3,2022-02-02 10:10:00,0.0,0.1995
3,2022-02-02 10:15:00,0.0,0.1985
3,2022-02-02 10:20:00,0.0,0.179
3,2022-02-02 10:25:00,0.0,0.1995
3,2022-02-02 10:30:00,0.0,0.1865
3,2022-02-02 10:35:00,0.0,0.18
3,2022-02-02 10:40:00,0.0,0.1685
3,2022-02-02 10:45:00,0.0,0.147
3,2022-02-02 10:50:00,0.0,0.1705
3,2022-02-02 10:55:00,0.0,0.163
3,2022-02-02 11:00:00,0.0,0.1724
3,2022-02-02 11:05:00,0.0386,0.1774
3,2022-02-02 11:10:00,0.0,0.1669
3,2022-02-02 11:15:00,0.0,0.1599
3,2022-02-02 11:20:00,0.0,0.1699
3,2022-02-02 11:25:00,0.0,0.2159
3,2022-02-02 11:30:00,0.0,0.2004
3,2022-02-02 11:35:00,0.0,0.2669
3,2022-02-02 11:40:00,0.0,0.2339
3,2022-02-02 11:45:00,0.0376,0.2409
3,2022-02-02 11:50:00,0.0,0.2689
3,2022-02-02 11:55:00,0.0,0.2738
3,2022-02-02 12:00:00,0.0,0.2993
3,2022-02-02 12:05:00,0.0,0.3178
3,2022-02-02 12:10:00,0.0,0.3123
3,2022-02-02 12:15:00,0.0376,0.3293
3,2022-02-02 12:20:00,0.0,0.3283
3,2022-02-02 12:25:00,0.0,0.3167
3,2022-02-02 12:30:00,0.0,0.3763
3,2022-02-02 12:35:00,0.0,0.4087
3,2022-02-02 12:40:00,0.0,0.3728
3,2022-02-02 12:45:00,0.0,0.4258
3,2022-02-02 12:50:00,0.0386,0.3917
3,2022-02-02 12:55:00,0.0,0.3887
3,2022-02-02 13:00:00,0.0,0.3827
3,2022-02-02 13:05:00,0.0,0.3732
3,2022-02-02 13:10:00,0.0,0.4167
3,2022-02-02 13:15:00,0.0,0.4406
3,2022-02-02 13:20:00,0.0,0.4627
3,2022-02-02 13:25:00,0.0,0.4372
3,2022-02-02 13:30:00,0.0,0.4207
3,2022-02-02 13:35:00,0.0,0.3972
3,2022-02-02 13:40:00,0.0,0.4411
3,2022-02-02 13:45:00,0.0376,0.4056
3,2022-02-02 13:50:00,0.0,0.4216
3,2022-02-02 13:55:00,0.0,0.3756
3,2022-02-02 14:00:00,0.0,0.4526
3,2022-02-02 14:05:00,0.0,0.4446
3,2022-02-02 14:10:00,0.0,0.4535
3,2022-02-02 14:15:00,0.0,0.4206
3,2022-02-02 14:20:00,0.0,0.4336
3,2022-02-02 14:25:00,0.0,0.4251
3,2022-02-02 14:30:00,0.0,0.388
3,2022-02-02 14:35:00,0.0,0.395
3,2022-02-02 14:40:00,0.0,0.387
3,2022-02-02 14:45:00,0.0,0.3745
3,2022-02-02 14:50:00,0.0,0.3915
3,2022-02-02 14:55:00,0.0,0.3665
3,2022-02-02 15:00:00,0.0,0.3375
3,2022-02-02 15:05:00,0.0,0.366
3,2022-02-02 15:10:00,0.0,0.2999
3,2022-02-02 15:15:00,0.0,0.301
3,2022-02-02 15:20:00,0.0,0.2865
3,2022-02-02 15:25:00,0.0,0.339
3,2022-02-02 15:30:00,0.0,0.3284
3,2022-02-02 15:35:00,0.0,0.3279
3,2022-02-02 15:40:00,0.0,0.3079
3,2022-02-02 15:45:00,0.0,0.2819
3,2022-02-02 15:50:00,0.0,0.2608
3,2022-02-02 15:55:00,0.0376,0.2794
3,2022-02-02 16:00:00,0.0,0.2979
3,2022-02-02 16:05:00,0.0,0.2684
3,2022-02-02 16:10:00,0.0,0.2869
3,2022-02-02 16:15:00,0.0,0.2574
3,2022-02-02 16:20:00,0.0,0.2784
3,2022-02-02 16:25:00,0.0,0.2793
3,2022-02-02 16:30:00,0.0,0.2843
3,2022-02-02 16:35:00,0.04,0.2872
3,2022-02-02 16:40:00,0.0,0.2983
3,2022-02-02 16:45:00,0.0,0.3028
3,2022-02-02 16:50:00,0.0,0.3482
3,2022-02-02 16:55:00,0.039,0.3763
3,2022-02-02 17:00:00,0.0,0.3833
3,2022-02-02 17:05:00,0.0,0.4528
3,2022-02-02 17:10:00,0.0386,0.4613
3,2022-02-02 17:15:00,0.0,0.4642
3,2022-02-02 17:20:00,0.0,0.4832
3,2022-02-02 17:25:00,0.0,0.5502
3,2022-02-02 17:30:00,0.0,0.4962
3,2022-02-02 17:35:00,0.0,0.5087
3,2022-02-02 17:40:00,0.0,0.5022
3,2022-02-02 17:45:00,0.0376,0.5102
3,2022-02-02 17:50:00,0.0,0.5322
3,2022-02-02 17:55:00,0.0,0.5242
3,2022-02-02 18:00:00,0.0,0.4912
3,2022-02-02 18:05:00,0.0,0.5367
3,2022-02-02 18:10:00,0.039,0.5456
3,2022-02-02 18:15:00,0.0,0.5966
3,2022-02-02 18:20:00,0.0,0.5746
3,2022-02-02 18:25:00,0.0,0.613
3,2022-02-02 18:30:00,0.0,0.5696
3,2022-02-02 18:35:00,0.0,0.5456
3,2022-02-02 18:40:00,0.0376,0.6666
3,2022-02-02 18:45:00,0.0,0.6906
3,2022-02-02 18:50:00,0.0,0.6766
3,2022-02-02 18:55:00,0.0,0.6376
3,2022-02-02 19:00:00,0.0,0.6016
3,2022-02-02 19:05:00,0.0,0.6545
3,2022-02-02 19:10:00,0.0,0.6565
3,2022-02-02 19:15:00,0.0,0.6195
3,2022-02-02 19:20:00,0.0,0.6105
3,2022-02-02 19:25:00,0.0,0.5895
3,2022-02-02 19:30:00,0.0,0.5265
3,2022-02-02 19:35:00,0.0,0.5515
3,2022-02-02 19:40:00,0.0,0.5855
3,2022-02-02 19:45:00,0.0,0.5405
3,2022-02-02 19:50:00,0.0,0.5455
3,2022-02-02 19:55:00,0.0376,0.5445
3,2022-02-02 20:00:00,0.0,0.5064
3,2022-02-02 20:05:00,0.0,0.5194
3,2022-02-02 20:10:00,0.0,0.4304
3,2022-02-02 20:15:00,0.0,0.4964
3,2022-02-02 20:20:00,0.0,0.4724
3,2022-02-02 20:25:00,0.0,0.4734
3,2022-02-02 20:30:00,0.0,0.4454
3,2022-02-02 20:35:00,0.0,0.4514
3,2022-02-02 20:40:00,0.0,0.4334
3,2022-02-02 20:45:00,0.0,0.4514
3,2022-02-02 20:50:00,0.0,0.4564
3,2022-02-02 20:55:00,0.0,0.4573
3,2022-02-02 21:00:00,0.0,0.4163
3,2022-02-02 21:05:00,0.0,0.4253
3,2022-02-02 21:10:00,0.0,0.4483
3,2022-02-02 21:15:00,0.0,0.4483
3,2022-02-02 21:20:00,0.0,0.4593
3,2022-02-02 21:25:00,0.0,0.4223
3,2022-02-02 21:30:00,0.0,0.4093
3,2022-02-02 21:35:00,0.0,0.4541
3,2022-02-02 21:40:00,0.0,0.4735
3,2022-02-02 21:45:00,0.0,0.4493
3,2022-02-02 21:50:00,0.0,0.4412
3,2022-02-02 21:55:00,0.0376,0.4642
3,2022-02-02 22:00:00,0.0,0.4412
3,2022-02-02 22:05:00,0.0,0.5012
3,2022-02-02 22:10:00,0.0,0.5022
3,2022-02-02 22:15:00,0.0,0.4842
3,2022-02-02 22:20:00,0.0376,0.5382
3,2022-02-02 22:25:00,0.0,0.5242
3,2022-02-02 22:30:00,0.0,0.6562
3,2022-02-02 22:35:00,0.0,0.5772
3,2022-02-02 22:40:00,0.0,0.5981
3,2022-02-02 22:45:00,0.0376,0.5881
3,2022-02-02 22:50:00,0.0,0.6151
3,2022-02-02 22:55:00,0.0,0.6311
3,2022-02-02 23:00:00,0.0,0.595
3,2022-02-02 23:05:00,0.0,0.6086
3,2022-02-02 23:10:00,0.0,0.6371
3,2022-02-02 23:15:00,0.0,0.6241
3,2022-02-02 23:20:00,0.0,0.5881
3,2022-02-02 23:25:00,0.0,0.5971
3,2022-02-02 23:30:00,0.0,0.6461
3,2022-02-02 23:35:00,0.0,0.588
3,2022-02-02 23:40:00,0.0,0.611
3,2022-02-02 23:45:00,0.0,0.614
3,2022-02-02 23:50:00,0.0,0.596
3,2022-02-02 23:55:00,0.0,0.575
3,2022-02-03 00:00:00,0.0,0.574
3,2022-02-03 00:05:00,0.0,0.545
3,2022-02-03 00:10:00,0.0376,0.537
3,2022-02-03 00:15:00,0.0,0.537
3,2022-02-03 00:20:00,0.0,0.539
3,2022-02-03 00:25:00,0.0,0.586
3,2022-02-03 00:30:00,0.0,0.5399
3,2022-02-03 00:35:00,0.0,0.5819
3,2022-02-03 00:40:00,0.0,0.5579
3,2022-02-03 00:45:00,0.0,0.5519
3,2022-02-03 00:50:00,0.0,0.5339
3,2022-02-03 00:55:00,0.0,0.5489
3,2022-02-03 01:00:00,0.0,0.5199
3,2022-02-03 01:05:00,0.0,0.5269
3,2022-02-03 01:10:00,0.0,0.5299
3,2022-02-03 01:15:00,0.0,0.5089
3,2022-02-03 01:20:00,0.0,0.4909
3,2022-02-03 01:25:00,0.0,0.5098
3,2022-02-03 01:30:00,0.0,0.5368
3,2022-02-03 01:35:00,0.039,0.5375
3,2022-02-03 01:40:00,0.0,0.5348
3,2022-02-03 01:45:00,0.0,0.5008
3,2022-02-03 01:50:00,0.0,0.5368
3,2022-02-03 01:55:00,0.0,0.5438
3,2022-02-03 02:00:00,0.0,0.5458
3,2022-02-03 02:05:00,0.0,0.5718
3,2022-02-03 02:10:00,0.0,0.5218
3,2022-02-03 02:15:00,0.0,0.5368
3,2022-02-03 02:20:00,0.0,0.5037
3,2022-02-03 02:25:00,0.0,0.5177
3,2022-02-03 02:30:00,0.0,0.4967
3,2022-02-03 02:35:00,0.0,0.5297
3,2022-02-03 02:40:00,0.0,0.4847
3,2022-02-03 02:45:00,0.0,0.5197
3,2022-02-03 02:50:00,0.0,0.5227
3,2022-02-03 02:55:00,0.0,0.5017
3,2022-02-03 03:00:00,0.0,0.5107
3,2022-02-03 03:05:00,0.0,0.5067
3,2022-02-03 03:10:00,0.0,0.5356
3,2022-02-03 03:15:00,0.0,0.5196
3,2022-02-03 03:20:00,0.0,0.5536
3,2022-02-03 03:25:00,0.0,0.4866
3,2022-02-03 03:30:00,0.0,0.5256
3,2022-02-03 03:35:00,0.0,0.5676
3,2022-02-03 03:40:00,0.0,0.4906
3,2022-02-03 03:45:00,0.0,0.4996
3,2022-02-03 03:50:00,0.0,0.5006
3,2022-02-03 03:55:00,0.0,0.4806
3,2022-02-03 04:00:00,0.0,0.4846
3,2022-02-03 04:05:00,0.0,0.4845
3,2022-02-03 04:10:00,0.0,0.4795
3,2022-02-03 04:15:00,0.0,0.4775
3,2022-02-03 04:20:00,0.0,0.4395
3,2022-02-03 04:25:00,0.0,0.4745
3,2022-02-03 04:30:00,0.0,0.4572
3,2022-02-03 04:35:00,0.0,0.4675
3,2022-02-03 04:40:00,0.0,0.5205
3,2022-02-03 04:45:00,0.0,0.5475
3,2022-02-03 04:50:00,0.0,0.5015
3,2022-02-03 04:55:00,0.0,0.4775
3,2022-02-03 05:00:00,0.0,0.4794
3,2022-02-03 05:05:00,0.0,0.4854
3,2022-02-03 05:10:00,0.0,0.5094
3,2022-02-03 05:15:00,0.0,0.5094
3,2022-02-03 05:20:00,0.0,0.4872
3,2022-02-03 05:25:00,0.0,0.4789
3,2022-02-03 05:30:00,0.0,0.4984
3,2022-02-03 05:35:00,0.0,0.4834
3,2022-02-03 05:40:00,0.0,0.5034
3,2022-02-03 05:45:00,0.0,0.5274
3,2022-02-03 05:50:00,0.0376,0.5214
3,2022-02-03 05:55:00,0.0,0.5273
3,2022-02-03 06:00:00,0.0,0.5513
3,2022-02-03 06:05:00,0.0,0.5763
3,2022-02-03 06:10:00,0.0,0.5593
3,2022-02-03 06:15:00,0.0,0.5303
3,2022-02-03 06:20:00,0.0,0.5333
3,2022-02-03 06:25:00,0.0,0.5633
3,2022-02-03 06:30:00,0.0,0.5273
3,2022-02-03 06:35:00,0.0,0.5833
3,2022-02-03 06:40:00,0.0,0.5263
3,2022-02-03 06:45:00,0.0,0.5843
3,2022-02-03 06:50:00,0.0,0.5822
3,2022-02-03 06:55:00,0.0,0.6002
3,2022-02-03 07:00:00,0.0,0.6712
3,2022-02-03 07:05:00,0.0,0.6412
3,2022-02-03 07:10:00,0.0,0.6602
3,2022-02-03 07:15:00,0.0,0.6272
3,2022-02-03 07:20:00,0.0,0.5892
3,2022-02-03 07:25:00,0.0,0.5962
3,2022-02-03 07:30:00,0.0,0.5652
3,2022-02-03 07:35:00,0.0,0.5692
3,2022-02-03 07:40:00,0.0,0.6001
3,2022-02-03 07:45:00,0.0,0.5541
3,2022-02-03 07:50:00,0.0,0.6021
3,2022-02-03 07:55:00,0.0,0.4721
3,2022-02-03 08:00:00,0.0,0.5281
3,2022-02-03 08:05:00,0.0,0.5641
3,2022-02-03 08:10:00,0.0,0.5781
3,2022-02-03 08:15:00,0.0,0.5781
3,2022-02-03 08:20:00,0.0,0.5151
3,2022-02-03 08:25:00,0.0,0.5061
3,2022-02-03 08:30:00,0.0,0.5451
3,2022-02-03 08:35:00,0.0,0.547
3,2022-02-03 08:40:00,0.0,0.54
3,2022-02-03 08:45:00,0.0,0.614
3,2022-02-03 08:50:00,0.0,0.562
3,2022-02-03 08:55:00,0.0,0.614
3,2022-02-03 09:00:00,0.0,0.568
3,2022-02-03 09:05:00,0.0,0.566
3,2022-02-03 09:10:00,0.0,0.469
3,2022-02-03 09:15:00,0.0,0.533
3,2022-02-03 09:20:00,0.0,0.457
3,2022-02-03 09:25:00,0.0,0.443
3,2022-02-03 09:30:00,0.0,0.4739
3,2022-02-03 09:35:00,0.0,0.4709
3,2022-02-03 09:40:00,0.0,0.4219
3,2022-02-03 09:45:00,0.0,0.5099
3,2022-02-03 09:50:00,0.0,0.4489
3,2022-02-03 09:55:00,0.0,0.4149
3,2022-02-03 10:00:00,0.0,0.4209
3,2022-02-03 10:05:00,0.0,0.4349
3,2022-02-03 10:10:00,0.0,0.4619
3,2022-02-03 10:15:00,0.0,0.4909
3,2022-02-03 10:20:00,0.0,0.4429
3,2022-02-03 10:25:00,0.0,0.4508
3,2022-02-03 10:30:00,0.0376,0.4168
3,2022-02-03 10:35:00,0.0,0.4968
3,2022-02-03 10:40:00,0.0,0.4358
3,2022-02-03 10:45:00,0.0,0.4578
3,2022-02-03 10:50:00,0.0,0.4498
3,2022-02-03 10:55:00,0.0,0.4908
3,2022-02-03 11:00:00,0.0,0.4538
3,2022-02-03 11:05:00,0.0,0.4128
3,2022-02-03 11:10:00,0.0,0.4528
3,2022-02-03 11:15:00,0.0,0.4538
3,2022-02-03 11:20:00,0.0,0.4317
3,2022-02-03 11:25:00,0.0,0.4747
3,2022-02-03 11:30:00,0.0,0.3967
3,2022-02-03 11:35:00,0.0,0.4371
3,2022-02-03 11:40:00,0.0,0.4267
3,2022-02-03 11:45:00,0.0,0.4133
3,2022-02-03 11:50:00,0.0,0.4177
3,2022-02-03 11:55:00,0.0,0.4327
3,2022-02-03 12:00:00,0.0,0.4637
3,2022-02-03 12:05:00,0.0,0.3927
3,2022-02-03 12:10:00,0.0,0.4246
3,2022-02-03 12:15:00,0.0,0.4446
3,2022-02-03 12:20:00,0.0,0.4046
3,2022-02-03 12:25:00,0.0,0.4286
3,2022-02-03 12:30:00,0.0,0.3876
3,2022-02-03 12:35:00,0.0,0.3806
3,2022-02-03 12:40:00,0.0,0.3786
3,2022-02-03 12:45:00,0.0,0.4086
3,2022-02-03 12:50:00,0.0,0.4516
3,2022-02-03 12:55:00,0.0,0.4356
3,2022-02-03 13:00:00,0.0,0.3906
3,2022-02-03 13:05:00,0.0,0.3955
3,2022-02-03 13:10:00,0.0,0.3755
3,2022-02-03 13:15:00,0.0,0.4135
3,2022-02-03 13:20:00,0.0,0.4175
3,2022-02-03 13:25:00,0.0,0.3525
3,2022-02-03 13:30:00,0.0,0.3337
3,2022-02-03 13:35:00,0.0,0.3715
4,2022-02-05 10:25:00,0.0,0.0245
4,2022-02-05 10:30:00,0.0,0.047
4,2022-02-05 10:35:00,0.0,0.077
4,2022-02-05 10:40:00,0.0376,0.067
4,2022-02-05 10:45:00,0.0,0.0615
4,2022-02-05 10:50:00,0.0,0.0445
4,2022-02-05 10:55:00,0.0,0.0455
4,2022-02-05 11:00:00,0.0,0.0404
4,2022-02-05 11:05:00,0.0,0.0369
4,2022-02-05 11:10:00,0.0,0.0499
4,2022-02-05 11:15:00,0.0,0.0594
4,2022-02-05 11:20:00,0.0,0.0459
4,2022-02-05 11:25:00,0.0376,0.0289
4,2022-02-05 11:30:00,0.0,0.0509
4,2022-02-05 11:35:00,0.0,0.0489
4,2022-02-05 11:40:00,0.039,0.0634
4,2022-02-05 11:45:00,0.0,0.0564
4,2022-02-05 11:50:00,0.0,0.0334
4,2022-02-05 11:55:00,0.0,0.0458
4,2022-02-05 12:00:00,0.0,0.0443
4,2022-02-05 12:05:00,0.0,0.0328
4,2022-02-05 12:10:00,0.0376,0.0513
4,2022-02-05 12:15:00,0.0,0.1018
4,2022-02-05 12:20:00,0.0,0.0828
4,2022-02-05 12:25:00,0.0,0.0873
4,2022-02-05 12:30:00,0.0,0.0713
4,2022-02-05 12:35:00,0.0,0.0663
4,2022-02-05 12:40:00,0.0,0.0558
4,2022-02-05 12:45:00,0.0376,0.0613
4,2022-02-05 12:50:00,0.0,0.0612
4,2022-02-05 12:55:00,0.0,0.0657
4,2022-02-05 13:00:00,0.0,0.0797
4,2022-02-05 13:05:00,0.0,0.0767
4,2022-02-05 13:10:00,0.0,0.0372
4,2022-02-05 13:15:00,0.0,0.0297
4,2022-02-05 13:20:00,0.0,0.0577
4,2022-02-05 13:25:00,0.0,0.0812
4,2022-02-05 13:30:00,0.0,0.0717
4,2022-02-05 13:35:00,0.0,0.0737
4,2022-02-05 13:40:00,0.0,0.0571
4,2022-02-05 13:45:00,0.0,0.0441
4,2022-02-05 13:50:00,0.0,0.0501
4,2022-02-05 13:55:00,0.0,0.0521
4,2022-02-05 14:00:00,0.0,0.0571
4,2022-02-05 14:05:00,0.0,0.0681
4,2022-02-05 14:10:00,0.0,0.0641
4,2022-02-05 14:15:00,0.0,0.0461
4,2022-02-05 14:20:00,0.0,0.0516
4,2022-02-05 14:25:00,0.0,0.0526
4,2022-02-05 14:30:00,0.0,0.0306
4,2022-02-05 14:35:00,0.0,0.0475
4,2022-02-05 14:40:00,0.0,0.033
4,2022-02-05 14:45:00,0.0,0.037
4,2022-02-05 14:50:00,0.0,0.042
4,2022-02-05 14:55:00,0.0,0.039
4,2022-02-05 15:00:00,0.0,0.024
4,2022-02-05 15:05:00,0.0,0.0475
4,2022-02-05 15:10:00,0.0,0.0295
4,2022-02-05 15:15:00,0.0,0.0315
4,2022-02-05 15:20:00,0.0,0.037
4,2022-02-05 15:25:00,0.0,0.0545
4,2022-02-05 15:30:00,0.0,0.0664
4,2022-02-05 15:35:00,0.0,0.0424
4,2022-02-05 15:40:00,0.0,0.0454
4,2022-02-05 15:45:00,0.0,0.0309
4,2022-02-05 15:50:00,0.0,0.0564
5,2022-02-06 13:30:00,0.0,0.0475
5,2022-02-06 13:35:00,0.0,0.0405
5,2022-02-06 13:40:00,0.0,0.05
5,2022-02-06 13:45:00,0.0377,0.047
5,2022-02-06 13:50:00,0.0,0.043
5,2022-02-06 13:55:00,0.0,0.05
5,2022-02-06 14:00:00,0.0,0.0349
5,2022-02-06 14:05:00,0.0,0.0364
5,2022-02-06 14:10:00,0.0,0.0339
5,2022-02-06 14:15:00,0.0,0.0319
5,2022-02-06 14:20:00,0.0,0.0304
5,2022-02-06 14:25:00,0.0,0.0519
5,2022-02-06 14:30:00,0.0,0.0429
5,2022-02-06 14:35:00,0.0,0.0389
5,2022-02-06 14:40:00,0.0,0.0294
5,2022-02-06 14:45:00,0.0,0.0334
5,2022-02-06 14:50:00,0.0,0.0399
5,2022-02-06 14:55:00,0.0,0.0273
5,2022-02-06 15:00:00,0.0,0.0493
5,2022-02-06 15:05:00,0.0,0.0673
5,2022-02-06 15:10:00,0.0,0.0533
5,2022-02-06 15:15:00,0.0,0.0406
5,2022-02-06 15:20:00,0.0,0.0788
5,2022-02-06 15:25:00,0.0,0.0843
5,2022-02-06 15:30:00,0.0,0.0818
5,2022-02-06 15:35:00,0.0,0.0883
5,2022-02-06 15:40:00,0.0,0.0693
5,2022-02-06 15:45:00,0.0,0.0698
5,2022-02-06 15:50:00,0.0,0.0622
5,2022-02-06 15:55:00,0.0,0.0692
5,2022-02-06 16:00:00,0.0,0.0678
5,2022-02-06 16:05:00,0.0,0.0876
5,2022-02-06 16:10:00,0.0,0.0801
5,2022-02-06 16:15:00,0.0,0.0972
5,2022-02-06 16:20:00,0.0,0.0682
5,2022-02-06 16:25:00,0.0,0.0597
5,2022-02-06 16:30:00,0.0,0.0672
5,2022-02-06 16:35:00,0.0377,0.0647
5,2022-02-06 16:40:00,0.0,0.0611
5,2022-02-06 16:45:00,0.0,0.0716
5,2022-02-06 16:50:00,0.0,0.0761
5,2022-02-06 16:55:00,0.0,0.0441
5,2022-02-06 17:00:00,0.0,0.0636
5,2022-02-06 17:05:00,0.0,0.0646
5,2022-02-06 17:10:00,0.0,0.0822
5,2022-02-06 17:15:00,0.0,0.0486
5,2022-02-06 17:20:00,0.0,0.0746
5,2022-02-06 17:25:00,0.0,0.0626
5,2022-02-06 17:30:00,0.0,0.0491
5,2022-02-06 17:35:00,0.0,0.053
5,2022-02-06 17:40:00,0.0,0.036
5,2022-02-06 17:45:00,0.0,0.0385
5,2022-02-06 17:50:00,0.0,0.022
5,2022-02-06 17:55:00,0.0,0.033
5,2022-02-06 18:00:00,0.0,0.033
5,2022-02-06 18:05:00,0.0,0.0329
5,2022-02-06 18:10:00,0.0,0.034
5,2022-02-06 18:15:00,0.0,0.0215
5,2022-02-06 18:20:00,0.0,0.0136
5,2022-02-06 18:25:00,0.0,0.0231
5,2022-02-06 18:30:00,0.0,0.0076
5,2022-02-06 18:35:00,0.0,0.0036
5,2022-02-06 18:40:00,0.0,0.0301
5,2022-02-06 18:45:00,0.0,0.0086
5,2022-02-06 18:50:00,0.0,0.0196
5,2022-02-06 18:55:00,0.0,0.0112
5,2022-02-06 19:00:00,0.0,0.0197
5,2022-02-06 19:05:00,0.0,0.0032
5,2022-02-06 19:10:00,0.0,0.0192
5,2022-02-06 19:15:00,0.0,0.0167
5,2022-02-06 19:20:00,0.0,0.0092
5,2022-02-06 19:25:00,0.0,0.0127
5,2022-02-06 19:30:00,0.0,0.0129
5,2022-02-06 19:35:00,0.0,0.0359
5,2022-02-06 19:40:00,0.0,0.0063
6,2022-02-07 11:10:00,0.0,-0.0136
6,2022-02-07 11:15:00,0.0,-0.0221
6,2022-02-07 11:20:00,0.0,-0.0176
6,2022-02-07 11:25:00,0.0376,-0.0226
6,2022-02-07 11:30:00,0.0,-0.0211
6,2022-02-07 11:35:00,0.0,-0.0211
6,2022-02-07 11:40:00,0.0,-0.0121
6,2022-02-07 11:45:00,0.0,-0.0325
6,2022-02-07 11:50:00,0.0,-0.029
6,2022-02-07 11:55:00,0.0,-0.0328
6,2022-02-07 12:00:00,0.0,-0.037
6,2022-02-07 12:05:00,0.0,-0.0255
6,2022-02-07 12:10:00,0.0,-0.014
6,2022-02-07 12:15:00,0.0,-0.006
6,2022-02-07 12:20:00,0.0,-0.0229
6,2022-02-07 12:25:00,0.0,-0.0304
6,2022-02-07 12:30:00,0.0376,-0.0344
6,2022-02-07 12:35:00,0.0,-0.0294
6,2022-02-07 12:40:00,0.0,-0.0153
6,2022-02-07 12:45:00,0.0,-0.0229
6,2022-02-07 12:50:00,0.0,-0.0229
6,2022-02-07 12:55:00,0.0,-0.0078
6,2022-02-07 13:00:00,0.0,0.0067
6,2022-02-07 13:05:00,0.0,-0.0108
6,2022-02-07 13:10:00,0.0,0.0072
6,2022-02-07 13:15:00,0.0,0.0147
6,2022-02-07 13:20:00,0.0,0.0372
6,2022-02-07 13:25:00,0.0,0.0337
6,2022-02-07 13:30:00,0.0376,0.0318
6,2022-02-07 13:35:00,0.0,0.0298
6,2022-02-07 13:40:00,0.0,0.0453
6,2022-02-07 13:45:00,0.0,0.0248
6,2022-02-07 13:50:00,0.0,0.0323
6,2022-02-07 13:55:00,0.0,0.0318
6,2022-02-07 14:00:00,0.0,0.0512
6,2022-02-07 14:05:00,0.0,0.0338
6,2022-02-07 14:10:00,0.0,0.0424
6,2022-02-07 14:15:00,0.0,0.0494
6,2022-02-07 14:20:00,0.0,0.0569
6,2022-02-07 14:25:00,0.0,0.0444
6,2022-02-07 14:30:00,0.0376,0.0454
6,2022-02-07 14:35:00,0.0,0.0414
6,2022-02-07 14:40:00,0.0,0.0664
6,2022-02-07 14:45:00,0.0,0.059
6,2022-02-07 14:50:00,0.0,0.055
6,2022-02-07 14:55:00,0.0,0.061
6,2022-02-07 15:00:00,0.0,0.0575
6,2022-02-07 15:05:00,0.0,0.0815
6,2022-02-07 15:10:00,0.0,0.0765
6,2022-02-07 15:15:00,0.0,0.0675
6,2022-02-07 15:20:00,0.0,0.0636
6,2022-02-07 15:25:00,0.0,0.0291
6,2022-02-07 15:30:00,0.0,0.0321
6,2022-02-07 15:35:00,0.0376,0.0606
6,2022-02-07 15:40:00,0.0,0.0851
6,2022-02-07 15:45:00,0.0,0.0531
6,2022-02-07 15:50:00,0.0,0.0906
6,2022-02-07 15:55:00,0.0,0.0897
6,2022-02-07 16:00:00,0.0,0.0807
6,2022-02-07 16:05:00,0.0,0.0732
6,2022-02-07 16:10:00,0.0,0.0557
6,2022-02-07 16:15:00,0.0,0.0507
6,2022-02-07 16:20:00,0.0,0.0677
6,2022-02-07 16:25:00,0.0,0.0812
6,2022-02-07 16:30:00,0.0,0.0648
6,2022-02-07 16:35:00,0.0,0.0588
6,2022-02-07 16:40:00,0.0,0.0598
6,2022-02-07 16:45:00,0.0,0.0563
6,2022-02-07 16:50:00,0.0,0.0418
6,2022-02-07 16:55:00,0.0376,0.0493
6,2022-02-07 17:00:00,0.0,0.0613
6,2022-02-07 17:05:00,0.0,0.0768
6,2022-02-07 17:10:00,0.0,0.0804
6,2022-02-07 17:15:00,0.0,0.0794
6,2022-02-07 17:20:00,0.0,0.0514
6,2022-02-07 17:25:00,0.0,0.0564
6,2022-02-07 17:30:00,0.0,0.0489
6,2022-02-07 17:35:00,0.0,0.0369
6,2022-02-07 17:40:00,0.0,0.0304
6,2022-02-07 17:45:00,0.0,0.035
6,2022-02-07 17:50:00,0.0,0.0265
6,2022-02-07 17:55:00,0.0,0.0205
6,2022-02-07 18:00:00,0.0,0.0335
6,2022-02-07 18:05:00,0.0,0.051
6,2022-02-07 18:10:00,0.0,0.0279
6,2022-02-07 18:15:00,0.0,0.0344
6,2022-02-07 18:20:00,0.0,0.0259
6,2022-02-07 18:25:00,0.0,0.0513
6,2022-02-07 18:30:00,0.0,0.0513
6,2022-02-07 18:35:00,0.0,0.0408
6,2022-02-07 18:40:00,0.0,0.0477
6,2022-02-07 18:45:00,0.0,0.0497
6,2022-02-07 18:50:00,0.0,0.0407
6,2022-02-07 18:55:00,0.0,0.0351
6,2022-02-07 19:00:00,0.0,0.0036
6,2022-02-07 19:05:00,0.0,0.0031
6,2022-02-07 19:10:00,0.0,0.0005
6,2022-02-07 19:15:00,0.0,0.0085
6,2022-02-07 19:20:00,0.0,0.003
6,2022-02-07 19:25:00,0.0,-0.0046
6,2022-02-07 19:30:00,0.0,-0.0096
6,2022-02-07 19:35:00,0.0,-0.0051
6,2022-02-07 19:40:00,0.0,-0.0286
6,2022-02-07 19:45:00,0.0,-0.0067
6,2022-02-07 19:50:00,0.0,-0.0082
6,2022-02-07 19:55:00,0.0,-0.0022
7,2022-02-08 14:25:00,0.0,0.0015
7,2022-02-08 14:30:00,0.0,0.007
7,2022-02-08 14:35:00,0.0,-0.0054
7,2022-02-08 14:40:00,0.0382,0.0054
7,2022-02-08 14:45:00,0.0,0.0104
7,2022-02-08 14:50:00,0.0,0.0004
7,2022-02-08 14:55:00,0.0,0.0074
7,2022-02-08 15:00:00,0.0,0.0088
7,2022-02-08 15:05:00,0.0,0.0148
7,2022-02-08 15:10:00,0.0,0.0188
7,2022-02-08 15:15:00,0.0382,0.0158
7,2022-02-08 15:20:00,0.0,0.0107
7,2022-02-08 15:25:00,0.0,0.0137
7,2022-02-08 15:30:00,0.0,0.0211
7,2022-02-08 15:35:00,0.0,0.0216
7,2022-02-08 15:40:00,0.0,0.0291
7,2022-02-08 15:45:00,0.0382,0.0255
7,2022-02-08 15:50:00,0.0,0.0275
7,2022-02-08 15:55:00,0.0,0.04
7,2022-02-08 16:00:00,0.0,0.0324
7,2022-02-08 16:05:00,0.0,0.0419
7,2022-02-08 16:10:00,0.0,0.0494
7,2022-02-08 16:15:00,0.0382,0.0473
7,2022-02-08 16:20:00,0.0,0.0388
7,2022-02-08 16:25:00,0.0,0.0263
7,2022-02-08 16:30:00,0.0,0.0473
7,2022-02-08 16:35:00,0.0,0.0507
7,2022-02-08 16:40:00,0.0,0.0287
7,2022-02-08 16:45:00,0.0382,0.0382
7,2022-02-08 16:50:00,0.0,0.0241
7,2022-02-08 16:55:00,0.0,0.0146
7,2022-02-08 17:00:00,0.0,0.0501
7,2022-02-08 17:05:00,0.0,0.043
7,2022-02-08 17:10:00,0.0,0.0335
7,2022-02-08 17:15:00,0.0,0.0425
7,2022-02-08 17:20:00,0.0,0.0454
7,2022-02-08 17:25:00,0.0,0.0321
7,2022-02-08 17:30:00,0.0,0.0379
7,2022-02-08 17:35:00,0.0382,0.0198
7,2022-02-08 17:40:00,0.0,0.0269
7,2022-02-08 17:45:00,0.0,0.0228
7,2022-02-08 17:50:00,0.0,0.0387
7,2022-02-08 17:55:00,0.0,0.0207
7,2022-02-08 18:00:00,0.0,0.0097
7,2022-02-08 18:05:00,0.0,0.0081
7,2022-02-08 18:10:00,0.0,0.0261
7,2022-02-08 18:15:00,0.0,0.0251
7,2022-02-08 18:20:00,0.0,0.0165
7,2022-02-08 18:25:00,0.0,0.018
7,2022-02-08 18:30:00,0.0,0.002
7,2022-02-08 18:35:00,0.0,0.0044
7,2022-02-08 18:40:00,0.0,0.0289
7,2022-02-08 18:45:00,0.0,0.0294
7,2022-02-08 18:50:00,0.0,0.0233
7,2022-02-08 18:55:00,0.0,0.0318
7,2022-02-08 19:00:00,0.0,0.0173
7,2022-02-08 19:05:00,0.0,0.0102
7,2022-02-08 19:10:00,0.0,0.0042
7,2022-02-08 19:15:00,0.0,-0.0018
7,2022-02-08 19:20:00,0.0382,-0.0055
7,2022-02-08 19:25:00,0.0,-0.0052
7,2022-02-08 19:30:00,0.0,0.0106
7,2022-02-08 19:35:00,0.0,0.0131
7,2022-02-08 19:40:00,0.0,0.0065
7,2022-02-08 19:45:00,0.0,-0.001
7,2022-02-08 19:50:00,0.0,0.0105
7,2022-02-08 19:55:00,0.0,0.0019
7,2022-02-08 20:00:00,0.0,0.0034
7,2022-02-08 20:05:00,0.0,0.0069
7,2022-02-08 20:10:00,0.0,0.0073
7,2022-02-08 20:15:00,0.0,0.0093
7,2022-02-08 20:20:00,0.0,0.0113
7,2022-02-08 20:25:00,0.0,-0.0003
7,2022-02-08 20:30:00,0.0,0.0147
7,2022-02-08 20:35:00,0.0,-0.0143
7,2022-02-08 20:40:00,0.0,0.0096
7,2022-02-08 20:45:00,0.0,0.0021
7,2022-02-08 20:50:00,0.0382,-0.0052
7,2022-02-08 20:55:00,0.0,-0.011
7,2022-02-08 21:00:00,0.0,-0.0035
7,2022-02-08 21:05:00,0.0,-0.002
7,2022-02-08 21:10:00,0.0,0.0109
7,2022-02-08 21:15:00,0.0,-0.0154
7,2022-02-08 21:20:00,0.0,-0.0116
7,2022-02-08 21:25:00,0.0,-0.0117
7,2022-02-08 21:30:00,0.0,-0.0097
7,2022-02-08 21:35:00,0.0,-0.0027
7,2022-02-08 21:40:00,0.0,-0.0078
7,2022-02-08 21:45:00,0.0,0.0052
7,2022-02-08 21:50:00,0.0,0.0107
7,2022-02-08 21:55:00,0.0,0.0016
7,2022-02-08 22:00:00,0.0,0.0065
7,2022-02-08 22:05:00,0.0,0.0016
7,2022-02-08 22:10:00,0.0382,0.0045
7,2022-02-08 22:15:00,0.0,0.018
7,2022-02-08 22:20:00,0.0,-0.001
7,2022-02-08 22:25:00,0.0,0.0099
7,2022-02-08 22:30:00,0.0,0.0014
7,2022-02-08 22:35:00,0.0,0.0139
7,2022-02-08 22:40:00,0.0,0.0133
7,2022-02-08 22:45:00,0.0,0.0014
7,2022-02-08 22:50:00,0.0,0.0076
7,2022-02-08 22:55:00,0.0,0.0102
7,2022-02-08 23:00:00,0.0,0.0087
7,2022-02-08 23:05:00,0.0,0.0147
7,2022-02-08 23:10:00,0.0382,0.0042
7,2022-02-08 23:15:00,0.0,0.0065
7,2022-02-08 23:20:00,0.0,0.0121
7,2022-02-08 23:25:00,0.0,0.0191
7,2022-02-08 23:30:00,0.0,0.0157
7,2022-02-08 23:35:00,0.0,0.0286
7,2022-02-08 23:40:00,0.0,0.0158
7,2022-02-08 23:45:00,0.0,-0.0026
7,2022-02-08 23:50:00,0.0,0.0034
7,2022-02-08 23:55:00,0.0,0.0124
7,2022-02-09 00:00:00,0.0,0.0263
7,2022-02-09 00:05:00,0.0,0.0183
7,2022-02-09 00:10:00,0.0,0.0178
7,2022-02-09 00:15:00,0.0,0.0082
7,2022-02-09 00:20:00,0.0,0.0117
7,2022-02-09 00:25:00,0.0,0.0072
7,2022-02-09 00:30:00,0.0,0.0054
7,2022-02-09 00:35:00,0.0,-0.0124
7,2022-02-09 00:40:00,0.0,0.0096
7,2022-02-09 00:45:00,0.0,0.003
7,2022-02-09 00:50:00,0.0,0.0045
7,2022-02-09 00:55:00,0.0382,0.0125
7,2022-02-09 01:00:00,0.0,0.0084
7,2022-02-09 01:05:00,0.0,0.0074
7,2022-02-09 01:10:00,0.0,-0.0106
7,2022-02-09 01:15:00,0.0,-0.0032
7,2022-02-09 01:20:00,0.0,-0.0057
7,2022-02-09 01:25:00,0.0,-0.0017
7,2022-02-09 01:30:00,0.0,-0.0033
7,2022-02-09 01:35:00,0.0,0.0002
7,2022-02-09 01:40:00,0.0,0.0012
7,2022-02-09 01:45:00,0.0,0.0027
7,2022-02-09 01:50:00,0.0,0.0061
7,2022-02-09 01:55:00,0.0,0.0156
7,2022-02-09 02:00:00,0.0,0.0031
7,2022-02-09 02:05:00,0.0,0.0088
7,2022-02-09 02:10:00,0.0,0.0077
7,2022-02-09 02:15:00,0.0,0.0095
7,2022-02-09 02:20:00,0.0,-0.0026
7,2022-02-09 02:25:00,0.0,-0.0036
7,2022-02-09 02:30:00,0.0,-0.0016
7,2022-02-09 02:35:00,0.0,-0.0037
7,2022-02-09 02:40:00,0.0,0.0066
7,2022-02-09 02:45:00,0.0,0.0033
7,2022-02-09 02:50:00,0.0,0.0022
7,2022-02-09 02:55:00,0.0,-0.0008
7,2022-02-09 03:00:00,0.0,-0.0018
7,2022-02-09 03:05:00,0.0,0.0001
7,2022-02-09 03:10:00,0.0,-0.0004
7,2022-02-09 03:15:00,0.0382,0.0031
7,2022-02-09 03:20:00,0.0,0.0015
7,2022-02-09 03:25:00,0.0,0.007
7,2022-02-09 03:30:00,0.0,-0.002
7,2022-02-09 03:35:00,0.0,-0.0021
7,2022-02-09 03:40:00,0.0,0.0069
7,2022-02-09 03:45:00,0.0,-0.0021
7,2022-02-09 03:50:00,0.0,0.0086
7,2022-02-09 03:55:00,0.0,0.0013
7,2022-02-09 04:00:00,0.0,-0.0042
7,2022-02-09 04:05:00,0.0,-0.0118
7,2022-02-09 04:10:00,0.0,-0.0093
7,2022-02-09 04:15:00,0.0,-0.0018
7,2022-02-09 04:20:00,0.0,-0.0034
7,2022-02-09 04:25:00,0.0,0.0051
7,2022-02-09 04:30:00,0.0,-0.0144
7,2022-02-09 04:35:00,0.0,-0.0159
7,2022-02-09 04:40:00,0.0,-0.012
7,2022-02-09 04:45:00,0.0,-0.004
7,2022-02-09 04:50:00,0.0,-0.0145
7,2022-02-09 04:55:00,0.0,-0.0121
7,2022-02-09 05:00:00,0.0,-0.0076
7,2022-02-09 05:05:00,0.0,-0.0186
7,2022-02-09 05:10:00,0.0,-0.0147
7,2022-02-09 05:15:00,0.0,-0.0247
7,2022-02-09 05:20:00,0.0,-0.0184
7,2022-02-09 05:25:00,0.0,-0.0263
7,2022-02-09 05:30:00,0.0,-0.0359
7,2022-02-09 05:35:00,0.0,-0.0328
7,2022-02-09 05:40:00,0.0,-0.0289
7,2022-02-09 05:45:00,0.0,-0.0275
7,2022-02-09 05:50:00,0.0,-0.0289
7,2022-02-09 05:55:00,0.0,-0.0355
7,2022-02-09 06:00:00,0.0,-0.0429
7,2022-02-09 06:05:00,0.0,-0.036
7,2022-02-09 06:10:00,0.0,-0.0541
7,2022-02-09 06:15:00,0.0,-0.0641
7,2022-02-09 06:20:00,0.0,-0.0536
7,2022-02-09 06:25:00,0.0,-0.0612
7,2022-02-09 06:30:00,0.0,-0.0522
7,2022-02-09 06:35:00,0.0,-0.0462
7,2022-02-09 06:40:00,0.0382,-0.0338
7,2022-02-09 06:45:00,0.0,-0.0368
7,2022-02-09 06:50:00,0.0,-0.0308
7,2022-02-09 06:55:00,0.0,-0.0124
7,2022-02-09 07:00:00,0.0,-0.0099
7,2022-02-09 07:05:00,0.0,-0.0264
7,2022-02-09 07:10:00,0.0,-0.018
7,2022-02-09 07:15:00,0.0,-0.021
7,2022-02-09 07:20:00,0.0,-0.009
7,2022-02-09 07:25:00,0.0,-0.0171
7,2022-02-09 07:30:00,0.0,-0.0256
7,2022-02-09 07:35:00,0.0,-0.0301
7,2022-02-09 07:40:00,0.0,-0.0196
7,2022-02-09 07:45:00,0.0,0.0148
7,2022-02-09 07:50:00,0.0,0.0113
7,2022-02-09 07:55:00,0.0,0.0263
7,2022-02-09 08:00:00,0.0,0.0572
7,2022-02-09 08:05:00,0.0,0.0412
7,2022-02-09 08:10:00,0.0,0.0497
7,2022-02-09 08:15:00,0.0,0.0351
7,2022-02-09 08:20:00,0.0,0.0041
7,2022-02-09 08:25:00,0.0,0.0126
7,2022-02-09 08:30:00,0.0,0.0065
7,2022-02-09 08:35:00,0.0,-0.0035
7,2022-02-09 08:40:00,0.0,-0.01
7,2022-02-09 08:45:00,0.0,-0.0101
7,2022-02-09 08:50:00,0.0,-0.0191
7,2022-02-09 08:55:00,0.0,-0.0266
7,2022-02-09 09:00:00,0.0,-0.0097
7,2022-02-09 09:05:00,0.0,-0.0182
7,2022-02-09 09:10:00,0.0,-0.0197
7,2022-02-09 09:15:00,0.0,0.0007
7,2022-02-09 09:20:00,0.0,-0.0134
7,2022-02-09 09:25:00,0.0,-0.0223
7,2022-02-09 09:30:00,0.0,-0.0244
7,2022-02-09 09:35:00,0.0,-0.0344
7,2022-02-09 09:40:00,0.0,-0.0265
8,2022-02-17 04:50:00,0.0,0.0143
8,2022-02-17 04:55:00,0.0,0.0203
8,2022-02-17 05:00:00,0.001,0.0413
8,2022-02-17 05:05:00,0.003,0.0463
8,2022-02-17 05:10:00,0.007,0.0353
8,2022-02-17 05:15:00,0.01,0.0213
8,2022-02-17 05:20:00,0.004,0.0101
8,2022-02-17 05:25:00,0.001,0.0139
8,2022-02-17 05:30:00,0.002,-0.0007
8,2022-02-17 05:35:00,0.002,-0.0007
8,2022-02-17 05:40:00,0.001,-0.0007
8,2022-02-17 05:45:00,0.0,0.0114
8,2022-02-17 05:50:00,0.0,0.0094
8,2022-02-17 05:55:00,0.002,0.0134
8,2022-02-17 06:00:00,0.004,0.0324
8,2022-02-17 06:05:00,0.005,0.0244
8,2022-02-17 06:10:00,0.009,0.0374
8,2022-02-17 06:15:00,0.014,0.0324
8,2022-02-17 06:20:00,0.017,0.0704
8,2022-02-17 06:25:00,0.017,0.0544
8,2022-02-17 06:30:00,0.007,0.0944
8,2022-02-17 06:35:00,0.003,0.2054
8,2022-02-17 06:40:00,0.003,0.2744
8,2022-02-17 06:45:00,0.007,0.2784
8,2022-02-17 06:50:00,0.01,0.2185
8,2022-02-17 06:55:00,0.006,0.2535
8,2022-02-17 07:00:00,0.004,0.2735
8,2022-02-17 07:05:00,0.004,0.2685
8,2022-02-17 07:10:00,0.009,0.3175
8,2022-02-17 07:15:00,0.012,0.2885
8,2022-02-17 07:20:00,0.025,0.3075
8,2022-02-17 07:25:00,0.024,0.3195
8,2022-02-17 07:30:00,0.029,0.3555
8,2022-02-17 07:35:00,0.021,0.4855
8,2022-02-17 07:40:00,0.023,0.4785
8,2022-02-17 07:45:00,0.025,0.5535
8,2022-02-17 07:50:00,0.018,0.6185
8,2022-02-17 07:55:00,0.014,0.5276
8,2022-02-17 08:00:00,0.013,0.6316
8,2022-02-17 08:05:00,0.017,0.6666
8,2022-02-17 08:10:00,0.011,0.5596
8,2022-02-17 08:15:00,0.005,0.6106
8,2022-02-17 08:20:00,0.004,0.6836
8,2022-02-17 08:25:00,0.006,0.6056
8,2022-02-17 08:30:00,0.009,0.6056
8,2022-02-17 08:35:00,0.009,0.6086
8,2022-02-17 08:40:00,0.006,0.5946
8,2022-02-17 08:45:00,0.005,0.6016
8,2022-02-17 08:50:00,0.004,0.6556
8,2022-02-17 08:55:00,0.003,0.6196
8,2022-02-17 09:00:00,0.001,0.6317
8,2022-02-17 09:05:00,0.001,0.5937
8,2022-02-17 09:10:00,0.0,0.5417
8,2022-02-17 09:15:00,0.001,0.5637
8,2022-02-17 09:20:00,0.004,0.5737
8,2022-02-17 09:25:00,0.002,0.5397
8,2022-02-17 09:30:00,0.002,0.5077
8,2022-02-17 09:35:00,0.002,0.6017
8,2022-02-17 09:40:00,0.0,0.5067
8,2022-02-17 09:45:00,0.0,0.4707
8,2022-02-17 09:50:00,0.0,0.5197
8,2022-02-17 09:55:00,0.0,0.5517
8,2022-02-17 10:00:00,0.0,0.5348
8,2022-02-17 10:05:00,0.0,0.4758
8,2022-02-17 10:10:00,0.0,0.4498
8,2022-02-17 10:15:00,0.0,0.5288
8,2022-02-17 10:20:00,0.0,0.4668
8,2022-02-17 10:25:00,0.0,0.5338
8,2022-02-17 10:30:00,0.0,0.4848
8,2022-02-17 10:35:00,0.0,0.5108
8,2022-02-17 10:40:00,0.0,0.4528
8,2022-02-17 10:45:00,0.0,0.5128
8,2022-02-17 10:50:00,0.001,0.5058
8,2022-02-17 10:55:00,0.001,0.4898
8,2022-02-17 11:00:00,0.0,0.4468
8,2022-02-17 11:05:00,0.0,0.4179
8,2022-02-17 11:10:00,0.0,0.4329
8,2022-02-17 11:15:00,0.001,0.4839
8,2022-02-17 11:20:00,0.002,0.4569
8,2022-02-17 11:25:00,0.002,0.4669
8,2022-02-17 11:30:00,0.002,0.4189
8,2022-02-17 11:35:00,0.002,0.4933
8,2022-02-17 11:40:00,0.002,0.4239
8,2022-02-17 11:45:00,0.006,0.4265
8,2022-02-17 11:50:00,0.011,0.4359
8,2022-02-17 11:55:00,0.017,0.4179
8,2022-02-17 12:00:00,0.019,0.4199
8,2022-02-17 12:05:00,0.016,0.4459
8,2022-02-17 12:10:00,0.013,0.477
8,2022-02-17 12:15:00,0.01,0.552
8,2022-02-17 12:20:00,0.008,0.509
8,2022-02-17 12:25:00,0.007,0.571
8,2022-02-17 12:30:00,0.007,0.666
8,2022-02-17 12:35:00,0.006,0.623
8,2022-02-17 12:40:00,0.007,0.703
8,2022-02-17 12:45:00,0.006,0.693
8,2022-02-17 12:50:00,0.007,0.721
8,2022-02-17 12:55:00,0.008,0.677
8,2022-02-17 13:00:00,0.006,0.664
8,2022-02-17 13:05:00,0.006,0.674
8,2022-02-17 13:10:00,0.005,0.707
8,2022-02-17 13:15:00,0.004,0.7221
8,2022-02-17 13:20:00,0.004,0.7131
8,2022-02-17 13:25:00,0.003,0.7651
8,2022-02-17 13:30:00,0.001,0.7133
8,2022-02-17 13:35:00,0.001,0.6901
8,2022-02-17 13:40:00,0.001,0.7971
8,2022-02-17 13:45:00,0.002,0.7511
8,2022-02-17 13:50:00,0.002,0.6921
8,2022-02-17 13:55:00,0.0,0.7741
8,2022-02-17 14:00:00,0.0,0.7631
8,2022-02-17 14:05:00,0.005,0.7451
8,2022-02-17 14:10:00,0.008,0.7291
8,2022-02-17 14:15:00,0.01,0.6651
8,2022-02-17 14:20:00,0.01,0.7692
8,2022-02-17 14:25:00,0.012,0.7792
8,2022-02-17 14:30:00,0.011,0.7392
8,2022-02-17 14:35:00,0.006,0.8122
8,2022-02-17 14:40:00,0.01,0.8812
8,2022-02-17 14:45:00,0.013,0.8492
8,2022-02-17 14:50:00,0.011,0.8906
8,2022-02-17 14:55:00,0.011,0.8982
8,2022-02-17 15:00:00,0.016,1.0242
8,2022-02-17 15:05:00,0.034,1.0922
8,2022-02-17 15:10:00,0.033,1.2432
8,2022-02-17 15:15:00,0.029,1.3662
8,2022-02-17 15:20:00,0.018,1.3523
8,2022-02-17 15:25:00,0.009,1.2463
8,2022-02-17 15:30:00,0.007,1.2783
8,2022-02-17 15:35:00,0.006,1.2423
8,2022-02-17 15:40:00,0.006,1.2963
8,2022-02-17 15:45:00,0.008,1.2983
8,2022-02-17 15:50:00,0.009,1.4203
8,2022-02-17 15:55:00,0.007,1.3963
8,2022-02-17 16:00:00,0.005,1.2653
8,2022-02-17 16:05:00,0.005,1.2973
8,2022-02-17 16:10:00,0.009,1.3873
8,2022-02-17 16:15:00,0.016,1.1853
8,2022-02-17 16:20:00,0.02,1.1533
8,2022-02-17 16:25:00,0.017,1.2194
8,2022-02-17 16:30:00,0.014,1.3674
8,2022-02-17 16:35:00,0.019,1.3414
8,2022-02-17 16:40:00,0.025,1.3974
8,2022-02-17 16:45:00,0.028,1.4884
8,2022-02-17 16:50:00,0.037,1.5354
8,2022-02-17 16:55:00,0.058,1.5784
8,2022-02-17 17:00:00,0.066,1.9684
8,2022-02-17 17:05:00,0.083,1.9404
8,2022-02-17 17:10:00,0.122,2.3754
8,2022-02-17 17:15:00,0.131,2.5604
8,2022-02-17 17:20:00,0.055,2.8174
8,2022-02-17 17:25:00,0.016,3.1204
8,2022-02-17 17:30:00,0.004,3.1015
8,2022-02-17 17:35:00,0.0,3.4835
8,2022-02-17 17:40:00,0.0,2.8075
8,2022-02-17 17:45:00,0.0,2.8725
8,2022-02-17 17:50:00,0.0,2.0925
8,2022-02-17 17:55:00,0.0,2.3325
8,2022-02-17 18:00:00,0.0,2.0135
8,2022-02-17 18:05:00,0.0,1.9595
8,2022-02-17 18:10:00,0.0,1.8575
8,2022-02-17 18:15:00,0.0,1.6155
8,2022-02-17 18:20:00,0.0,1.6575
8,2022-02-17 18:25:00,0.0,1.6475
8,2022-02-17 18:30:00,0.017,1.6817
8,2022-02-17 18:35:00,0.017,1.5696
8,2022-02-17 18:40:00,0.005,1.5196
8,2022-02-17 18:45:00,0.0,1.5276
8,2022-02-17 18:50:00,0.0,1.6526
8,2022-02-17 18:55:00,0.0,1.6716
8,2022-02-17 19:00:00,0.0,1.7676
8,2022-02-17 19:05:00,0.0,1.4356
8,2022-02-17 19:10:00,0.0,1.4446
8,2022-02-17 19:15:00,0.0,1.2346
8,2022-02-17 19:20:00,0.0,1.2116
8,2022-02-17 19:25:00,0.0,1.1836
8,2022-02-17 19:30:00,0.0,1.1676
8,2022-02-17 19:35:00,0.0,1.1676
8,2022-02-17 19:40:00,0.0,1.1957
8,2022-02-17 19:45:00,0.0,1.1187
8,2022-02-17 19:50:00,0.0,1.0912
8,2022-02-17 19:55:00,0.0,1.0147
8,2022-02-17 20:00:00,0.0,1.0787
8,2022-02-17 20:05:00,0.0,1.0057
8,2022-02-17 20:10:00,0.0,1.0197
8,2022-02-17 20:15:00,0.0,1.1127
8,2022-02-17 20:20:00,0.039,1.0257
8,2022-02-17 20:25:00,0.0,0.9707
8,2022-02-17 20:30:00,0.0,1.0917
8,2022-02-17 20:35:00,0.0,1.0007
8,2022-02-17 20:40:00,0.0,1.0778
8,2022-02-17 20:45:00,0.0,0.9428
8,2022-02-17 20:50:00,0.0,0.9498
8,2022-02-17 20:55:00,0.0,1.0878
8,2022-02-17 21:00:00,0.0,0.8678
8,2022-02-17 21:05:00,0.0,0.9188
8,2022-02-17 21:10:00,0.0,0.8588
8,2022-02-17 21:15:00,0.0,0.8638
8,2022-02-17 21:20:00,0.0,0.8948
8,2022-02-17 21:25:00,0.0,0.8288
8,2022-02-17 21:30:00,0.0,0.9668
8,2022-02-17 21:35:00,0.0,0.9078
8,2022-02-17 21:40:00,0.037,0.9228
8,2022-02-17 21:45:00,0.002,0.7969
8,2022-02-17 21:50:00,0.0,0.8869
8,2022-02-17 21:55:00,0.0,0.9239
8,2022-02-17 22:00:00,0.0,0.7819
8,2022-02-17 22:05:00,0.0,0.8089
8,2022-02-17 22:10:00,0.0,0.8959
8,2022-02-17 22:15:00,0.0,0.7849
8,2022-02-17 22:20:00,0.0,0.7599
8,2022-02-17 22:25:00,0.0,0.8289
8,2022-02-17 22:30:00,0.0,0.8469
8,2022-02-17 22:35:00,0.0,0.7149
8,2022-02-17 22:40:00,0.0,0.8259
8,2022-02-17 22:45:00,0.0,0.7599
8,2022-02-17 22:50:00,0.0,0.934
8,2022-02-17 22:55:00,0.0,0.856
8,2022-02-17 23:00:00,0.0,0.813
8,2022-02-17 23:05:00,0.0,0.69
8,2022-02-17 23:10:00,0.0,0.779
8,2022-02-17 23:15:00,0.0,0.696
8,2022-02-17 23:20:00,0.0,0.685
8,2022-02-17 23:25:00,0.0,0.722
8,2022-02-17 23:30:00,0.0,0.691
8,2022-02-17 23:35:00,0.0,0.675
8,2022-02-17 23:40:00,0.0,0.757
8,2022-02-17 23:45:00,0.0,0.7094
8,2022-02-17 23:50:00,0.0,0.72
8,2022-02-17 23:55:00,0.0,0.6411
8,2022-02-18 00:00:00,0.0,0.7041
8,2022-02-18 00:05:00,0.0,0.7051
8,2022-02-18 00:10:00,0.0,0.7181
8,2022-02-18 00:15:00,0.0,0.7291
8,2022-02-18 00:20:00,0.0,0.6321
8,2022-02-18 00:25:00,0.0,0.6541
8,2022-02-18 00:30:00,0.0,0.6721
8,2022-02-18 00:35:00,0.0,0.6151
8,2022-02-18 00:40:00,0.0,0.6461
8,2022-02-18 00:45:00,0.0,0.5681
8,2022-02-18 00:50:00,0.0,0.6151
8,2022-02-18 00:55:00,0.0,0.6751
8,2022-02-18 01:00:00,0.0,0.5382
8,2022-02-18 01:05:00,0.0,0.5762
8,2022-02-18 01:10:00,0.0,0.5772
8,2022-02-18 01:15:00,0.0,0.5992
8,2022-02-18 01:20:00,0.0,0.5362
8,2022-02-18 01:25:00,0.0,0.5382
8,2022-02-18 01:30:00,0.0,0.5432
8,2022-02-18 01:35:00,0.0,0.5812
8,2022-02-18 01:40:00,0.0,0.5532
8,2022-02-18 01:45:00,0.0,0.5662
8,2022-02-18 01:50:00,0.0,0.5762
8,2022-02-18 01:55:00,0.0,0.5512
8,2022-02-18 02:00:00,0.0,0.5413
8,2022-02-18 02:05:00,0.0,0.4883
8,2022-02-18 02:10:00,0.0,0.4893
8,2022-02-18 02:15:00,0.0,0.4923
8,2022-02-18 02:20:00,0.0,0.5033
8,2022-02-18 02:25:00,0.0,0.5463
8,2022-02-18 02:30:00,0.0,0.4703
8,2022-02-18 02:35:00,0.0,0.5163
8,2022-02-18 02:40:00,0.0,0.4593
8,2022-02-18 02:45:00,0.0,0.5283
8,2022-02-18 02:50:00,0.0,0.4453
8,2022-02-18 02:55:00,0.0,0.4653
8,2022-02-18 03:00:00,0.0,0.4393
8,2022-02-18 03:05:00,0.0,0.4864
8,2022-02-18 03:10:00,0.0,0.4094
8,2022-02-18 03:15:00,0.0,0.4744
8,2022-02-18 03:20:00,0.0,0.4364
8,2022-02-18 03:25:00,0.0,0.4924
8,2022-02-18 03:30:00,0.0,0.4674
8,2022-02-18 03:35:00,0.0,0.4454
8,2022-02-18 03:40:00,0.0,0.4572
8,2022-02-18 03:45:00,0.0,0.4154
8,2022-02-18 03:50:00,0.0,0.3994
8,2022-02-18 03:55:00,0.0,0.4412
8,2022-02-18 04:00:00,0.0,0.4454
8,2022-02-18 04:05:00,0.0,0.3914
8,2022-02-18 04:10:00,0.0,0.3965
8,2022-02-18 04:15:00,0.0,0.4315
8,2022-02-18 04:20:00,0.0,0.4285
8,2022-02-18 04:25:00,0.0,0.3921
8,2022-02-18 04:30:00,0.0,0.3755
8,2022-02-18 04:35:00,0.0,0.3683
8,2022-02-18 04:40:00,0.0,0.3265
8,2022-02-18 04:45:00,0.0,0.3415
8,2022-02-18 04:50:00,0.0,0.3555
8,2022-02-18 04:55:00,0.0,0.3625
8,2022-02-18 05:00:00,0.0,0.3765
8,2022-02-18 05:05:00,0.0,0.3605
8,2022-02-18 05:10:00,0.0,0.3315
8,2022-02-18 05:15:00,0.0,0.3336
8,2022-02-18 05:20:00,0.0,0.3426
8,2022-02-18 05:25:00,0.0,0.3136
8,2022-02-18 05:30:00,0.0,0.3116
8,2022-02-18 05:35:00,0.0,0.3206
8,2022-02-18 05:40:00,0.0,0.2976
8,2022-02-18 05:45:00,0.0,0.2916
8,2022-02-18 05:50:00,0.0,0.3166
8,2022-02-18 05:55:00,0.0,0.3116
8,2022-02-18 06:00:00,0.0,0.2906
8,2022-02-18 06:05:00,0.0,0.3126
8,2022-02-18 06:10:00,0.0,0.2376
8,2022-02-18 06:15:00,0.0,0.2696
8,2022-02-18 06:20:00,0.0,0.2567
8,2022-02-18 06:25:00,0.0,0.2467
8,2022-02-18 06:30:00,0.0,0.2247
8,2022-02-18 06:35:00,0.0,0.2797
8,2022-02-18 06:40:00,0.0,0.2487
8,2022-02-18 06:45:00,0.0,0.2527
8,2022-02-18 06:50:00,0.0,0.2637
8,2022-02-18 06:55:00,0.0,0.2597
8,2022-02-18 07:00:00,0.0,0.2477
8,2022-02-18 07:05:00,0.0,0.2887
8,2022-02-18 07:10:00,0.0,0.2337
8,2022-02-18 07:15:00,0.0,0.2807
8,2022-02-18 07:20:00,0.0,0.2478
8,2022-02-18 07:25:00,0.0,0.2968
8,2022-02-18 07:30:00,0.0,0.2568
8,2022-02-18 07:35:00,0.0,0.2678
8,2022-02-18 07:40:00,0.0,0.1908
8,2022-02-18 07:45:00,0.0,0.2188
8,2022-02-18 07:50:00,0.0,0.2248
8,2022-02-18 07:55:00,0.0,0.2141
8,2022-02-18 08:00:00,0.0,0.2428
8,2022-02-18 08:05:00,0.0,0.2598
8,2022-02-18 08:10:00,0.0,0.2718
8,2022-02-18 08:15:00,0.0,0.2737
8,2022-02-18 08:20:00,0.0,0.2288
8,2022-02-18 08:25:00,0.0,0.2069
8,2022-02-18 08:30:00,0.0,0.2069
8,2022-02-18 08:35:00,0.0,0.2219
8,2022-02-18 08:40:00,0.0,0.2329
8,2022-02-18 08:45:00,0.0,0.2319
8,2022-02-18 08:50:00,0.0,0.2479
8,2022-02-18 08:55:00,0.0,0.2329
8,2022-02-18 09:00:00,0.0,0.2019
8,2022-02-18 09:05:00,0.0,0.1849
8,2022-02-18 09:10:00,0.0,0.1769
8,2022-02-18 09:15:00,0.0,0.2079
8,2022-02-18 09:20:00,0.0,0.2239
8,2022-02-18 09:25:00,0.0,0.1849
8,2022-02-18 09:30:00,0.0,0.219
8,2022-02-18 09:35:00,0.0,0.197
8,2022-02-18 09:40:00,0.0,0.218
8,2022-02-18 09:45:00,0.0,0.184
8,2022-02-18 09:50:00,0.0,0.199
8,2022-02-18 09:55:00,0.0,0.221
8,2022-02-18 10:00:00,0.0,0.216
8,2022-02-18 10:05:00,0.0,0.199
8,2022-02-18 10:10:00,0.0,0.215
8,2022-02-18 10:15:00,0.0,0.169
8,2022-02-18 10:20:00,0.0,0.189
8,2022-02-18 10:25:00,0.0,0.195
8,2022-02-18 10:30:00,0.0,0.218
8,2022-02-18 10:35:00,0.0,0.1941
8,2022-02-18 10:40:00,0.0,0.2171
8,2022-02-18 10:45:00,0.0,0.1915
8,2022-02-18 10:50:00,0.0,0.1901
8,2022-02-18 10:55:00,0.0,0.2041
8,2022-02-18 11:00:00,0.0,0.1791
8,2022-02-18 11:05:00,0.0,0.1951
8,2022-02-18 11:10:00,0.0,0.1869
8,2022-02-18 11:15:00,0.0,0.179
8,2022-02-18 11:20:00,0.0,0.1601
8,2022-02-18 11:25:00,0.0,0.1981
8,2022-02-18 11:30:00,0.0,0.2061
8,2022-02-18 11:35:00,0.0,0.1701
8,2022-02-18 11:40:00,0.0,0.1792
8,2022-02-18 11:45:00,0.0,0.1942
8,2022-02-18 11:50:00,0.0,0.2292
8,2022-02-18 11:55:00,0.0,0.1662
8,2022-02-18 12:00:00,0.0,0.1642
8,2022-02-18 12:05:00,0.0,0.1935
8,2022-02-18 12:10:00,0.0,0.1412
8,2022-02-18 12:15:00,0.0,0.164
8,2022-02-18 12:20:00,0.0,0.1695
8,2022-02-18 12:25:00,0.0,0.1722
8,2022-02-18 12:30:00,0.0,0.1762
8,2022-02-18 12:35:00,0.0,0.1632
8,2022-02-18 12:40:00,0.0,0.1423
8,2022-02-18 12:45:00,0.0,0.1873
8,2022-02-18 12:50:00,0.0,0.1363
8,2022-02-18 12:55:00,0.0,0.1143
8,2022-02-18 13:00:00,0.0,0.1533
8,2022-02-18 13:05:00,0.0,0.1223
8,2022-02-18 13:10:00,0.0,0.1262
8,2022-02-18 13:15:00,0.0,0.1503
8,2022-02-18 13:20:00,0.0,0.1681
8,2022-02-18 13:25:00,0.0,0.1263
8,2022-02-18 13:30:00,0.0,0.1433
8,2022-02-18 13:35:00,0.0,0.1593
8,2022-02-18 13:40:00,0.0,0.1413
8,2022-02-18 13:45:00,0.0,0.1553
8,2022-02-18 13:50:00,0.0,0.1384
8,2022-02-18 13:55:00,0.0,0.1694
8,2022-02-18 14:00:00,0.0,0.1254
8,2022-02-18 14:05:00,0.0,0.1274
8,2022-02-18 14:10:00,0.0,0.1574
8,2022-02-18 14:15:00,0.0,0.1494
8,2022-02-18 14:20:00,0.0,0.1284
8,2022-02-18 14:25:00,0.0,0.1184
8,2022-02-18 14:30:00,0.0,0.1384
8,2022-02-18 14:35:00,0.0,0.1414
8,2022-02-18 14:40:00,0.0,0.1274
8,2022-02-18 14:45:00,0.0,0.1434
8,2022-02-18 14:50:00,0.0,0.1225
8,2022-02-18 14:55:00,0.0,0.1275
8,2022-02-18 15:00:00,0.0,0.0785
8,2022-02-18 15:05:00,0.0,0.1015
8,2022-02-18 15:10:00,0.0,0.1112
8,2022-02-18 15:15:00,0.0,0.1315
8,2022-02-18 15:20:00,0.0,0.0925
8,2022-02-18 15:25:00,0.0,0.1055
8,2022-02-18 15:30:00,0.0,0.1135
8,2022-02-18 15:35:00,0.0,0.0845
8,2022-02-18 15:40:00,0.0,0.1245
8,2022-02-18 15:45:00,0.0,0.0915
8,2022-02-18 15:50:00,0.0,0.0965
8,2022-02-18 15:55:00,0.0,0.1166
8,2022-02-18 16:00:00,0.0,0.1196
8,2022-02-18 16:05:00,0.0,0.1216
8,2022-02-18 16:10:00,0.0,0.0956
8,2022-02-18 16:15:00,0.0,0.1116
8,2022-02-18 16:20:00,0.0,0.1015
8,2022-02-18 16:25:00,0.0,0.1066
8,2022-02-18 16:30:00,0.0,0.1196
8,2022-02-18 16:35:00,0.0,0.0966
8,2022-02-18 16:40:00,0.0,0.0966
8,2022-02-18 16:45:00,0.0,0.0946
8,2022-02-18 16:50:00,0.0,0.1096
8,2022-02-18 16:55:00,0.0,0.1236
8,2022-02-18 17:00:00,0.0,0.1277
8,2022-02-18 17:05:00,0.0,0.1127
8,2022-02-18 17:10:00,0.0,0.1087
8,2022-02-18 17:15:00,0.0,0.1277
8,2022-02-18 17:20:00,0.0,0.1157
8,2022-02-18 17:25:00,0.0,0.0917
8,2022-02-18 17:30:00,0.0,0.1397
8,2022-02-18 17:35:00,0.0,0.1027
8,2022-02-18 17:40:00,0.0,0.1087
8,2022-02-18 17:45:00,0.0,0.1037
8,2022-02-18 17:50:00,0.0,0.0997
8,2022-02-18 17:55:00,0.0,0.1107
8,2022-02-18 18:00:00,0.0,0.1058
8,2022-02-18 18:05:00,0.0,0.0658
8,2022-02-18 18:10:00,0.0,0.0893
8,2022-02-18 18:15:00,0.0,0.0938
8,2022-02-18 18:20:00,0.0,0.1088
8,2022-02-18 18:25:00,0.0,0.0948
8,2022-02-18 18:30:00,0.0,0.1208
8,2022-02-18 18:35:00,0.0,0.1008
8,2022-02-18 18:40:00,0.0,0.1023
8,2022-02-18 18:45:00,0.0,0.1018
8,2022-02-18 18:50:00,0.0,0.1013
8,2022-02-18 18:55:00,0.0,0.1298
8,2022-02-18 19:00:00,0.0,0.1263
8,2022-02-18 19:05:00,0.0,0.0949
8,2022-02-18 19:10:00,0.0,0.0669
8,2022-02-18 19:15:00,0.0,0.1099
8,2022-02-18 19:20:00,0.0,0.1239
8,2022-02-18 19:25:00,0.0,0.0844
8,2022-02-18 19:30:00,0.0,0.0614
8,2022-02-18 19:35:00,0.0,0.1139
8,2022-02-18 19:40:00,0.0,0.0989
8,2022-02-18 19:45:00,0.0,0.0754
8,2022-02-18 19:50:00,0.0,0.0714
8,2022-02-18 19:55:00,0.0,0.0699
8,2022-02-18 20:00:00,0.0,0.0784
8,2022-02-18 20:05:00,0.0,0.0599
8,2022-02-18 20:10:00,0.0,0.091
8,2022-02-18 20:15:00,0.0,0.0635
8,2022-02-18 20:20:00,0.0,0.0765
8,2022-02-18 20:25:00,0.0,0.062
8,2022-02-18 20:30:00,0.0,0.0625
8,2022-02-18 20:35:00,0.0,0.084
8,2022-02-18 20:40:00,0.0,0.074
8,2022-02-18 20:45:00,0.0,0.0755
8,2022-02-18 20:50:00,0.0,0.074
8,2022-02-18 20:55:00,0.0,0.078
8,2022-02-18 21:00:00,0.0,0.105
8,2022-02-18 21:05:00,0.0,0.072
8,2022-02-18 21:10:00,0.0,0.091
8,2022-02-18 21:15:00,0.0,0.0901
8,2022-02-18 21:20:00,0.0,0.0886
8,2022-02-18 21:25:00,0.0,0.0951
8,2022-02-18 21:30:00,0.0,0.0941
8,2022-02-18 21:35:00,0.0,0.0831
8,2022-02-18 21:40:00,0.0,0.0816
8,2022-02-18 21:45:00,0.0,0.0931
8,2022-02-18 21:50:00,0.0,0.1126
8,2022-02-18 21:55:00,0.0,0.0811
8,2022-02-18 22:00:00,0.0,0.1041
8,2022-02-18 22:05:00,0.0,0.1146
8,2022-02-18 22:10:00,0.0,0.0926
8,2022-02-18 22:15:00,0.0,0.0671
8,2022-02-18 22:20:00,0.0,0.0787
8,2022-02-18 22:25:00,0.0,0.0802
8,2022-02-18 22:30:00,0.0,0.0942
8,2022-02-18 22:35:00,0.0,0.1057
8,2022-02-18 22:40:00,0.0,0.1082
8,2022-02-18 22:45:00,0.0,0.0942
8,2022-02-18 22:50:00,0.0,0.0812
8,2022-02-18 22:55:00,0.0,0.0977
8,2022-02-18 23:00:00,0.0,0.0617
8,2022-02-18 23:05:00,0.0,0.0717
8,2022-02-18 23:10:00,0.0,0.0647
8,2022-02-18 23:15:00,0.0,0.0797
8,2022-02-18 23:20:00,0.0,0.0978
8,2022-02-18 23:25:00,0.0,0.0993
8,2022-02-18 23:30:00,0.0,0.1043
8,2022-02-18 23:35:00,0.0,0.0918
8,2022-02-18 23:40:00,0.0,0.0858
8,2022-02-18 23:45:00,0.0,0.0843
8,2022-02-18 23:50:00,0.0,0.1038
8,2022-02-18 23:55:00,0.0,0.1173
8,2022-02-19 00:00:00,0.0,0.1223
8,2022-02-19 00:05:00,0.0,0.0993
8,2022-02-19 00:10:00,0.0,0.0893
8,2022-02-19 00:15:00,0.0,0.1018
8,2022-02-19 00:20:00,0.0,0.1093
8,2022-02-19 00:25:00,0.0,0.1074
8,2022-02-19 00:30:00,0.0,0.1029
8,2022-02-19 00:35:00,0.0,0.1164
8,2022-02-19 00:40:00,0.0,0.0904
8,2022-02-19 00:45:00,0.0,0.0959
8,2022-02-19 00:50:00,0.0,0.1034
8,2022-02-19 00:55:00,0.0,0.0989
8,2022-02-19 01:00:00,0.0,0.1044
8,2022-02-19 01:05:00,0.0,0.1094
8,2022-02-19 01:10:00,0.0,0.0949
8,2022-02-19 01:15:00,0.0,0.0869
8,2022-02-19 01:20:00,0.0,0.0809
8,2022-02-19 01:25:00,0.0,0.0879
8,2022-02-19 01:30:00,0.0,0.084
8,2022-02-19 01:35:00,0.0,0.08
8,2022-02-19 01:40:00,0.0,0.1165
8,2022-02-19 01:45:00,0.0,0.0945
8,2022-02-19 01:50:00,0.0,0.101
8,2022-02-19 01:55:00,0.0,0.0925
8,2022-02-19 02:00:00,0.0,0.1
8,2022-02-19 02:05:00,0.0,0.081
8,2022-02-19 02:10:00,0.0,0.1095
8,2022-02-19 02:15:00,0.0,0.09
8,2022-02-19 02:20:00,0.0,0.0665
8,2022-02-19 02:25:00,0.0,0.078
8,2022-02-19 02:30:00,0.0,0.074
8,2022-02-19 02:35:00,0.0,0.0771
8,2022-02-19 02:40:00,0.0,0.0986
8,2022-02-19 02:45:00,0.0,0.0796
8,2022-02-19 02:50:00,0.0,0.0906
8,2022-02-19 02:55:00,0.0,0.0816
8,2022-02-19 03:00:00,0.0,0.0901
8,2022-02-19 03:05:00,0.0,0.0721
8,2022-02-19 03:10:00,0.0,0.0681
8,2022-02-19 03:15:00,0.0,0.0786
8,2022-02-19 03:20:00,0.0,0.0886
8,2022-02-19 03:25:00,0.0,0.0666
8,2022-02-19 03:30:00,0.0,0.0876
8,2022-02-19 03:35:00,0.0,0.0841
8,2022-02-19 03:40:00,0.0,0.0842
8,2022-02-19 03:45:00,0.0,0.0697
8,2022-02-19 03:50:00,0.0,0.0677
8,2022-02-19 03:55:00,0.0,0.0832
8,2022-02-19 04:00:00,0.0,0.0777
8,2022-02-19 04:05:00,0.0,0.0862
8,2022-02-19 04:10:00,0.0,0.0822
8,2022-02-19 04:15:00,0.0,0.0737
8,2022-02-19 04:20:00,0.0,0.0722
8,2022-02-19 04:25:00,0.0,0.0827
8,2022-02-19 04:30:00,0.0,0.0772
8,2022-02-19 04:35:00,0.0,0.0737
8,2022-02-19 04:40:00,0.0,0.0763
8,2022-02-19 04:45:00,0.0,0.0718
8,2022-02-19 04:50:00,0.0,0.0618
8,2022-02-19 04:55:00,0.0,0.0868
8,2022-02-19 05:00:00,0.0,0.0703
8,2022-02-19 05:05:00,0.0,0.0693
8,2022-02-19 05:10:00,0.0,0.0433
8,2022-02-19 05:15:00,0.0,0.0708
8,2022-02-19 05:20:00,0.0,0.0663
8,2022-02-19 05:25:00,0.0,0.0463
8,2022-02-19 05:30:00,0.0,0.0568
8,2022-02-19 05:35:00,0.0,0.0598
8,2022-02-19 05:40:00,0.0,0.0568
8,2022-02-19 05:45:00,0.0,0.0459
8,2022-02-19 05:50:00,0.0,0.0594
8,2022-02-19 05:55:00,0.0,0.0639
8,2022-02-19 06:00:00,0.0,0.0514
8,2022-02-19 06:05:00,0.0,0.0404
8,2022-02-19 06:10:00,0.0,0.0424
8,2022-02-19 06:15:00,0.0,0.0264
8,2022-02-19 06:20:00,0.0,0.0314
8,2022-02-19 06:25:00,0.0,0.0334
8,2022-02-19 06:30:00,0.0,0.0174
8,2022-02-19 06:35:00,0.0,0.0264
8,2022-02-19 06:40:00,0.0,0.0169
8,2022-02-19 06:45:00,0.0,0.0239
8,2022-02-19 06:50:00,0.0,0.028
8,2022-02-19 06:55:00,0.0,0.024
8,2022-02-19 07:00:00,0.0,0.027
8,2022-02-19 07:05:00,0.0,0.034
8,2022-02-19 07:10:00,0.0,0.0145
8,2022-02-19 07:15:00,0.0,0.017
8,2022-02-19 07:20:00,0.0,0.02
8,2022-02-19 07:25:00,0.0,-0.004
8,2022-02-19 07:30:00,0.0,0.008
8,2022-02-19 07:35:00,0.0,0.009
8,2022-02-19 07:40:00,0.0,0.007
8,2022-02-19 07:45:00,0.0,0.013
8,2022-02-19 07:50:00,0.0,0.0165
8,2022-02-19 07:55:00,0.0,0.0121
8,2022-02-19 08:00:00,0.0,0.0011
8,2022-02-19 08:05:00,0.0,0.0036
8,2022-02-19 08:10:00,0.0,-0.0054
8,2022-02-19 08:15:00,0.0,-0.0044
8,2022-02-19 08:20:00,0.0,0.0076
8,2022-02-19 08:25:00,0.0,-0.0029
8,2022-02-19 08:30:00,0.0,-0.0034
8,2022-02-19 08:35:00,0.0,-0.0019
8,2022-02-19 08:40:00,0.0,0.0146
8,2022-02-19 08:45:00,0.0,0.0001
8,2022-02-19 08:50:00,0.0,-0.0104
8,2022-02-19 08:55:00,0.0,-0.0169
8,2022-02-19 09:00:00,0.0,-0.0078
8,2022-02-19 09:05:00,0.0,-0.0063
8,2022-02-19 09:10:00,0.0,0.0087
8,2022-02-19 09:15:00,0.0,0.0102
8,2022-02-19 09:20:00,0.0,-0.0043
8,2022-02-19 09:25:00,0.0,-0.0073
8,2022-02-19 09:30:00,0.0,0.0222
8,2022-02-19 09:35:00,0.0,0.0057
8,2022-02-19 09:40:00,0.0,0.0092
8,2022-02-19 09:45:00,0.0,0.0057
8,2022-02-19 09:50:00,0.0,0.0087
8,2022-02-19 09:55:00,0.0,-0.0028
8,2022-02-19 10:00:00,0.0,0.0008
8,2022-02-19 10:05:00,0.0,0.0188
8,2022-02-19 10:10:00,0.0,0.0148
8,2022-02-19 10:15:00,0.0,0.0218
8,2022-02-19 10:20:00,0.0,-0.0077
8,2022-02-19 10:25:00,0.0,-0.0097
8,2022-02-19 10:30:00,0.0,-0.0022
8,2022-02-19 10:35:00,0.0,-0.0042
8,2022-02-19 10:40:00,0.0,0.0248
8,2022-02-19 10:45:00,0.0,0.0333
8,2022-02-19 10:50:00,0.0,0.0083
8,2022-02-19 10:55:00,0.0,0.0123
8,2022-02-19 11:00:00,0.0,0.0273
8,2022-02-19 11:05:00,0.0,0.0079
8,2022-02-19 11:10:00,0.0,0.0069
8,2022-02-19 11:15:00,0.0,0.0014
8,2022-02-19 11:20:00,0.0,0.0109
8,2022-02-19 11:25:00,0.0,0.0159
8,2022-02-19 11:30:00,0.0,0.0319
8,2022-02-19 11:35:00,0.0,0.0319
8,2022-02-19 11:40:00,0.0,0.0214
8,2022-02-19 11:45:00,0.0,0.0304
8,2022-02-19 11:50:00,0.0,0.0154
8,2022-02-19 11:55:00,0.0,0.0059
8,2022-02-19 12:00:00,0.0,0.0254
8,2022-02-19 12:05:00,0.0,0.0159
8,2022-02-19 12:10:00,0.0,0.0145
8,2022-02-19 12:15:00,0.0,0.016
8,2022-02-19 12:20:00,0.0,-0.001
8,2022-02-19 12:25:00,0.0,0.0145
8,2022-02-19 12:30:00,0.0,-0.0015
8,2022-02-19 12:35:00,0.0,-0.0095
8,2022-02-19 12:40:00,0.0,0.0
8,2022-02-19 12:45:00,0.0,0.0175
8,2022-02-19 12:50:00,0.0,0.0145
8,2022-02-19 12:55:00,0.0,0.029
8,2022-02-19 13:00:00,0.0,0.048
8,2022-02-19 13:05:00,0.0,0.036
8,2022-02-19 13:10:00,0.0,-0.0015
8,2022-02-19 13:15:00,0.0,0.0171
8,2022-02-19 13:20:00,0.0,0.0061
8,2022-02-19 13:25:00,0.0,0.0336
8,2022-02-19 13:30:00,0.0,0.0161
8,2022-02-19 13:35:00,0.0,0.0101
8,2022-02-19 13:40:00,0.0,0.0186
8,2022-02-19 13:45:00,0.0,0.0566
8,2022-02-19 13:50:00,0.0,0.0246
8,2022-02-19 13:55:00,0.0,-0.0004
8,2022-02-19 14:00:00,0.0,0.0066
8,2022-02-19 14:05:00,0.0,-0.0044
8,2022-02-19 14:10:00,0.0,0.0176
8,2022-02-19 14:15:00,0.0,0.0156
8,2022-02-19 14:20:00,0.0,0.0172
8,2022-02-19 14:25:00,0.0,0.0062
8,2022-02-19 14:30:00,0.0,-0.0078
8,2022-02-19 14:35:00,0.0,0.0152
8,2022-02-19 14:40:00,0.0,-0.0093
8,2022-02-19 14:45:00,0.0,0.0007
8,2022-02-19 14:50:00,0.0,0.0047
8,2022-02-19 14:55:00,0.0,0.0057
8,2022-02-19 15:00:00,0.0,0.0007
8,2022-02-19 15:05:00,0.0,0.0012
8,2022-02-19 15:10:00,0.0,0.0002
8,2022-02-19 15:15:00,0.0,0.0152
8,2022-02-19 15:20:00,0.0,-0.0213
8,2022-02-19 15:25:00,0.0,-0.0147
8,2022-02-19 15:30:00,0.0,0.0043
8,2022-02-19 15:35:00,0.0,0.0403
8,2022-02-19 15:40:00,0.0,0.0263
8,2022-02-19 15:45:00,0.0,0.0138
8,2022-02-19 15:50:00,0.0,0.0073
8,2022-02-19 15:55:00,0.0,0.0053
8,2022-02-19 16:00:00,0.0,0.0118
8,2022-02-19 16:05:00,0.0,0.0048
8,2022-02-19 16:10:00,0.0,-0.0072
8,2022-02-19 16:15:00,0.0,-0.0107
8,2022-02-19 16:20:00,0.0,-0.0027
8,2022-02-19 16:25:00,0.0,0.0044
8,2022-02-19 16:30:00,0.0,-0.0096
8,2022-02-19 16:35:00,0.0,-0.0051
8,2022-02-19 16:40:00,0.0,0.0194
8,2022-02-19 16:45:00,0.0,0.0209
8,2022-02-19 16:50:00,0.0,-0.0131
8,2022-02-19 16:55:00,0.0,0.0189
8,2022-02-19 17:00:00,0.0,-0.0021
8,2022-02-19 17:05:00,0.0,0.0124
8,2022-02-19 17:10:00,0.0,0.0184
8,2022-02-19 17:15:00,0.0,-0.0156
8,2022-02-19 17:20:00,0.0,0.0169
8,2022-02-19 17:25:00,0.0,0.0074
8,2022-02-19 17:30:00,0.0,0.009
8,2022-02-19 17:35:00,0.0,0.003
8,2022-02-19 17:40:00,0.0,0.0035
8,2022-02-19 17:45:00,0.0,-0.0045
8,2022-02-19 17:50:00,0.0,-0.0235
8,2022-02-19 17:55:00,0.0,-0.0205
8,2022-02-19 18:00:00,0.0,-0.0155
8,2022-02-19 18:05:00,0.0,-0.0234
8,2022-02-19 18:10:00,0.0,-0.0004
8,2022-02-19 18:15:00,0.0,-0.0073
8,2022-02-19 18:20:00,0.0,-0.0167
8,2022-02-19 18:25:00,0.0,0.0069
8,2022-02-19 18:30:00,0.0,-0.0011
8,2022-02-19 18:35:00,0.0,-0.0115
8,2022-02-19 18:40:00,0.0,-0.0124
8,2022-02-19 18:45:00,0.0,-0.0143
8,2022-02-19 18:50:00,0.0,-0.0143
8,2022-02-19 18:55:00,0.0,-0.0127
8,2022-02-19 19:00:00,0.0,-0.0216
8,2022-02-19 19:05:00,0.0,-0.0236
8,2022-02-19 19:10:00,0.0,-0.0085
8,2022-02-19 19:15:00,0.0,-0.0339
8,2022-02-19 19:20:00,0.0,-0.0243
8,2022-02-19 19:25:00,0.0,-0.0073
8,2022-02-19 19:30:00,0.0,-0.0047
8,2022-02-19 19:35:00,0.0,-0.0086
8,2022-02-19 19:40:00,0.0,-0.009
8,2022-02-19 19:45:00,0.0,-0.037
8,2022-02-19 19:50:00,0.0,-0.0074
8,2022-02-19 19:55:00,0.0,-0.0103
8,2022-02-19 20:00:00,0.0,-0.0153
8,2022-02-19 20:05:00,0.0,-0.0237
8,2022-02-19 20:10:00,0.0,-0.0081
8,2022-02-19 20:15:00,0.0,-0.017
8,2022-02-19 20:20:00,0.0,0.0
8,2022-02-19 20:25:00,0.0,-0.0084
8,2022-02-19 20:30:00,0.0,-0.0028
8,2022-02-19 20:35:00,0.0,-0.0057
8,2022-02-19 20:40:00,0.0,-0.0177
8,2022-02-19 20:45:00,0.0,-0.0056
8,2022-02-19 20:50:00,0.0,-0.005
8,2022-02-19 20:55:00,0.0,-0.0134
8,2022-02-19 21:00:00,0.0,-0.0149
8,2022-02-19 21:05:00,0.0,0.0017
8,2022-02-19 21:10:00,0.0,-0.0017
8,2022-02-19 21:15:00,0.0,-0.0257
8,2022-02-19 21:20:00,0.0,-0.0141
8,2022-02-19 21:25:00,0.0,-0.012
8,2022-02-19 21:30:00,0.0,-0.0169
8,2022-02-19 21:35:00,0.0,-0.0124
8,2022-02-19 21:40:00,0.0,-0.0093
8,2022-02-19 21:45:00,0.0,0.0248
8,2022-02-19 21:50:00,0.0,0.0059
8,2022-02-19 21:55:00,0.0,0.0059
8,2022-02-19 22:00:00,0.0,0.004
8,2022-02-19 22:05:00,0.0,-0.0114
8,2022-02-19 22:10:00,0.0,-0.0099
8,2022-02-19 22:15:00,0.0,0.0007
8,2022-02-19 22:20:00,0.0,-0.0122
8,2022-02-19 22:25:00,0.0,-0.0301
8,2022-02-19 22:30:00,0.0,-0.0081
8,2022-02-19 22:35:00,0.0,-0.0055
8,2022-02-19 22:40:00,0.0,-0.0024
8,2022-02-19 22:45:00,0.0,0.0072
8,2022-02-19 22:50:00,0.0,0.0007
8,2022-02-19 22:55:00,0.0,0.0083
8,2022-02-19 23:00:00,0.0,-0.0076
8,2022-02-19 23:05:00,0.0,-0.0061
8,2022-02-19 23:10:00,0.0,-0.001
8,2022-02-19 23:15:00,0.0,0.0066
8,2022-02-19 23:20:00,0.0,0.0172
8,2022-02-19 23:25:00,0.0,0.0062
8,2022-02-19 23:30:00,0.0,0.0223
8,2022-02-19 23:35:00,0.0,-0.0016
8,2022-02-19 23:40:00,0.0,-0.0015
8,2022-02-19 23:45:00,0.0,0.01
8,2022-02-19 23:50:00,0.0,0.0156
8,2022-02-19 23:55:00,0.0,-0.0073
8,2022-02-20 00:00:00,0.0,0.0083
9,2022-02-22 01:30:00,0.0,-0.0149
9,2022-02-22 01:35:00,0.0,-0.0125
9,2022-02-22 01:40:00,0.0,-0.02
9,2022-02-22 01:45:00,0.003,-0.014
9,2022-02-22 01:50:00,0.01,-0.0131
9,2022-02-22 01:55:00,0.014,-0.0151
9,2022-02-22 02:00:00,0.011,-0.0111
9,2022-02-22 02:05:00,0.014,-0.0066
9,2022-02-22 02:10:00,0.018,-0.0037
9,2022-02-22 02:15:00,0.028,-0.0072
9,2022-02-22 02:20:00,0.038,0.0058
9,2022-02-22 02:25:00,0.022,0.1162
9,2022-02-22 02:30:00,0.008,0.6757
9,2022-02-22 02:35:00,0.001,0.4392
9,2022-02-22 02:40:00,0.001,0.2697
9,2022-02-22 02:45:00,0.0,0.2751
9,2022-02-22 02:50:00,0.002,0.2486
9,2022-02-22 02:55:00,0.012,0.1926
9,2022-02-22 03:00:00,0.005,0.1625
9,2022-02-22 03:05:00,0.001,0.1235
9,2022-02-22 03:10:00,0.002,0.1275
9,2022-02-22 03:15:00,0.001,0.1146
9,2022-02-22 03:20:00,0.0,0.1364
9,2022-02-22 03:25:00,0.0,0.1328
9,2022-02-22 03:30:00,0.009,0.1469
9,2022-02-22 03:35:00,0.014,0.1363
9,2022-02-22 03:40:00,0.015,0.1403
9,2022-02-22 03:45:00,0.014,0.1273
9,2022-02-22 03:50:00,0.0,0.1428
9,2022-02-22 03:55:00,0.005,0.1912
9,2022-02-22 04:00:00,0.026,0.2859
9,2022-02-22 04:05:00,0.005,0.2304
9,2022-02-22 04:10:00,0.0,0.1906
9,2022-02-22 04:15:00,0.002,0.2516
9,2022-02-22 04:20:00,0.002,0.2562
9,2022-02-22 04:25:00,0.0,0.223
9,2022-02-22 04:30:00,0.0,0.2325
9,2022-02-22 04:35:00,0.0,0.211
9,2022-02-22 04:40:00,0.0,0.211
9,2022-02-22 04:45:00,0.0,0.2134
9,2022-02-22 04:50:00,0.0,0.1689
9,2022-02-22 04:55:00,0.0,0.1724
9,2022-02-22 05:00:00,0.0,0.1478
9,2022-02-22 05:05:00,0.0,0.1668
9,2022-02-22 05:10:00,0.0,0.1473
9,2022-02-22 05:15:00,0.0,0.1323
9,2022-02-22 05:20:00,0.0,0.1462
9,2022-02-22 05:25:00,0.0,0.1567
9,2022-02-22 05:30:00,0.0,0.1502
9,2022-02-22 05:35:00,0.0,0.1316
9,2022-02-22 05:40:00,0.0,0.1263
9,2022-02-22 05:45:00,0.0,0.1311
9,2022-02-22 05:50:00,0.0,0.1313
9,2022-02-22 05:55:00,0.0,0.119
9,2022-02-22 06:00:00,0.0,0.0875
9,2022-02-22 06:05:00,0.0,0.125
9,2022-02-22 06:10:00,0.0,0.1084
9,2022-02-22 06:15:00,0.0,0.1164
9,2022-02-22 06:20:00,0.0,0.0989
9,2022-02-22 06:25:00,0.0,0.0769
9,2022-02-22 06:30:00,0.0,0.1054
9,2022-02-22 06:35:00,0.0,0.0983
9,2022-02-22 06:40:00,0.0,0.0873
9,2022-02-22 06:45:00,0.0,0.1087
9,2022-02-22 06:50:00,0.001,0.1167
9,2022-02-22 06:55:00,0.0,0.1057
9,2022-02-22 07:00:00,0.0,0.1347
9,2022-02-22 07:05:00,0.0,0.1491
9,2022-02-22 07:10:00,0.0,0.1508
9,2022-02-22 07:15:00,0.0,0.1596
9,2022-02-22 07:20:00,0.001,0.143
9,2022-02-22 07:25:00,0.0,0.139
9,2022-02-22 07:30:00,0.0,0.101
9,2022-02-22 07:35:00,0.0,0.1255
9,2022-02-22 07:40:00,0.0,0.1294
9,2022-02-22 07:45:00,0.0,0.1259
9,2022-02-22 07:50:00,0.0,0.1249
9,2022-02-22 07:55:00,0.001,0.1171
9,2022-02-22 08:00:00,0.005,0.1518
9,2022-02-22 08:05:00,0.018,0.1293
9,2022-02-22 08:10:00,0.035,0.1427
9,2022-02-22 08:15:00,0.033,0.1337
9,2022-02-22 08:20:00,0.018,0.1402
9,2022-02-22 08:25:00,0.008,0.3397
9,2022-02-22 08:30:00,0.003,0.484
9,2022-02-22 08:35:00,0.0,0.4016
9,2022-02-22 08:40:00,0.0,0.3656
9,2022-02-22 08:45:00,0.004,0.3552
9,2022-02-22 08:50:00,0.013,0.3361
9,2022-02-22 08:55:00,0.016,0.333
9,2022-02-22 09:00:00,0.016,0.3167
9,2022-02-22 09:05:00,0.017,0.3339
9,2022-02-22 09:10:00,0.032,0.3344
9,2022-02-22 09:15:00,0.031,0.4194
9,2022-02-22 09:20:00,0.014,0.4453
9,2022-02-22 09:25:00,0.006,0.5977
9,2022-02-22 09:30:00,0.001,0.6298
9,2022-02-22 09:35:00,0.0,0.6373
9,2022-02-22 09:40:00,0.0,0.5617
9,2022-02-22 09:45:00,0.0,0.5876
9,2022-02-22 09:50:00,0.003,0.6012
9,2022-02-22 09:55:00,0.006,0.5786
9,2022-02-22 10:00:00,0.021,0.5679
9,2022-02-22 10:05:00,0.032,0.6071
9,2022-02-22 10:10:00,0.021,0.5751
9,2022-02-22 10:15:00,0.012,0.7225
9,2022-02-22 10:20:00,0.015,0.8009
9,2022-02-22 10:25:00,0.025,0.7845
9,2022-02-22 10:30:00,0.015,0.7774
9,2022-02-22 10:35:00,0.012,0.9199
9,2022-02-22 10:40:00,0.008,0.9074
9,2022-02-22 10:45:00,0.007,0.7904
9,2022-02-22 10:50:00,0.017,0.8133
9,2022-02-22 10:55:00,0.015,0.8213
9,2022-02-22 11:00:00,0.017,0.6893
9,2022-02-22 11:05:00,0.015,0.9467
9,2022-02-22 11:10:00,0.018,0.9414
9,2022-02-22 11:15:00,0.023,0.7587
9,2022-02-22 11:20:00,0.033,0.9751
9,2022-02-22 11:25:00,0.027,0.9761
9,2022-02-22 11:30:00,0.033,1.2155
9,2022-02-22 11:35:00,0.029,1.0897
9,2022-02-22 11:40:00,0.014,0.9588
9,2022-02-22 11:45:00,0.01,1.2505
9,2022-02-22 11:50:00,0.005,1.331
9,2022-02-22 11:55:00,0.005,1.2207
9,2022-02-22 12:00:00,0.009,1.1539
9,2022-02-22 12:05:00,0.004,1.089
9,2022-02-22 12:10:00,0.001,1.0193
9,2022-02-22 12:15:00,0.0,1.1031
9,2022-02-22 12:20:00,0.0,1.0433
9,2022-02-22 12:25:00,0.0,0.9978
9,2022-02-22 12:30:00,0.0,1.0323
9,2022-02-22 12:35:00,0.0,1.1132
9,2022-02-22 12:40:00,0.0,0.9457
9,2022-02-22 12:45:00,0.0,0.8932
9,2022-02-22 12:50:00,0.0,0.9936
9,2022-02-22 12:55:00,0.0,0.8962
9,2022-02-22 13:00:00,0.0,0.8715
9,2022-02-22 13:05:00,0.0,0.728
9,2022-02-22 13:10:00,0.0,0.7255
9,2022-02-22 13:15:00,0.0,0.764
9,2022-02-22 13:20:00,0.0,0.737
9,2022-02-22 13:25:00,0.0,0.7777
9,2022-02-22 13:30:00,0.0,0.6534
9,2022-02-22 13:35:00,0.0,0.6929
9,2022-02-22 13:40:00,0.0,0.6798
9,2022-02-22 13:45:00,0.0,0.7063
9,2022-02-22 13:50:00,0.0,0.6838
9,2022-02-22 13:55:00,0.0,0.6893
9,2022-02-22 14:00:00,0.0,0.6697
9,2022-02-22 14:05:00,0.0,0.6197
9,2022-02-22 14:10:00,0.0,0.6035
9,2022-02-22 14:15:00,0.0,0.6236
9,2022-02-22 14:20:00,0.0,0.5831
9,2022-02-22 14:25:00,0.0,0.685
9,2022-02-22 14:30:00,0.0,0.6645
9,2022-02-22 14:35:00,0.0,0.5882
9,2022-02-22 14:40:00,0.0,0.6039
9,2022-02-22 14:45:00,0.0,0.561
9,2022-02-22 14:50:00,0.0,0.6259
9,2022-02-22 14:55:00,0.0,0.5569
9,2022-02-22 15:00:00,0.0,0.5434
9,2022-02-22 15:05:00,0.0,0.5233
9,2022-02-22 15:10:00,0.0,0.5653
9,2022-02-22 15:15:00,0.0,0.5813
9,2022-02-22 15:20:00,0.0,0.4963
9,2022-02-22 15:25:00,0.0,0.4982
9,2022-02-22 15:30:00,0.0,0.5797
9,2022-02-22 15:35:00,0.0,0.4562
9,2022-02-22 15:40:00,0.0,0.5186
9,2022-02-22 15:45:00,0.0,0.5311
9,2022-02-22 15:50:00,0.0,0.4691
9,2022-02-22 15:55:00,0.0,0.5736
9,2022-02-22 16:00:00,0.0,0.528
9,2022-02-22 16:05:00,0.0,0.4935
9,2022-02-22 16:10:00,0.0,0.412
9,2022-02-22 16:15:00,0.0,0.4849
9,2022-02-22 16:20:00,0.0,0.4524
9,2022-02-22 16:25:00,0.0,0.4159
9,2022-02-22 16:30:00,0.0,0.4059
9,2022-02-22 16:35:00,0.0,0.4033
9,2022-02-22 16:40:00,0.0,0.3993
9,2022-02-22 16:45:00,0.0,0.4958
9,2022-02-22 16:50:00,0.0,0.4377
9,2022-02-22 16:55:00,0.0,0.3782
9,2022-02-22 17:00:00,0.0,0.4037
9,2022-02-22 17:05:00,0.0,0.4587
9,2022-02-22 17:10:00,0.0,0.4051
9,2022-02-22 17:15:00,0.0,0.4451
9,2022-02-22 17:20:00,0.0,0.418
9,2022-02-22 17:25:00,0.0,0.3847
9,2022-02-22 17:30:00,0.0,0.4295
9,2022-02-22 17:35:00,0.0,0.4425
9,2022-02-22 17:40:00,0.0,0.4145
9,2022-02-22 17:45:00,0.0,0.3654
9,2022-02-22 17:50:00,0.0,0.3974
9,2022-02-22 17:55:00,0.0,0.3734
9,2022-02-22 18:00:00,0.0,0.4043
9,2022-02-22 18:05:00,0.0,0.3908
9,2022-02-22 18:10:00,0.0,0.4058
9,2022-02-22 18:15:00,0.0,0.3057
9,2022-02-22 18:20:00,0.0,0.3732
9,2022-02-22 18:25:00,0.0,0.3417
9,2022-02-22 18:30:00,0.0,0.4157
9,2022-02-22 18:35:00,0.0,0.3511
9,2022-02-22 18:40:00,0.0,0.3886
9,2022-02-22 18:45:00,0.0,0.3441
9,2022-02-22 18:50:00,0.0,0.326
9,2022-02-22 18:55:00,0.0,0.3425
9,2022-02-22 19:00:00,0.0,0.366
9,2022-02-22 19:05:00,0.0,0.312
9,2022-02-22 19:10:00,0.0,0.3479
9,2022-02-22 19:15:00,0.0,0.3299
9,2022-02-22 19:20:00,0.0,0.3312
9,2022-02-22 19:25:00,0.0,0.3285
9,2022-02-22 19:30:00,0.0,0.3623
9,2022-02-22 19:35:00,0.0,0.2948
9,2022-02-22 19:40:00,0.0,0.3273
9,2022-02-22 19:45:00,0.0,0.3567
9,2022-02-22 19:50:00,0.0,0.3432
9,2022-02-22 19:55:00,0.0,0.3207
9,2022-02-22 20:00:00,0.0,0.3861
9,2022-02-22 20:05:00,0.0,0.2976
9,2022-02-22 20:10:00,0.0,0.2991
9,2022-02-22 20:15:00,0.0,0.3101
9,2022-02-22 20:20:00,0.0,0.354
9,2022-02-22 20:25:00,0.0,0.3055
9,2022-02-22 20:30:00,0.0,0.3665
9,2022-02-22 20:35:00,0.0,0.3164
9,2022-02-22 20:40:00,0.0,0.3494
9,2022-02-22 20:45:00,0.0,0.3279
9,2022-02-22 20:50:00,0.0,0.2516
9,2022-02-22 20:55:00,0.0,0.2948
9,2022-02-22 21:00:00,0.0,0.2803
9,2022-02-22 21:05:00,0.0,0.3278
9,2022-02-22 21:10:00,0.0,0.3167
9,2022-02-22 21:15:00,0.0,0.2714
9,2022-02-22 21:20:00,0.0,0.2992
9,2022-02-22 21:25:00,0.0,0.2691
9,2022-02-22 21:30:00,0.0,0.2851
9,2022-02-22 21:35:00,0.0,0.3011
9,2022-02-22 21:40:00,0.0,0.3291
9,2022-02-22 21:45:00,0.0,0.293
9,2022-02-22 21:50:00,0.0376,0.2675
9,2022-02-22 21:55:00,0.0,0.2905
9,2022-02-22 22:00:00,0.0,0.2764
9,2022-02-22 22:05:00,0.0,0.3084
9,2022-02-22 22:10:00,0.0,0.3154
9,2022-02-22 22:15:00,0.0,0.2949
9,2022-02-22 22:20:00,0.0,0.3028
9,2022-02-22 22:25:00,0.0,0.2808
9,2022-02-22 22:30:00,0.0,0.3113
9,2022-02-22 22:35:00,0.0,0.2817
9,2022-02-22 22:40:00,0.0,0.3172
9,2022-02-22 22:45:00,0.0,0.3193
9,2022-02-22 22:50:00,0.0,0.2944
9,2022-02-22 22:55:00,0.0,0.295
9,2022-02-22 23:00:00,0.0,0.3006
9,2022-02-22 23:05:00,0.0,0.2556
9,2022-02-22 23:10:00,0.0,0.271
9,2022-02-22 23:15:00,0.0,0.2814
9,2022-02-22 23:20:00,0.0,0.297
9,2022-02-22 23:25:00,0.0,0.232
9,2022-02-22 23:30:00,0.0,0.2536
9,2022-02-22 23:35:00,0.0,0.2615
9,2022-02-22 23:40:00,0.0,0.2847
9,2022-02-22 23:45:00,0.0,0.2663
9,2022-02-22 23:50:00,0.0,0.2463
9,2022-02-22 23:55:00,0.0,0.2663
9,2022-02-23 00:00:00,0.0,0.2643
9,2022-02-23 00:05:00,0.0,0.2492
9,2022-02-23 00:10:00,0.0,0.2417
9,2022-02-23 00:15:00,0.0,0.2242
9,2022-02-23 00:20:00,0.0,0.2406
9,2022-02-23 00:25:00,0.0,0.2541
9,2022-02-23 00:30:00,0.0,0.2274
9,2022-02-23 00:35:00,0.0,0.2275
9,2022-02-23 00:40:00,0.0,0.2305
9,2022-02-23 00:45:00,0.0,0.208
9,2022-02-23 00:50:00,0.0,0.2535
9,2022-02-23 00:55:00,0.0,0.2304
9,2022-02-23 01:00:00,0.0,0.2294
9,2022-02-23 01:05:00,0.0,0.1974
9,2022-02-23 01:10:00,0.0,0.2023
9,2022-02-23 01:15:00,0.0,0.1978
9,2022-02-23 01:20:00,0.0,0.2073
9,2022-02-23 01:25:00,0.0,0.2073
9,2022-02-23 01:30:00,0.0,0.1967
9,2022-02-23 01:35:00,0.0,0.2182
9,2022-02-23 01:40:00,0.0,0.2042
9,2022-02-23 01:45:00,0.0,0.2036
9,2022-02-23 01:50:00,0.0,0.2141
9,2022-02-23 01:55:00,0.0,0.1896
9,2022-02-23 02:00:00,0.0,0.2031
9,2022-02-23 02:05:00,0.0,0.1748
9,2022-02-23 02:10:00,0.0,0.1967
9,2022-02-23 02:15:00,0.0,0.1835
9,2022-02-23 02:20:00,0.0,0.1854
9,2022-02-23 02:25:00,0.0,0.1904
9,2022-02-23 02:30:00,0.0,0.1994
9,2022-02-23 02:35:00,0.0,0.1634
9,2022-02-23 02:40:00,0.0,0.1676
9,2022-02-23 02:45:00,0.0,0.1463
9,2022-02-23 02:50:00,0.0,0.1713
9,2022-02-23 02:55:00,0.0,0.1782
9,2022-02-23 03:00:00,0.0,0.1652
9,2022-02-23 03:05:00,0.0,0.1592
9,2022-02-23 03:10:00,0.0,0.1657
9,2022-02-23 03:15:00,0.0,0.1661
9,2022-02-23 03:20:00,0.0,0.1786
9,2022-02-23 03:25:00,0.0,0.1701
9,2022-02-23 03:30:00,0.0,0.152
9,2022-02-23 03:35:00,0.0,0.173
9,2022-02-23 03:40:00,0.0,0.164
9,2022-02-23 03:45:00,0.0,0.1589
9,2022-02-23 03:50:00,0.0,0.1697
9,2022-02-23 03:55:00,0.0,0.1774
9,2022-02-23 04:00:00,0.0,0.1469
9,2022-02-23 04:05:00,0.0,0.1413
9,2022-02-23 04:10:00,0.0,0.1388
9,2022-02-23 04:15:00,0.0,0.1533
9,2022-02-23 04:20:00,0.0,0.1487
9,2022-02-23 04:25:00,0.0,0.1392
9,2022-02-23 04:30:00,0.0,0.1487
9,2022-02-23 04:35:00,0.0,0.1512
9,2022-02-23 04:40:00,0.0,0.1511
9,2022-02-23 04:45:00,0.0,0.1541
9,2022-02-23 04:50:00,0.0,0.1386
9,2022-02-23 04:55:00,0.0,0.141
9,2022-02-23 05:00:00,0.0,0.1115
9,2022-02-23 05:05:00,0.0,0.1225
9,2022-02-23 05:10:00,0.0,0.1235
9,2022-02-23 05:15:00,0.0,0.1164
9,2022-02-23 05:20:00,0.0,0.1107
9,2022-02-23 05:25:00,0.0,0.1168
9,2022-02-23 05:30:00,0.0,0.1213
9,2022-02-23 05:35:00,0.0,0.1043
9,2022-02-23 05:40:00,0.0,0.1273
9,2022-02-23 05:45:00,0.0,0.1177
9,2022-02-23 05:50:00,0.0,0.0982
9,2022-02-23 05:55:00,0.0,0.0826
9,2022-02-23 06:00:00,0.0,0.0993
9,2022-02-23 06:05:00,0.0,0.0841
9,2022-02-23 06:10:00,0.0,0.0791
9,2022-02-23 06:15:00,0.0,0.0791
9,2022-02-23 06:20:00,0.0,0.0766
9,2022-02-23 06:25:00,0.0,0.088
9,2022-02-23 06:30:00,0.0,0.086
9,2022-02-23 06:35:00,0.0,0.155
9,2022-02-23 06:40:00,0.0,0.1164
9,2022-02-23 06:45:00,0.0,0.0854
9,2022-02-23 06:50:00,0.0,0.1054
9,2022-02-23 06:55:00,0.0,0.1248
9,2022-02-23 07:00:00,0.0,0.1093
9,2022-02-23 07:05:00,0.0,0.1238
9,2022-02-23 07:10:00,0.0,0.1403
9,2022-02-23 07:15:00,0.0,0.1712
9,2022-02-23 07:20:00,0.0,0.1602
9,2022-02-23 07:25:00,0.0,0.1422
9,2022-02-23 07:30:00,0.0,0.1636
9,2022-02-23 07:35:00,0.0,0.1481
9,2022-02-23 07:40:00,0.0,0.1276
9,2022-02-23 07:45:00,0.0,0.1381
9,2022-02-23 07:50:00,0.0,0.1225
9,2022-02-23 07:55:00,0.0,0.1385
9,2022-02-23 08:00:00,0.0,0.1255
9,2022-02-23 08:05:00,0.0,0.1254
9,2022-02-23 08:10:00,0.0,0.1009
9,2022-02-23 08:15:00,0.0,0.1014
9,2022-02-23 08:20:00,0.0,0.0924
9,2022-02-23 08:25:00,0.0,0.1188
9,2022-02-23 08:30:00,0.0,0.1278
9,2022-02-23 08:35:00,0.0,0.0968
9,2022-02-23 08:40:00,0.0,0.1082
9,2022-02-23 08:45:00,0.0,0.1252
9,2022-02-23 08:50:00,0.0,0.1072
9,2022-02-23 08:55:00,0.0,0.0857
9,2022-02-23 09:00:00,0.0,0.1036
9,2022-02-23 09:05:00,0.0,0.0911
9,2022-02-23 09:10:00,0.0,0.0826
9,2022-02-23 09:15:00,0.0,0.097
9,2022-02-23 09:20:00,0.0,0.0749
9,2022-02-23 09:25:00,0.0,0.077
9,2022-02-23 09:30:00,0.0,0.088
9,2022-02-23 09:35:00,0.0,0.0979
9,2022-02-23 09:40:00,0.0,0.0868
9,2022-02-23 09:45:00,0.0,0.0668
9,2022-02-23 09:50:00,0.0,0.0918
9,2022-02-23 09:55:00,0.0,0.0778
9,2022-02-23 10:00:00,0.0,0.0822
9,2022-02-23 10:05:00,0.0,0.0782
9,2022-02-23 10:10:00,0.0,0.0956
9,2022-02-23 10:15:00,0.0,0.0936
9,2022-02-23 10:20:00,0.0,0.0842
9,2022-02-23 10:25:00,0.0,0.0806
9,2022-02-23 10:30:00,0.0,0.0886
9,2022-02-23 10:35:00,0.0,0.1071
9,2022-02-23 10:40:00,0.0,0.0655
9,2022-02-23 10:45:00,0.0,0.09
9,2022-02-23 10:50:00,0.0,0.0925
9,2022-02-23 10:55:00,0.0,0.08
9,2022-02-23 11:00:00,0.0,0.0844
9,2022-02-23 11:05:00,0.0,0.0824
9,2022-02-23 11:10:00,0.0,0.0989
9,2022-02-23 11:15:00,0.0,0.0778
9,2022-02-23 11:20:00,0.0,0.0868
9,2022-02-23 11:25:00,0.0,0.0918
9,2022-02-23 11:30:00,0.0,0.0873
9,2022-02-23 11:35:00,0.0,0.0557
9,2022-02-23 11:40:00,0.0,0.0837
9,2022-02-23 11:45:00,0.0,0.0827
9,2022-02-23 11:50:00,0.0,0.0556
9,2022-02-23 11:55:00,0.0,0.0786
9,2022-02-23 12:00:00,0.0,0.0821
9,2022-02-23 12:05:00,0.0,0.1006
9,2022-02-23 12:10:00,0.0,0.082
9,2022-02-23 12:15:00,0.0,0.126
9,2022-02-23 12:20:00,0.0,0.077
9,2022-02-23 12:25:00,0.0,0.0804
9,2022-02-23 12:30:00,0.0,0.1239
9,2022-02-23 12:35:00,0.0,0.0993
9,2022-02-23 12:40:00,0.0,0.1034
9,2022-02-23 12:45:00,0.0,0.0943
9,2022-02-23 12:50:00,0.0,0.0583
9,2022-02-23 12:55:00,0.0,0.0833
9,2022-02-23 13:00:00,0.0,0.0552
9,2022-02-23 13:05:00,0.0,0.0527
9,2022-02-23 13:10:00,0.0,0.0802
9,2022-02-23 13:15:00,0.0,0.0591
9,2022-02-23 13:20:00,0.0,0.0761
9,2022-02-23 13:25:00,0.0,0.0706
9,2022-02-23 13:30:00,0.0,0.0781
9,2022-02-23 13:35:00,0.0,0.0725
9,2022-02-23 13:40:00,0.0,0.0545
9,2022-02-23 13:45:00,0.0,0.063
9,2022-02-23 13:50:00,0.0,0.0629
9,2022-02-23 13:55:00,0.0,0.0959
9,2022-02-23 14:00:00,0.0,0.1019
9,2022-02-23 14:05:00,0.0,0.0759
9,2022-02-23 14:10:00,0.0,0.0698
9,2022-02-23 14:15:00,0.0,0.0518
9,2022-02-23 14:20:00,0.0,0.0568
9,2022-02-23 14:25:00,0.0,0.0932
9,2022-02-23 14:30:00,0.0,0.1101
9,2022-02-23 14:35:00,0.0,0.1062
9,2022-02-23 14:40:00,0.0,0.0911
9,2022-02-23 14:45:00,0.0,0.1066
9,2022-02-23 14:50:00,0.0,0.1056
9,2022-02-23 14:55:00,0.0,0.1126
9,2022-02-23 15:00:00,0.0,0.1075
9,2022-02-23 15:05:00,0.0,0.115
9,2022-02-23 15:10:00,0.0,0.0779
9,2022-02-23 15:15:00,0.0,0.085
9,2022-02-23 15:20:00,0.0,0.1074
9,2022-02-23 15:25:00,0.0,0.1109
9,2022-02-23 15:30:00,0.0,0.1014
9,2022-02-23 15:35:00,0.0,0.1368
9,2022-02-23 15:40:00,0.0,0.1217
9,2022-02-23 15:45:00,0.0,0.1068
9,2022-02-23 15:50:00,0.0,0.1027
9,2022-02-23 15:55:00,0.0,0.0752
9,2022-02-23 16:00:00,0.0,0.0717
9,2022-02-23 16:05:00,0.0,0.0692
9,2022-02-23 16:10:00,0.0,0.0696
9,2022-02-23 16:15:00,0.0,0.0541
9,2022-02-23 16:20:00,0.0,0.0441
9,2022-02-23 16:25:00,0.0,0.037
9,2022-02-23 16:30:00,0.0,0.037
9,2022-02-23 16:35:00,0.0,0.0439
9,2022-02-23 16:40:00,0.0,0.06
9,2022-02-23 16:45:00,0.0,0.0244
9,2022-02-23 16:50:00,0.0,0.0428
9,2022-02-23 16:55:00,0.0,0.0459
9,2022-02-23 17:00:00,0.0,0.0558
9,2022-02-23 17:05:00,0.0,0.0283
9,2022-02-23 17:10:00,0.0,0.0438
9,2022-02-23 17:15:00,0.0,0.0407
9,2022-02-23 17:20:00,0.0,0.0417
9,2022-02-23 17:25:00,0.0,0.0277
9,2022-02-23 17:30:00,0.0,0.0367
9,2022-02-23 17:35:00,0.0,0.0461
9,2022-02-23 17:40:00,0.0,0.0266
9,2022-02-23 17:45:00,0.0,0.0346
9,2022-02-23 17:50:00,0.0,0.0386
9,2022-02-23 17:55:00,0.0,0.0165
9,2022-02-23 18:00:00,0.0,0.0645
9,2022-02-23 18:05:00,0.0,0.016
9,2022-02-23 18:10:00,0.0,0.0489
9,2022-02-23 18:15:00,0.0,0.0289
9,2022-02-23 18:20:00,0.0,0.0199
9,2022-02-23 18:25:00,0.0,0.0393
9,2022-02-23 18:30:00,0.0,0.0418
9,2022-02-23 18:35:00,0.0,0.0268
9,2022-02-23 18:40:00,0.0,0.0378
9,2022-02-23 18:45:00,0.0,0.0277
9,2022-02-23 18:50:00,0.0,0.0327
9,2022-02-23 18:55:00,0.0,0.0407
9,2022-02-23 19:00:00,0.0,0.0167
9,2022-02-23 19:05:00,0.0,0.0336
9,2022-02-23 19:10:00,0.0,0.0536
9,2022-02-23 19:15:00,0.0,0.0416
9,2022-02-23 19:20:00,0.0,0.0255
9,2022-02-23 19:25:00,0.0,0.0345
9,2022-02-23 19:30:00,0.0,0.0195
9,2022-02-23 19:35:00,0.0,0.0165
9,2022-02-23 19:40:00,0.0,0.0134
9,2022-02-23 19:45:00,0.0,0.0244
9,2022-02-23 19:50:00,0.0,0.0164
9,2022-02-23 19:55:00,0.0,0.0143
9,2022-02-23 20:00:00,0.0,0.0413
9,2022-02-23 20:05:00,0.0,0.0243
9,2022-02-23 20:10:00,0.0,0.0532
9,2022-02-23 20:15:00,0.0,0.0252
9,2022-02-23 20:20:00,0.0,0.0222
9,2022-02-23 20:25:00,0.0,0.0392
9,2022-02-23 20:30:00,0.0,0.0711
9,2022-02-23 20:35:00,0.0,0.0601
9,2022-02-23 20:40:00,0.0,0.0401
9,2022-02-23 20:45:00,0.0,0.021
9,2022-02-23 20:50:00,0.0,0.041
9,2022-02-23 20:55:00,0.0,0.025
9,2022-02-23 21:00:00,0.0,0.04
9,2022-02-23 21:05:00,0.0,0.0189
9,2022-02-23 21:10:00,0.0,0.0219
9,2022-02-23 21:15:00,0.0,0.0179
9,2022-02-23 21:20:00,0.0,0.0258
9,2022-02-23 21:25:00,0.0,0.0268
9,2022-02-23 21:30:00,0.0,0.0238
9,2022-02-23 21:35:00,0.0,0.0345
9,2022-02-23 21:40:00,0.0,0.0229
9,2022-02-23 21:45:00,0.0,0.0117
9,2022-02-23 21:50:00,0.0,0.0267
9,2022-02-23 21:55:00,0.0,0.0306
9,2022-02-23 22:00:00,0.0,0.0166
9,2022-02-23 22:05:00,0.0,-0.0034
9,2022-02-23 22:10:00,0.0,0.0086
9,2022-02-23 22:15:00,0.0,0.0275
9,2022-02-23 22:20:00,0.0,0.0405
9,2022-02-23 22:25:00,0.0,0.0455
9,2022-02-23 22:30:00,0.0,0.0414
9,2022-02-23 22:35:00,0.0,0.0374
9,2022-02-23 22:40:00,0.0,0.0414
9,2022-02-23 22:45:00,0.0,0.0644
9,2022-02-23 22:50:00,0.0,0.0723
9,2022-02-23 22:55:00,0.0,0.0513
9,2022-02-23 23:00:00,0.0,0.0521
9,2022-02-23 23:05:00,0.0,0.0487
9,2022-02-23 23:10:00,0.0,0.0572
9,2022-02-23 23:15:00,0.0,0.0482
9,2022-02-23 23:20:00,0.0,0.0461
9,2022-02-23 23:25:00,0.0,0.0541
9,2022-02-23 23:30:00,0.0,0.0411
9,2022-02-23 23:35:00,0.0,0.0471
9,2022-02-23 23:40:00,0.0,0.045
9,2022-02-23 23:45:00,0.0,0.038
9,2022-02-23 23:50:00,0.0,0.037
9,2022-02-23 23:55:00,0.0,0.0559
9,2022-02-24 00:00:00,0.0,0.0639
10,2022-02-22 21:35:00,0.0,0.3011
10,2022-02-22 21:40:00,0.0,0.3291
10,2022-02-22 21:45:00,0.0,0.293
10,2022-02-22 21:50:00,0.0376,0.2675
10,2022-02-22 21:55:00,0.0,0.2905
10,2022-02-22 22:00:00,0.0,0.2764
10,2022-02-22 22:05:00,0.0,0.3084
10,2022-02-22 22:10:00,0.0,0.3154
10,2022-02-22 22:15:00,0.0,0.2949
10,2022-02-22 22:20:00,0.0,0.3028
10,2022-02-22 22:25:00,0.0,0.2808
10,2022-02-22 22:30:00,0.0,0.3113
10,2022-02-22 22:35:00,0.0,0.2817
10,2022-02-22 22:40:00,0.0,0.3172
10,2022-02-22 22:45:00,0.0,0.3193
10,2022-02-22 22:50:00,0.0,0.2944
10,2022-02-22 22:55:00,0.0,0.295
10,2022-02-22 23:00:00,0.0,0.3006
10,2022-02-22 23:05:00,0.0,0.2556
10,2022-02-22 23:10:00,0.0,0.271
10,2022-02-22 23:15:00,0.0,0.2814
10,2022-02-22 23:20:00,0.0,0.297
10,2022-02-22 23:25:00,0.0,0.232
10,2022-02-22 23:30:00,0.0,0.2536
10,2022-02-22 23:35:00,0.0,0.2615
10,2022-02-22 23:40:00,0.0,0.2847
10,2022-02-22 23:45:00,0.0,0.2663
10,2022-02-22 23:50:00,0.0,0.2463
10,2022-02-22 23:55:00,0.0,0.2663
10,2022-02-23 00:00:00,0.0,0.2643
10,2022-02-23 00:05:00,0.0,0.2492
10,2022-02-23 00:10:00,0.0,0.2417
10,2022-02-23 00:15:00,0.0,0.2242
10,2022-02-23 00:20:00,0.0,0.2406
10,2022-02-23 00:25:00,0.0,0.2541
10,2022-02-23 00:30:00,0.0,0.2274
10,2022-02-23 00:35:00,0.0,0.2275
10,2022-02-23 00:40:00,0.0,0.2305
10,2022-02-23 00:45:00,0.0,0.208
10,2022-02-23 00:50:00,0.0,0.2535
11,2022-02-24 15:55:00,0.0,-0.0006
11,2022-02-24 16:00:00,0.0,-0.0126
11,2022-02-24 16:05:00,0.001,-0.0217
11,2022-02-24 16:10:00,0.001,-0.0007
11,2022-02-24 16:15:00,0.002,0.0123
11,2022-02-24 16:20:00,0.004,0.0002
11,2022-02-24 16:25:00,0.003,0.0092
11,2022-02-24 16:30:00,0.005,0.0052
11,2022-02-24 16:35:00,0.007,-0.0018
11,2022-02-24 16:40:00,0.008,0.0041
11,2022-02-24 16:45:00,0.007,-0.0099
11,2022-02-24 16:50:00,0.011,-0.0049
11,2022-02-24 16:55:00,0.012,0.003
11,2022-02-24 17:00:00,0.012,-0.005
11,2022-02-24 17:05:00,0.012,-0.02
11,2022-02-24 17:10:00,0.011,0.016
11,2022-02-24 17:15:00,0.011,0.0279
11,2022-02-24 17:20:00,0.009,0.0999
11,2022-02-24 17:25:00,0.01,0.1729
11,2022-02-24 17:30:00,0.01,0.1618
11,2022-02-24 17:35:00,0.009,0.2168
11,2022-02-24 17:40:00,0.008,0.1808
11,2022-02-24 17:45:00,0.007,0.2378
11,2022-02-24 17:50:00,0.005,0.2627
11,2022-02-24 17:55:00,0.006,0.2137
11,2022-02-24 18:00:00,0.007,0.2027
11,2022-02-24 18:05:00,0.007,0.1906
11,2022-02-24 18:10:00,0.004,0.2396
11,2022-02-24 18:15:00,0.002,0.2406
11,2022-02-24 18:20:00,0.002,0.2086
11,2022-02-24 18:25:00,0.005,0.1865
11,2022-02-24 18:30:00,0.009,0.1926
11,2022-02-24 18:35:00,0.01,0.2385
11,2022-02-24 18:40:00,0.007,0.2484
11,2022-02-24 18:45:00,0.002,0.2664
11,2022-02-24 18:50:00,0.007,0.2494
11,2022-02-24 18:55:00,0.014,0.2853
11,2022-02-24 19:00:00,0.017,0.3023
11,2022-02-24 19:05:00,0.018,0.2783
11,2022-02-24 19:10:00,0.015,0.2803
11,2022-02-24 19:15:00,0.012,0.2882
11,2022-02-24 19:20:00,0.011,0.3342
11,2022-02-24 19:25:00,0.014,0.4652
11,2022-02-24 19:30:00,0.017,0.4701
11,2022-02-24 19:35:00,0.016,0.3971
11,2022-02-24 19:40:00,0.013,0.4911
11,2022-02-24 19:45:00,0.011,0.5121
11,2022-02-24 19:50:00,0.009,0.6536
11,2022-02-24 19:55:00,0.009,0.719
11,2022-02-24 20:00:00,0.009,0.61
11,2022-02-24 20:05:00,0.008,0.5909
11,2022-02-24 20:10:00,0.008,0.5829
11,2022-02-24 20:15:00,0.011,0.6589
11,2022-02-24 20:20:00,0.008,0.7209
11,2022-02-24 20:25:00,0.006,0.6438
11,2022-02-24 20:30:00,0.005,0.6278
11,2022-02-24 20:35:00,0.002,0.6628
11,2022-02-24 20:40:00,0.001,0.7307
11,2022-02-24 20:45:00,0.003,0.6027
11,2022-02-24 20:50:00,0.002,0.7087
11,2022-02-24 20:55:00,0.001,0.6927
11,2022-02-24 21:00:00,0.002,0.6966
11,2022-02-24 21:05:00,0.006,0.6376
11,2022-02-24 21:10:00,0.009,0.5926
11,2022-02-24 21:15:00,0.008,0.5455
11,2022-02-24 21:20:00,0.004,0.6345
11,2022-02-24 21:25:00,0.001,0.5965
11,2022-02-24 21:30:00,0.0,0.6185
11,2022-02-24 21:35:00,0.0,0.6884
11,2022-02-24 21:40:00,0.0,0.7204
11,2022-02-24 21:45:00,0.0,0.6784
11,2022-02-24 21:50:00,0.0,0.6303
11,2022-02-24 21:55:00,0.0,0.6003
11,2022-02-24 22:00:00,0.0,0.6473
11,2022-02-24 22:05:00,0.0,0.5732
11,2022-02-24 22:10:00,0.0,0.5922
11,2022-02-24 22:15:00,0.0,0.6702
11,2022-02-24 22:20:00,0.0,0.5272
11,2022-02-24 22:25:00,0.0,0.6091
11,2022-02-24 22:30:00,0.0,0.6051
11,2022-02-24 22:35:00,0.0,0.6001
11,2022-02-24 22:40:00,0.0,0.544
11,2022-02-24 22:45:00,0.0,0.579
11,2022-02-24 22:50:00,0.0,0.587
11,2022-02-24 22:55:00,0.0,0.546
11,2022-02-24 23:00:00,0.0,0.5469
11,2022-02-24 23:05:00,0.0,0.4939
11,2022-02-24 23:10:00,0.0,0.5469
11,2022-02-24 23:15:00,0.0,0.4888
11,2022-02-24 23:20:00,0.001,0.4268
11,2022-02-24 23:25:00,0.002,0.4638
11,2022-02-24 23:30:00,0.008,0.4728
11,2022-02-24 23:35:00,0.013,0.4827
11,2022-02-24 23:40:00,0.012,0.4447
11,2022-02-24 23:45:00,0.016,0.507
11,2022-02-24 23:50:00,0.022,0.4806
11,2022-02-24 23:55:00,0.021,0.4416
11,2022-02-25 00:00:00,0.016,0.5516
11,2022-02-25 00:05:00,0.015,0.6576
11,2022-02-25 00:10:00,0.014,0.6385
11,2022-02-25 00:15:00,0.013,0.7475
11,2022-02-25 00:20:00,0.011,0.7145
11,2022-02-25 00:25:00,0.012,0.7854
11,2022-02-25 00:30:00,0.013,0.7034
11,2022-02-25 00:35:00,0.013,0.7574
11,2022-02-25 00:40:00,0.01,0.7674
11,2022-02-25 00:45:00,0.009,0.7443
11,2022-02-25 00:50:00,0.01,0.9103
11,2022-02-25 00:55:00,0.008,0.9223
11,2022-02-25 01:00:00,0.003,0.9092
11,2022-02-25 01:05:00,0.001,0.8412
11,2022-02-25 01:10:00,0.001,0.9742
11,2022-02-25 01:15:00,0.003,0.9711
11,2022-02-25 01:20:00,0.004,0.8591
11,2022-02-25 01:25:00,0.004,0.9151
11,2022-02-25 01:30:00,0.001,0.8311
11,2022-02-25 01:35:00,0.0,0.791
11,2022-02-25 01:40:00,0.0,0.848
11,2022-02-25 01:45:00,0.0,0.835
11,2022-02-25 01:50:00,0.0,0.7359
11,2022-02-25 01:55:00,0.0,0.7669
11,2022-02-25 02:00:00,0.001,0.7819
11,2022-02-25 02:05:00,0.001,0.7949
11,2022-02-25 02:10:00,0.0,0.7778
11,2022-02-25 02:15:00,0.0,0.7358
11,2022-02-25 02:20:00,0.0,0.7518
11,2022-02-25 02:25:00,0.0,0.6767
11,2022-02-25 02:30:00,0.0,0.7557
11,2022-02-25 02:35:00,0.0,0.6397
11,2022-02-25 02:40:00,0.0,0.6647
11,2022-02-25 02:45:00,0.0,0.7076
11,2022-02-25 02:50:00,0.0,0.6826
11,2022-02-25 02:55:00,0.0,0.6246
11,2022-02-25 03:00:00,0.0,0.6585
11,2022-02-25 03:05:00,0.0,0.6225
11,2022-02-25 03:10:00,0.0,0.6165
11,2022-02-25 03:15:00,0.0,0.6235
11,2022-02-25 03:20:00,0.0,0.6084
11,2022-02-25 03:25:00,0.0,0.5704
11,2022-02-25 03:30:00,0.0,0.6124
11,2022-02-25 03:35:00,0.0,0.6333
11,2022-02-25 03:40:00,0.0,0.6312
11,2022-02-25 03:45:00,0.0,0.5593
11,2022-02-25 03:50:00,0.0,0.5443
11,2022-02-25 03:55:00,0.0,0.539
11,2022-02-25 04:00:00,0.0,0.5642
11,2022-02-25 04:05:00,0.0,0.5422
11,2022-02-25 04:10:00,0.0,0.5231
11,2022-02-25 04:15:00,0.0,0.5301
11,2022-02-25 04:20:00,0.0,0.5551
11,2022-02-25 04:25:00,0.0,0.5036
11,2022-02-25 04:30:00,0.0,0.517
11,2022-02-25 04:35:00,0.0,0.5268
11,2022-02-25 04:40:00,0.0,0.509
11,2022-02-25 04:45:00,0.0,0.5319
11,2022-02-25 04:50:00,0.0,0.4889
11,2022-02-25 04:55:00,0.0,0.4609
11,2022-02-25 05:00:00,0.0,0.4488
11,2022-02-25 05:05:00,0.0,0.4728
11,2022-02-25 05:10:00,0.0,0.4708
11,2022-02-25 05:15:00,0.0,0.4828
11,2022-02-25 05:20:00,0.0,0.3997
11,2022-02-25 05:25:00,0.0,0.4457
11,2022-02-25 05:30:00,0.0,0.3837
11,2022-02-25 05:35:00,0.0,0.4136
11,2022-02-25 05:40:00,0.0,0.4166
11,2022-02-25 05:45:00,0.0,0.3886
11,2022-02-25 05:50:00,0.0,0.3886
11,2022-02-25 05:55:00,0.0,0.4255
11,2022-02-25 06:00:00,0.0,0.4185
11,2022-02-25 06:05:00,0.0,0.3825
11,2022-02-25 06:10:00,0.0,0.3304
11,2022-02-25 06:15:00,0.0,0.3074
11,2022-02-25 06:20:00,0.0,0.3944
11,2022-02-25 06:25:00,0.0,0.3204
11,2022-02-25 06:30:00,0.0,0.3513
11,2022-02-25 06:35:00,0.0,0.3423
11,2022-02-25 06:40:00,0.0,0.3153
11,2022-02-25 06:45:00,0.0,0.2892
11,2022-02-25 06:50:00,0.0,0.3272
11,2022-02-25 06:55:00,0.0,0.3552
11,2022-02-25 07:00:00,0.0,0.3222
11,2022-02-25 07:05:00,0.0,0.3471
11,2022-02-25 07:10:00,0.0,0.3911
11,2022-02-25 07:15:00,0.0,0.3171
11,2022-02-25 07:20:00,0.0,0.343
11,2022-02-25 07:25:00,0.0,0.349
11,2022-02-25 07:30:00,0.0,0.346
11,2022-02-25 07:35:00,0.0,0.29
11,2022-02-25 07:40:00,0.0,0.3339
11,2022-02-25 07:45:00,0.0,0.3349
11,2022-02-25 07:50:00,0.0,0.3599
11,2022-02-25 07:55:00,0.0,0.3281
11,2022-02-25 08:00:00,0.0,0.3358
11,2022-02-25 08:05:00,0.0,0.3248
11,2022-02-25 08:10:00,0.0,0.2987
11,2022-02-25 08:15:00,0.0,0.3546
11,2022-02-25 08:20:00,0.0,0.3687
11,2022-02-25 08:25:00,0.0,0.3847
11,2022-02-25 08:30:00,0.0,0.3166
11,2022-02-25 08:35:00,0.0,0.3916
11,2022-02-25 08:40:00,0.0,0.3536
11,2022-02-25 08:45:00,0.0,0.3695
11,2022-02-25 08:50:00,0.0,0.3625
11,2022-02-25 08:55:00,0.0,0.3565
11,2022-02-25 09:00:00,0.0,0.3245
11,2022-02-25 09:05:00,0.0,0.3064
11,2022-02-25 09:10:00,0.0,0.3164
11,2022-02-25 09:15:00,0.0,0.3054
11,2022-02-25 09:20:00,0.0,0.2553
11,2022-02-25 09:25:00,0.0,0.2753
11,2022-02-25 09:30:00,0.0,0.2773
11,2022-02-25 09:35:00,0.0,0.2843
11,2022-02-25 09:40:00,0.0,0.2692
11,2022-02-25 09:45:00,0.0,0.2692
11,2022-02-25 09:50:00,0.0,0.2872
11,2022-02-25 09:55:00,0.0,0.2671
11,2022-02-25 10:00:00,0.0,0.2681
11,2022-02-25 10:05:00,0.0,0.3011
11,2022-02-25 10:10:00,0.0,0.2661
11,2022-02-25 10:15:00,0.0,0.257
11,2022-02-25 10:20:00,0.0,0.279
11,2022-02-25 10:25:00,0.0,0.33
11,2022-02-25 10:30:00,0.0,0.3119
11,2022-02-25 10:35:00,0.0,0.2359
11,2022-02-25 10:40:00,0.0,0.2669
11,2022-02-25 10:45:00,0.0,0.2612
11,2022-02-25 10:50:00,0.0,0.2608
11,2022-02-25 10:55:00,0.0,0.2688
11,2022-02-25 11:00:00,0.0,0.2728
11,2022-02-25 11:05:00,0.0,0.2817
11,2022-02-25 11:10:00,0.0,0.2605
11,2022-02-25 11:15:00,0.0,0.2416
11,2022-02-25 11:20:00,0.0,0.2426
11,2022-02-25 11:25:00,0.0,0.2246
11,2022-02-25 11:30:00,0.0,0.2176
11,2022-02-25 11:35:00,0.0,0.2126
11,2022-02-25 11:40:00,0.0,0.2485
11,2022-02-25 11:45:00,0.0,0.2065
11,2022-02-25 11:50:00,0.0,0.2325
11,2022-02-25 11:55:00,0.0,0.2364
11,2022-02-25 12:00:00,0.0,0.2194
11,2022-02-25 12:05:00,0.0,0.1937
11,2022-02-25 12:10:00,0.0,0.2264
11,2022-02-25 12:15:00,0.0,0.2401
11,2022-02-25 12:20:00,0.0,0.2586
11,2022-02-25 12:25:00,0.0,0.2493
11,2022-02-25 12:30:00,0.0,0.2342
11,2022-02-25 12:35:00,0.0,0.2962
11,2022-02-25 12:40:00,0.0,0.2382
11,2022-02-25 12:45:00,0.0,0.2382
11,2022-02-25 12:50:00,0.0,0.2171
11,2022-02-25 12:55:00,0.0,0.2451
11,2022-02-25 13:00:00,0.0,0.1871
11,2022-02-25 13:05:00,0.0,0.201
11,2022-02-25 13:10:00,0.0,0.2039
11,2022-02-25 13:15:00,0.0,0.174
11,2022-02-25 13:20:00,0.0,0.1938
11,2022-02-25 13:25:00,0.0,0.1919
11,2022-02-25 13:30:00,0.0,0.1659
11,2022-02-25 13:35:00,0.0,0.2019
11,2022-02-25 13:40:00,0.0,0.1638
11,2022-02-25 13:45:00,0.0,0.2038
11,2022-02-25 13:50:00,0.0,0.1918
11,2022-02-25 13:55:00,0.0,0.2038
11,2022-02-25 14:00:00,0.0,0.1927
11,2022-02-25 14:05:00,0.0,0.1837
11,2022-02-25 14:10:00,0.0,0.2157
11,2022-02-25 14:15:00,0.0,0.2306
11,2022-02-25 14:20:00,0.0,0.2206
11,2022-02-25 14:25:00,0.0,0.2016
11,2022-02-25 14:30:00,0.0,0.1895
11,2022-02-25 14:35:00,0.0,0.1875
11,2022-02-25 14:40:00,0.0,0.1655
11,2022-02-25 14:45:00,0.0,0.1865
11,2022-02-25 14:50:00,0.0,0.2004
11,2022-02-25 14:55:00,0.0,0.1404
11,2022-02-25 15:00:00,0.0,0.1244
11,2022-02-25 15:05:00,0.0,0.1503
11,2022-02-25 15:10:00,0.0,0.1681
11,2022-02-25 15:15:00,0.0,0.1573
11,2022-02-25 15:20:00,0.0,0.1483
11,2022-02-25 15:25:00,0.0,0.1502
11,2022-02-25 15:30:00,0.0,0.1512
11,2022-02-25 15:35:00,0.0,0.1362
11,2022-02-25 15:40:00,0.0,0.1351
11,2022-02-25 15:45:00,0.0,0.1531
11,2022-02-25 15:50:00,0.0,0.1191
11,2022-02-25 15:55:00,0.0,0.1771
11,2022-02-25 16:00:00,0.0,0.137
11,2022-02-25 16:05:00,0.0,0.156
11,2022-02-25 16:10:00,0.0,0.161
11,2022-02-25 16:15:00,0.0,0.1559
11,2022-02-25 16:20:00,0.0,0.1298
11,2022-02-25 16:25:00,0.0,0.1039
11,2022-02-25 16:30:00,0.0,0.1179
11,2022-02-25 16:35:00,0.0,0.1338
11,2022-02-25 16:40:00,0.0,0.1208
11,2022-02-25 16:45:00,0.0,0.1398
11,2022-02-25 16:50:00,0.0,0.1357
11,2022-02-25 16:55:00,0.0,0.1417
11,2022-02-25 17:00:00,0.0,0.1297
11,2022-02-25 17:05:00,0.0,0.1317
11,2022-02-25 17:10:00,0.0,0.1336
11,2022-02-25 17:15:00,0.0,0.1256
11,2022-02-25 17:20:00,0.0,0.1056
11,2022-02-25 17:25:00,0.0,0.0955
11,2022-02-25 17:30:00,0.0,0.1625
11,2022-02-25 17:35:00,0.0,0.1075
11,2022-02-25 17:40:00,0.0,0.1094
11,2022-02-25 17:45:00,0.0,0.0984
11,2022-02-25 17:50:00,0.0,0.0934
11,2022-02-25 17:55:00,0.0,0.1064
11,2022-02-25 18:00:00,0.0,0.1193
11,2022-02-25 18:05:00,0.0,0.0933
11,2022-02-25 18:10:00,0.0,0.0958
11,2022-02-25 18:15:00,0.0,0.1252
11,2022-02-25 18:20:00,0.0,0.1092
11,2022-02-25 18:25:00,0.0,0.0892
11,2022-02-25 18:30:00,0.0,0.1112
11,2022-02-25 18:35:00,0.0,0.1051
11,2022-02-25 18:40:00,0.0,0.1166
11,2022-02-25 18:45:00,0.0,0.1111
11,2022-02-25 18:50:00,0.0,0.1345
11,2022-02-25 18:55:00,0.0,0.111
11,2022-02-25 19:00:00,0.0,0.1255
11,2022-02-25 19:05:00,0.0,0.118
11,2022-02-25 19:10:00,0.0,0.1209
11,2022-02-25 19:15:00,0.0,0.1179
11,2022-02-25 19:20:00,0.0,0.0839
11,2022-02-25 19:25:00,0.0,0.0993
11,2022-02-25 19:30:00,0.0,0.0833
11,2022-02-25 19:35:00,0.0,0.0778
11,2022-02-25 19:40:00,0.0,0.1078
11,2022-02-25 19:45:00,0.0,0.1022
11,2022-02-25 19:50:00,0.0,0.1052
11,2022-02-25 19:55:00,0.0,0.1117
11,2022-02-25 20:00:00,0.0,0.0941
11,2022-02-25 20:05:00,0.0,0.0906
11,2022-02-25 20:10:00,0.0,0.0746
11,2022-02-25 20:15:00,0.0,0.0651
11,2022-02-25 20:20:00,0.0,0.113
11,2022-02-25 20:25:00,0.0,0.0755
11,2022-02-25 20:30:00,0.0,0.082
11,2022-02-25 20:35:00,0.0,0.0774
11,2022-02-25 20:40:00,0.0,0.0734
11,2022-02-25 20:45:00,0.0,0.0739
11,2022-02-25 20:50:00,0.0,0.0933
11,2022-02-25 20:55:00,0.0,0.1053
11,2022-02-25 21:00:00,0.0,0.0963
11,2022-02-25 21:05:00,0.0,0.1213
11,2022-02-25 21:10:00,0.0,0.1082
11,2022-02-25 21:15:00,0.0,0.0982
11,2022-02-25 21:20:00,0.0,0.0987
11,2022-02-25 21:25:00,0.0,0.0831
11,2022-02-25 21:30:00,0.0,0.1131
11,2022-02-25 21:35:00,0.0,0.0841
11,2022-02-25 21:40:00,0.0,0.0916
11,2022-02-25 21:45:00,0.0,0.075
11,2022-02-25 21:50:00,0.0,0.0815
11,2022-02-25 21:55:00,0.0,0.092
11,2022-02-25 22:00:00,0.0,0.0629
11,2022-02-25 22:05:00,0.0,0.1054
11,2022-02-25 22:10:00,0.0,0.1064
11,2022-02-25 22:15:00,0.0,0.0899
11,2022-02-25 22:20:00,0.0,0.0783
11,2022-02-25 22:25:00,0.0,0.1028
11,2022-02-25 22:30:00,0.0,0.1018
11,2022-02-25 22:35:00,0.0,0.0832
11,2022-02-25 22:40:00,0.0,0.0887
11,2022-02-25 22:45:00,0.0,0.0857
11,2022-02-25 22:50:00,0.0,0.0827
11,2022-02-25 22:55:00,0.0,0.0921
11,2022-02-25 23:00:00,0.0,0.0811
11,2022-02-25 23:05:00,0.0,0.0911
11,2022-02-25 23:10:00,0.0,0.101
11,2022-02-25 23:15:00,0.0,0.079
11,2022-02-25 23:20:00,0.0,0.107
11,2022-02-25 23:25:00,0.0,0.0925
11,2022-02-25 23:30:00,0.0,0.0724
11,2022-02-25 23:35:00,0.0,0.0909
11,2022-02-25 23:40:00,0.0,0.0869
11,2022-02-25 23:45:00,0.0,0.0813
11,2022-02-25 23:50:00,0.0,0.0828
11,2022-02-25 23:55:00,0.0,0.0913
11,2022-02-26 00:00:00,0.0,0.0813
11,2022-02-26 00:05:00,0.0,0.1002
11,2022-02-26 00:10:00,0.0,0.0962
11,2022-02-26 00:15:00,0.0,0.0917
11,2022-02-26 00:20:00,0.0,0.0741
11,2022-02-26 00:25:00,0.0,0.0851
11,2022-02-26 00:30:00,0.0,0.0876
11,2022-02-26 00:35:00,0.0,0.076
11,2022-02-26 00:40:00,0.0,0.09
11,2022-02-26 00:45:00,0.0,0.0925
11,2022-02-26 00:50:00,0.0,0.095
11,2022-02-26 00:55:00,0.0,0.0954
11,2022-02-26 01:00:00,0.0,0.0799
11,2022-02-26 01:05:00,0.0,0.0929
11,2022-02-26 01:10:00,0.0,0.0813
11,2022-02-26 01:15:00,0.0,0.0803
11,2022-02-26 01:20:00,0.0,0.0823
11,2022-02-26 01:25:00,0.0,0.0783
11,2022-02-26 01:30:00,0.0,0.0702
11,2022-02-26 01:35:00,0.0,0.0832
11,2022-02-26 01:40:00,0.0,0.0777
11,2022-02-26 01:45:00,0.0,0.0746
11,2022-02-26 01:50:00,0.0,0.0881
11,2022-02-26 01:55:00,0.0,0.0686
11,2022-02-26 02:00:00,0.0,0.0721
11,2022-02-26 02:05:00,0.0,0.08
11,2022-02-26 02:10:00,0.0,0.0785
11,2022-02-26 02:15:00,0.0,0.09
11,2022-02-26 02:20:00,0.0,0.0794
11,2022-02-26 02:25:00,0.0,0.0629
11,2022-02-26 02:30:00,0.0,0.0649
11,2022-02-26 02:35:00,0.0,0.0719
11,2022-02-26 02:40:00,0.0,0.0653
11,2022-02-26 02:45:00,0.0,0.0593
11,2022-02-26 02:50:00,0.0,0.0823
11,2022-02-26 02:55:00,0.0,0.0662
11,2022-02-26 03:00:00,0.0,0.0687
11,2022-02-26 03:05:00,0.0,0.0797
11,2022-02-26 03:10:00,0.0,0.0547
11,2022-02-26 03:15:00,0.0,0.0601
11,2022-02-26 03:20:00,0.0,0.0721
11,2022-02-26 03:25:00,0.0,0.0671
11,2022-02-26 03:30:00,0.0,0.066
11,2022-02-26 03:35:00,0.0,0.0745
11,2022-02-26 03:40:00,0.0,0.0615
11,2022-02-26 03:45:00,0.0,0.0689
11,2022-02-26 03:50:00,0.0,0.0599
11,2022-02-26 03:55:00,0.0,0.0674
11,2022-02-26 04:00:00,0.0,0.0669
11,2022-02-26 04:05:00,0.0,0.0643
11,2022-02-26 04:10:00,0.0,0.0723
11,2022-02-26 04:15:00,0.0,0.0698
11,2022-02-26 04:20:00,0.0,0.0652
11,2022-02-26 04:25:00,0.0,0.0497
11,2022-02-26 04:30:00,0.0,0.0562
11,2022-02-26 04:35:00,0.0,0.0727
11,2022-02-26 04:40:00,0.0,0.0651
11,2022-02-26 04:45:00,0.0,0.0596
11,2022-02-26 04:50:00,0.0,0.0666
11,2022-02-26 04:55:00,0.0,0.0555
11,2022-02-26 05:00:00,0.0,0.055
11,2022-02-26 05:05:00,0.0,0.079
11,2022-02-26 05:10:00,0.0,0.071
11,2022-02-26 05:15:00,0.0,0.0604
11,2022-02-26 05:20:00,0.0,0.0689
11,2022-02-26 05:25:00,0.0,0.0669
11,2022-02-26 05:30:00,0.0,0.0443
11,2022-02-26 05:35:00,0.0,0.0683
11,2022-02-26 05:40:00,0.0,0.0473
11,2022-02-26 05:45:00,0.0,0.0363
11,2022-02-26 05:50:00,0.0,0.0447
11,2022-02-26 05:55:00,0.0,0.0392
11,2022-02-26 06:00:00,0.0,0.0537
11,2022-02-26 06:05:00,0.0,0.0546
11,2022-02-26 06:10:00,0.0,0.0386
11,2022-02-26 06:15:00,0.0,0.0476
11,2022-02-26 06:20:00,0.0,0.0426
11,2022-02-26 06:25:00,0.0,0.0425
11,2022-02-26 06:30:00,0.0,0.0495
11,2022-02-26 06:35:00,0.0,0.0175
11,2022-02-26 06:40:00,0.0,0.0219
11,2022-02-26 06:45:00,0.0,0.0229
11,2022-02-26 06:50:00,0.0,0.0279
11,2022-02-26 06:55:00,0.0,0.0348
11,2022-02-26 07:00:00,0.0,0.0158
11,2022-02-26 07:05:00,0.0,0.0228
11,2022-02-26 07:10:00,0.0,0.0233
11,2022-02-26 07:15:00,0.0,0.0257
11,2022-02-26 07:20:00,0.0,0.0237
11,2022-02-26 07:25:00,0.0,0.0137
11,2022-02-26 07:30:00,0.0,-0.0004
11,2022-02-26 07:35:00,0.0,0.0036
11,2022-02-26 07:40:00,0.0,0.0006
11,2022-02-26 07:45:00,0.0,0.0316
11,2022-02-26 07:50:00,0.0,0.021
11,2022-02-26 07:55:00,0.0,0.0265
11,2022-02-26 08:00:00,0.0,0.0205
11,2022-02-26 08:05:00,0.0,0.0139
11,2022-02-26 08:10:00,0.0,0.0189
11,2022-02-26 08:15:00,0.0,0.0199
11,2022-02-26 08:20:00,0.0,0.0059
11,2022-02-26 08:25:00,0.0,0.0233
11,2022-02-26 08:30:00,0.0,0.0408
11,2022-02-26 08:35:00,0.0,-0.0167
11,2022-02-26 08:40:00,0.0,0.0057
11,2022-02-26 08:45:00,0.0,0.0092
11,2022-02-26 08:50:00,0.0,0.0127
11,2022-02-26 08:55:00,0.0,-0.0258
11,2022-02-26 09:00:00,0.0,-0.0159
11,2022-02-26 09:05:00,0.0,-0.0014
11,2022-02-26 09:10:00,0.0,0.0046
11,2022-02-26 09:15:00,0.0,0.022
11,2022-02-26 09:20:00,0.0,-0.0055
11,2022-02-26 09:25:00,0.0,0.0035
11,2022-02-26 09:30:00,0.0,0.028
11,2022-02-26 09:35:00,0.0,0.0374
11,2022-02-26 09:40:00,0.0,0.0339
11,2022-02-26 09:45:00,0.0,0.0184
11,2022-02-26 09:50:00,0.0,0.0203
11,2022-02-26 09:55:00,0.0,0.0268
11,2022-02-26 10:00:00,0.0,0.0003
11,2022-02-26 10:05:00,0.0,-0.0028
11,2022-02-26 10:10:00,0.0,0.0292
11,2022-02-26 10:15:00,0.0,0.0152
11,2022-02-26 10:20:00,0.0,0.0137
11,2022-02-26 10:25:00,0.0,0.0186
11,2022-02-26 10:30:00,0.0,0.0141
11,2022-02-26 10:35:00,0.0,0.0301
11,2022-02-26 10:40:00,0.0,0.006
11,2022-02-26 10:45:00,0.0,0.0155
11,2022-02-26 10:50:00,0.0,0.0215
11,2022-02-26 10:55:00,0.0,0.0095
11,2022-02-26 11:00:00,0.0,0.0034
11,2022-02-26 11:05:00,0.0,0.0119
11,2022-02-26 11:10:00,0.0,0.0269
11,2022-02-26 11:15:00,0.0,0.0303
11,2022-02-26 11:20:00,0.0,0.0318
11,2022-02-26 11:25:00,0.0,0.0178
11,2022-02-26 11:30:00,0.0,0.0438
11,2022-02-26 11:35:00,0.0,0.0337
11,2022-02-26 11:40:00,0.0,0.0192
11,2022-02-26 11:45:00,0.0,0.0232
11,2022-02-26 11:50:00,0.0,0.0271
11,2022-02-26 11:55:00,0.0,0.0126
11,2022-02-26 12:00:00,0.0,0.0181
11,2022-02-26 12:05:00,0.0,0.0176
11,2022-02-26 12:10:00,0.0,0.01
11,2022-02-26 12:15:00,0.0,0.0325
11,2022-02-26 12:20:00,0.0,0.0465
11,2022-02-26 12:25:00,0.0,0.0419
11,2022-02-26 12:30:00,0.0,0.0219
11,2022-02-26 12:35:00,0.0,0.0309
11,2022-02-26 12:40:00,0.0,0.0204
11,2022-02-26 12:45:00,0.0,0.0348
11,2022-02-26 12:50:00,0.0,0.0438
11,2022-02-26 12:55:00,0.0,0.0193
11,2022-02-26 13:00:00,0.0,0.0882
11,2022-02-26 13:05:00,0.0,0.0232
11,2022-02-26 13:10:00,0.0,0.0277
11,2022-02-26 13:15:00,0.0,0.0141
11,2022-02-26 13:20:00,0.0,0.0421
11,2022-02-26 13:25:00,0.0,0.0366
11,2022-02-26 13:30:00,0.0,0.0561
11,2022-02-26 13:35:00,0.0,0.048
11,2022-02-26 13:40:00,0.0,0.0255
11,2022-02-26 13:45:00,0.0,0.0395
11,2022-02-26 13:50:00,0.0,0.0354
11,2022-02-26 13:55:00,0.0,0.0374
11,2022-02-26 14:00:00,0.0,0.0314
11,2022-02-26 14:05:00,0.0,0.0044
11,2022-02-26 14:10:00,0.0,0.0143
11,2022-02-26 14:15:00,0.0,-0.0037
11,2022-02-26 14:20:00,0.0,0.0228
11,2022-02-26 14:25:00,0.0,0.0117
11,2022-02-26 14:30:00,0.0,0.0397
11,2022-02-26 14:35:00,0.0,0.0187
11,2022-02-26 14:40:00,0.0,0.0262
11,2022-02-26 14:45:00,0.0,0.0171
11,2022-02-26 14:50:00,0.0,0.0201
11,2022-02-26 14:55:00,0.0,0.0221
11,2022-02-26 15:00:00,0.0,0.018
11,2022-02-26 15:05:00,0.0,0.0275
11,2022-02-26 15:10:00,0.0,0.0095
11,2022-02-26 15:15:00,0.0,0.0265
11,2022-02-26 15:20:00,0.0,0.0149
11,2022-02-26 15:25:00,0.0,0.0064
11,2022-02-26 15:30:00,0.0,0.0214
11,2022-02-26 15:35:00,0.0,0.0033
11,2022-02-26 15:40:00,0.0,0.0343
11,2022-02-26 15:45:00,0.0,0.0288
11,2022-02-26 15:50:00,0.0,0.0053
11,2022-02-26 15:55:00,0.0,0.0202
11,2022-02-26 16:00:00,0.0,0.0297
11,2022-02-26 16:05:00,0.0,0.0057
11,2022-02-26 16:10:00,0.0,-0.0024
11,2022-02-26 16:15:00,0.0,0.0141
11,2022-02-26 16:20:00,0.0,0.0331
11,2022-02-26 16:25:00,0.0,0.027
11,2022-02-26 16:30:00,0.0,-0.003
11,2022-02-26 16:35:00,0.0,0.0165
11,2022-02-26 16:40:00,0.0,0.009
11,2022-02-26 16:45:00,0.0,0.0354
11,2022-02-26 16:50:00,0.0,0.0174
11,2022-02-26 16:55:00,0.0,0.0204
11,2022-02-26 17:00:00,0.0,0.0103
11,2022-02-26 17:05:00,0.0,0.0008
11,2022-02-26 17:10:00,0.0,-0.0092
11,2022-02-26 17:15:00,0.0,0.0018
11,2022-02-26 17:20:00,0.0,-0.0178
11,2022-02-26 17:25:00,0.0,0.0017
11,2022-02-26 17:30:00,0.0,0.0172
11,2022-02-26 17:35:00,0.0,0.0061
11,2022-02-26 17:40:00,0.0,0.0006
11,2022-02-26 17:45:00,0.0,0.0016
11,2022-02-26 17:50:00,0.0,-0.0094
11,2022-02-26 17:55:00,0.0,-0.0085
11,2022-02-26 18:00:00,0.0,-0.0015
11,2022-02-26 18:05:00,0.0,-0.0224
11,2022-02-26 18:10:00,0.0,0.0006
11,2022-02-26 18:15:00,0.0,0.0027
11,2022-02-26 18:20:00,0.0,0.0032
11,2022-02-26 18:25:00,0.0,0.0028
11,2022-02-26 18:30:00,0.0,0.0089
11,2022-02-26 18:35:00,0.0,0.0224
11,2022-02-26 18:40:00,0.0,0.0065
11,2022-02-26 18:45:00,0.0,0.0065
11,2022-02-26 18:50:00,0.0,0.0006
11,2022-02-26 18:55:00,0.0,0.0121
11,2022-02-26 19:00:00,0.0,-0.0028
11,2022-02-26 19:05:00,0.0,0.0113
11,2022-02-26 19:10:00,0.0,0.0063
11,2022-02-26 19:15:00,0.0,0.0049
11,2022-02-26 19:20:00,0.0,-0.0016
11,2022-02-26 19:25:00,0.0,-0.0035
11,2022-02-26 19:30:00,0.0,-0.0009
11,2022-02-26 19:35:00,0.0,0.0141
11,2022-02-26 19:40:00,0.0,0.0057
11,2022-02-26 19:45:00,0.0,0.0087
11,2022-02-26 19:50:00,0.0,-0.0007
11,2022-02-26 19:55:00,0.0,-0.0006
11,2022-02-26 20:00:00,0.0,-0.0196
11,2022-02-26 20:05:00,0.0,-0.031
11,2022-02-26 20:10:00,0.0,-0.0245
11,2022-02-26 20:15:00,0.0,0.0006
11,2022-02-26 20:20:00,0.0,-0.0173
11,2022-02-26 20:25:00,0.0,-0.0118
11,2022-02-26 20:30:00,0.0,-0.0132
11,2022-02-26 20:35:00,0.0,-0.0152
11,2022-02-26 20:40:00,0.0,-0.0101
11,2022-02-26 20:45:00,0.0,0.0019
11,2022-02-26 20:50:00,0.0,0.0005
11,2022-02-26 20:55:00,0.0,0.0071
11,2022-02-26 21:00:00,0.0,0.0006
11,2022-02-26 21:05:00,0.0,0.0042
11,2022-02-26 21:10:00,0.0,-0.0153
11,2022-02-26 21:15:00,0.0,-0.0112
11,2022-02-26 21:20:00,0.0,-0.0096
11,2022-02-26 21:25:00,0.0,-0.0156
11,2022-02-26 21:30:00,0.0,-0.0055
11,2022-02-26 21:35:00,0.0,-0.007
11,2022-02-26 21:40:00,0.0,-0.0119
11,2022-02-26 21:45:00,0.0,0.0082
11,2022-02-26 21:50:00,0.0,0.0192
11,2022-02-26 21:55:00,0.0,-0.0007
11,2022-02-26 22:00:00,0.0,0.0143
11,2022-02-26 22:05:00,0.0,0.0189
11,2022-02-26 22:10:00,0.0,0.0115
11,2022-02-26 22:15:00,0.0,0.007
11,2022-02-26 22:20:00,0.0,0.0171
11,2022-02-26 22:25:00,0.0,0.0061
11,2022-02-26 22:30:00,0.0,-0.0048
11,2022-02-26 22:35:00,0.0,0.0137
11,2022-02-26 22:40:00,0.0,-0.0012
11,2022-02-26 22:45:00,0.0,0.0134
11,2022-02-26 22:50:00,0.0,0.0079
11,2022-02-26 22:55:00,0.0,0.0335
11,2022-02-26 23:00:00,0.0,0.0325
11,2022-02-26 23:05:00,0.0,-0.0019
11,2022-02-26 23:10:00,0.0,-0.0068
11,2022-02-26 23:15:00,0.0,0.0047
11,2022-02-26 23:20:00,0.0,-0.0097
11,2022-02-26 23:25:00,0.0,-0.0047
11,2022-02-26 23:30:00,0.0,0.0204
11,2022-02-26 23:35:00,0.0,0.0005
11,2022-02-26 23:40:00,0.0,0.0105
11,2022-02-26 23:45:00,0.0,0.0101
11,2022-02-26 23:50:00,0.0,0.0226
11,2022-02-26 23:55:00,0.0,0.0117
12,2022-03-06 02:55:00,0.0,-0.0166
12,2022-03-06 03:00:00,0.0,-0.0097
12,2022-03-06 03:05:00,0.0,-0.0122
12,2022-03-06 03:10:00,0.001,-0.0167
12,2022-03-06 03:15:00,0.014,-0.0083
12,2022-03-06 03:20:00,0.025,-0.0033
12,2022-03-06 03:25:00,0.014,-0.0149
12,2022-03-06 03:30:00,0.007,-0.0188
12,2022-03-06 03:35:00,0.006,-0.0089
12,2022-03-06 03:40:00,0.008,-0.0144
12,2022-03-06 03:45:00,0.005,0.0026
12,2022-03-06 03:50:00,0.011,0.0281
12,2022-03-06 03:55:00,0.011,0.023
12,2022-03-06 04:00:00,0.002,0.041
12,2022-03-06 04:05:00,0.002,0.057
12,2022-03-06 04:10:00,0.003,0.115
12,2022-03-06 04:15:00,0.005,0.1204
12,2022-03-06 04:20:00,0.005,0.0959
12,2022-03-06 04:25:00,0.001,0.0929
12,2022-03-06 04:30:00,0.0,0.0939
12,2022-03-06 04:35:00,0.0,0.0678
12,2022-03-06 04:40:00,0.0,0.0765
12,2022-03-06 04:45:00,0.0,0.0673
12,2022-03-06 04:50:00,0.0,0.0533
12,2022-03-06 04:55:00,0.0,0.0507
12,2022-03-06 05:00:00,0.0,0.0563
12,2022-03-06 05:05:00,0.0,0.0432
12,2022-03-06 05:10:00,0.0,0.0252
12,2022-03-06 05:15:00,0.0,0.0311
12,2022-03-06 05:20:00,0.0,0.0241
12,2022-03-06 05:25:00,0.0,0.0186
12,2022-03-06 05:30:00,0.0,0.0126
12,2022-03-06 05:35:00,0.0,0.0153
12,2022-03-06 05:40:00,0.0,0.0175
12,2022-03-06 05:45:00,0.0,0.011
12,2022-03-06 05:50:00,0.0,0.014
12,2022-03-06 05:55:00,0.0,0.0081
12,2022-03-06 06:00:00,0.0,0.0104
12,2022-03-06 06:05:00,0.0,0.0029
12,2022-03-06 06:10:00,0.0,0.0175
12,2022-03-06 06:15:00,0.0,0.0073
12,2022-03-06 06:20:00,0.0,-0.0166
12,2022-03-06 06:25:00,0.0,-0.0155
12,2022-03-06 06:30:00,0.0,-0.0102
12,2022-03-06 06:35:00,0.0,-0.0173
12,2022-03-06 06:40:00,0.0,-0.0143
12,2022-03-06 06:45:00,0.0,-0.0163
12,2022-03-06 06:50:00,0.0,-0.0214
12,2022-03-06 06:55:00,0.0,-0.0364
12,2022-03-06 07:00:00,0.0,-0.0144
12,2022-03-06 07:05:00,0.0,-0.0144
12,2022-03-06 07:10:00,0.0,-0.0235
12,2022-03-06 07:15:00,0.0,-0.023
12,2022-03-06 07:20:00,0.0,-0.036
12,2022-03-06 07:25:00,0.0,-0.03
13,2022-03-06 14:25:00,0.0,-0.0372
13,2022-03-06 14:30:00,0.0,-0.0452
13,2022-03-06 14:35:00,0.0,-0.0352
13,2022-03-06 14:40:00,0.0,-0.0188
13,2022-03-06 14:45:00,0.005,-0.0288
13,2022-03-06 14:50:00,0.018,-0.0403
13,2022-03-06 14:55:00,0.018,-0.0568
13,2022-03-06 15:00:00,0.006,-0.0369
13,2022-03-06 15:05:00,0.009,-0.0089
13,2022-03-06 15:10:00,0.015,-0.0479
13,2022-03-06 15:15:00,0.013,-0.0387
13,2022-03-06 15:20:00,0.015,0.0135
13,2022-03-06 15:25:00,0.008,0.188
13,2022-03-06 15:30:00,0.005,0.1785
13,2022-03-06 15:35:00,0.007,0.1759
13,2022-03-06 15:40:00,0.004,0.1199
13,2022-03-06 15:45:00,0.0,0.1224
13,2022-03-06 15:50:00,0.0,0.0929
13,2022-03-06 15:55:00,0.0,0.0868
13,2022-03-06 16:00:00,0.0,0.1014
13,2022-03-06 16:05:00,0.0,0.0952
13,2022-03-06 16:10:00,0.0,0.0787
13,2022-03-06 16:15:00,0.0,0.0897
13,2022-03-06 16:20:00,0.0,0.0667
13,2022-03-06 16:25:00,0.0,0.0452
13,2022-03-06 16:30:00,0.0,0.0357
13,2022-03-06 16:35:00,0.0,0.0461
13,2022-03-06 16:40:00,0.0,0.0356
13,2022-03-06 16:45:00,0.0,0.0211
13,2022-03-06 16:50:00,0.0,0.0536
13,2022-03-06 16:55:00,0.0,0.0545
13,2022-03-06 17:00:00,0.0,0.046
13,2022-03-06 17:05:00,0.0,0.032
13,2022-03-06 17:10:00,0.0,0.0546
13,2022-03-06 17:15:00,0.0,0.0409
13,2022-03-06 17:20:00,0.0,0.0329
13,2022-03-06 17:25:00,0.0,0.0259
13,2022-03-06 17:30:00,0.0,0.0014
13,2022-03-06 17:35:00,0.0,0.0233
13,2022-03-06 17:40:00,0.0,-0.0117
13,2022-03-06 17:45:00,0.0,0.0058
13,2022-03-06 17:50:00,0.0,0.0082
13,2022-03-06 17:55:00,0.0,-0.0108
13,2022-03-06 18:00:00,0.0,0.0032
13,2022-03-06 18:05:00,0.0,-0.001
13,2022-03-06 18:10:00,0.0,0.0111
13,2022-03-06 18:15:00,0.0,-0.0084
13,2022-03-06 18:20:00,0.0,-0.0044
13,2022-03-06 18:25:00,0.0,0.0141
14,2022-03-06 22:10:00,0.0,-0.0041
14,2022-03-06 22:15:00,0.001,-0.0156
14,2022-03-06 22:20:00,0.004,0.0149
14,2022-03-06 22:25:00,0.005,0.0193
14,2022-03-06 22:30:00,0.004,-0.0048
14,2022-03-06 22:35:00,0.013,-0.0107
14,2022-03-06 22:40:00,0.012,-0.0092
14,2022-03-06 22:45:00,0.002,-0.0103
14,2022-03-06 22:50:00,0.0,-0.0068
14,2022-03-06 22:55:00,0.0,-0.0028
14,2022-03-06 23:00:00,0.0,0.0082
14,2022-03-06 23:05:00,0.0,-0.0034
14,2022-03-06 23:10:00,0.0,-0.0104
14,2022-03-06 23:15:00,0.001,-0.0189
14,2022-03-06 23:20:00,0.004,0.0051
14,2022-03-06 23:25:00,0.011,0.0164
14,2022-03-06 23:30:00,0.017,0.0005
14,2022-03-06 23:35:00,0.021,0.0029
14,2022-03-06 23:40:00,0.036,0.0116
14,2022-03-06 23:45:00,0.066,0.0159
14,2022-03-06 23:50:00,0.086,0.0159
14,2022-03-06 23:55:00,0.095,0.4894
14,2022-03-07 00:00:00,0.072,0.7329
14,2022-03-07 00:05:00,0.064,0.8243
14,2022-03-07 00:10:00,0.052,1.0193
14,2022-03-07 00:15:00,0.047,1.2363
14,2022-03-07 00:20:00,0.05,1.3689
14,2022-03-07 00:25:00,0.044,1.2662
14,2022-03-07 00:30:00,0.074,1.3927
14,2022-03-07 00:35:00,0.023,1.2837
14,2022-03-07 00:40:00,0.003,1.4246
14,2022-03-07 00:45:00,0.0,1.5541
14,2022-03-07 00:50:00,0.0,1.2971
14,2022-03-07 00:55:00,0.0,1.1416
14,2022-03-07 01:00:00,0.0,1.191
14,2022-03-07 01:05:00,0.0,1.175
14,2022-03-07 01:10:00,0.0,1.061
14,2022-03-07 01:15:00,0.0,1.012
14,2022-03-07 01:20:00,0.0,0.9329
14,2022-03-07 01:25:00,0.0,0.8829
14,2022-03-07 01:30:00,0.0,0.8099
14,2022-03-07 01:35:00,0.0,0.7784
14,2022-03-07 01:40:00,0.0,0.7518
14,2022-03-07 01:45:00,0.0,0.7228
14,2022-03-07 01:50:00,0.0,0.6473
14,2022-03-07 01:55:00,0.0,0.5783
14,2022-03-07 02:00:00,0.0,0.5627
14,2022-03-07 02:05:00,0.0,0.5987
14,2022-03-07 02:10:00,0.0,0.5552
14,2022-03-07 02:15:00,0.0,0.5512
14,2022-03-07 02:20:00,0.0,0.5811
14,2022-03-07 02:25:00,0.0,0.5471
14,2022-03-07 02:30:00,0.0,0.5281
14,2022-03-07 02:35:00,0.0,0.5056
14,2022-03-07 02:40:00,0.0,0.4675
14,2022-03-07 02:45:00,0.0,0.4915
14,2022-03-07 02:50:00,0.0,0.523
14,2022-03-07 02:55:00,0.0,0.4735
14,2022-03-07 03:00:00,0.0,0.5009
14,2022-03-07 03:05:00,0.0,0.4449
14,2022-03-07 03:10:00,0.0,0.4649
14,2022-03-07 03:15:00,0.0,0.4298
14,2022-03-07 03:20:00,0.0,0.4558
14,2022-03-07 03:25:00,0.0,0.4653
14,2022-03-07 03:30:00,0.001,0.4443
14,2022-03-07 03:35:00,0.0,0.4152
14,2022-03-07 03:40:00,0.0,0.4192
14,2022-03-07 03:45:00,0.0,0.3912
14,2022-03-07 03:50:00,0.0,0.3972
14,2022-03-07 03:55:00,0.0,0.4151
14,2022-03-07 04:00:00,0.0,0.3781
14,2022-03-07 04:05:00,0.0,0.4171
14,2022-03-07 04:10:00,0.001,0.4106
14,2022-03-07 04:15:00,0.0,0.4035
14,2022-03-07 04:20:00,0.0,0.382
14,2022-03-07 04:25:00,0.001,0.3525
14,2022-03-07 04:30:00,0.002,0.367
14,2022-03-07 04:35:00,0.002,0.3594
14,2022-03-07 04:40:00,0.012,0.3699
14,2022-03-07 04:45:00,0.028,0.3839
14,2022-03-07 04:50:00,0.094,0.3739
14,2022-03-07 04:55:00,0.08,0.3648
14,2022-03-07 05:00:00,0.022,0.8783
14,2022-03-07 05:05:00,0.011,1.0008
14,2022-03-07 05:10:00,0.011,1.1463
14,2022-03-07 05:15:00,0.016,0.8682
14,2022-03-07 05:20:00,0.016,0.9892
14,2022-03-07 05:25:00,0.018,0.9627
14,2022-03-07 05:30:00,0.019,0.9777
14,2022-03-07 05:35:00,0.022,1.0306
14,2022-03-07 05:40:00,0.023,1.0306
14,2022-03-07 05:45:00,0.01,1.1196
14,2022-03-07 05:50:00,0.004,1.0391
14,2022-03-07 05:55:00,0.003,1.1895
14,2022-03-07 06:00:00,0.005,1.125
14,2022-03-07 06:05:00,0.008,1.133
14,2022-03-07 06:10:00,0.012,0.9794
14,2022-03-07 06:15:00,0.013,1.0384
14,2022-03-07 06:20:00,0.01,1.0224
14,2022-03-07 06:25:00,0.013,0.9919
14,2022-03-07 06:30:00,0.013,1.0968
14,2022-03-07 06:35:00,0.008,1.0913
14,2022-03-07 06:40:00,0.009,1.0158
14,2022-03-07 06:45:00,0.015,1.2103
14,2022-03-07 06:50:00,0.015,1.1082
14,2022-03-07 06:55:00,0.014,1.1717
14,2022-03-07 07:00:00,0.015,1.2222
14,2022-03-07 07:05:00,0.013,1.1532
14,2022-03-07 07:10:00,0.012,1.1781
14,2022-03-07 07:15:00,0.011,1.4191
14,2022-03-07 07:20:00,0.01,1.3576
14,2022-03-07 07:25:00,0.01,1.2966
14,2022-03-07 07:30:00,0.008,1.228
14,2022-03-07 07:35:00,0.008,1.3689
14,2022-03-07 07:40:00,0.011,1.327
14,2022-03-07 07:45:00,0.012,1.107
14,2022-03-07 07:50:00,0.005,1.3694
14,2022-03-07 07:55:00,0.001,1.2104
14,2022-03-07 08:00:00,0.002,1.4499
14,2022-03-07 08:05:00,0.007,1.2894
14,2022-03-07 08:10:00,0.01,1.3573
14,2022-03-07 08:15:00,0.006,1.1873
14,2022-03-07 08:20:00,0.003,1.2436
14,2022-03-07 08:25:00,0.002,1.1523
14,2022-03-07 08:30:00,0.0,1.1762
14,2022-03-07 08:35:00,0.0,1.0487
14,2022-03-07 08:40:00,0.0,1.1607
14,2022-03-07 08:45:00,0.0,1.0422
14,2022-03-07 08:50:00,0.002,1.0111
14,2022-03-07 08:55:00,0.001,1.0426
14,2022-03-07 09:00:00,0.001,1.0371
14,2022-03-07 09:05:00,0.002,0.9775
14,2022-03-07 09:10:00,0.002,1.0555
14,2022-03-07 09:15:00,0.0,1.0904
14,2022-03-07 09:20:00,0.0,0.925
14,2022-03-07 09:25:00,0.0,0.9169
14,2022-03-07 09:30:00,0.0,0.9678
14,2022-03-07 09:35:00,0.0,0.8909
14,2022-03-07 09:40:00,0.0,0.8974
14,2022-03-07 09:45:00,0.0,0.8903
14,2022-03-07 09:50:00,0.0,0.8438
14,2022-03-07 09:55:00,0.0,0.9513
14,2022-03-07 10:00:00,0.0,0.8733
14,2022-03-07 10:05:00,0.0,0.8197
14,2022-03-07 10:10:00,0.0,0.8067
14,2022-03-07 10:15:00,0.001,0.9157
14,2022-03-07 10:20:00,0.0,0.7887
14,2022-03-07 10:25:00,0.0,0.8471
14,2022-03-07 10:30:00,0.0,0.8096
14,2022-03-07 10:35:00,0.0,0.7401
14,2022-03-07 10:40:00,0.001,0.8366
14,2022-03-07 10:45:00,0.001,0.7395
14,2022-03-07 10:50:00,0.001,0.767
14,2022-03-07 10:55:00,0.0,0.7025
14,2022-03-07 11:00:00,0.0,0.671
14,2022-03-07 11:05:00,0.001,0.7494
14,2022-03-07 11:10:00,0.0,0.7004
14,2022-03-07 11:15:00,0.0,0.6869
14,2022-03-07 11:20:00,0.0,0.6764
14,2022-03-07 11:25:00,0.0,0.7293
14,2022-03-07 11:30:00,0.0,0.7048
14,2022-03-07 11:35:00,0.0,0.7048
14,2022-03-07 11:40:00,0.0,0.7298
14,2022-03-07 11:45:00,0.0,0.6632
14,2022-03-07 11:50:00,0.0,0.6937
14,2022-03-07 11:55:00,0.0,0.6449
14,2022-03-07 12:00:00,0.0,0.6757
14,2022-03-07 12:05:00,0.0,0.6011
14,2022-03-07 12:10:00,0.0,0.6476
14,2022-03-07 12:15:00,0.0,0.7116
14,2022-03-07 12:20:00,0.0,0.5975
14,2022-03-07 12:25:00,0.0,0.713
14,2022-03-07 12:30:00,0.0,0.612
14,2022-03-07 12:35:00,0.0,0.595
14,2022-03-07 12:40:00,0.0,0.612
14,2022-03-07 12:45:00,0.0,0.6144
14,2022-03-07 12:50:00,0.0,0.5804
14,2022-03-07 12:55:00,0.0,0.6224
14,2022-03-07 13:00:00,0.0,0.5988
14,2022-03-07 13:05:00,0.0,0.5783
14,2022-03-07 13:10:00,0.0,0.6003
14,2022-03-07 13:15:00,0.0,0.5548
14,2022-03-07 13:20:00,0.0,0.5452
14,2022-03-07 13:25:00,0.0,0.5837
14,2022-03-07 13:30:00,0.0,0.5447
14,2022-03-07 13:35:00,0.0,0.5187
14,2022-03-07 13:40:00,0.0,0.4861
14,2022-03-07 13:45:00,0.0,0.5416
14,2022-03-07 13:50:00,0.0,0.5391
14,2022-03-07 13:55:00,0.0,0.4936
14,2022-03-07 14:00:00,0.0,0.5969
14,2022-03-07 14:05:00,0.0,0.5355
14,2022-03-07 14:10:00,0.0,0.472
14,2022-03-07 14:15:00,0.0,0.47
14,2022-03-07 14:20:00,0.0,0.4834
14,2022-03-07 14:25:00,0.0,0.5369
14,2022-03-07 14:30:00,0.0,0.5269
14,2022-03-07 14:35:00,0.0,0.4579
14,2022-03-07 14:40:00,0.0,0.4358
14,2022-03-07 14:45:00,0.0,0.5203
14,2022-03-07 14:50:00,0.0,0.4653
14,2022-03-07 14:55:00,0.0,0.5383
14,2022-03-07 15:00:00,0.0,0.4547
14,2022-03-07 15:05:00,0.0,0.4147
14,2022-03-07 15:10:00,0.0,0.4307
14,2022-03-07 15:15:00,0.0,0.4756
14,2022-03-07 15:20:00,0.0,0.4106
14,2022-03-07 15:25:00,0.0,0.4341
14,2022-03-07 15:30:00,0.0,0.4031
14,2022-03-07 15:35:00,0.0,0.4325
14,2022-03-07 15:40:00,0.0,0.467
14,2022-03-07 15:45:00,0.0,0.366
14,2022-03-07 15:50:00,0.0,0.4375
14,2022-03-07 15:55:00,0.0,0.4184
14,2022-03-07 16:00:00,0.0,0.4444
14,2022-03-07 16:05:00,0.0,0.4049
14,2022-03-07 16:10:00,0.0,0.3914
14,2022-03-07 16:15:00,0.0,0.3893
14,2022-03-07 16:20:00,0.0,0.3793
14,2022-03-07 16:25:00,0.0,0.3878
14,2022-03-07 16:30:00,0.0,0.3883
14,2022-03-07 16:35:00,0.0,0.3772
14,2022-03-07 16:40:00,0.0,0.3712
14,2022-03-07 16:45:00,0.0,0.3757
14,2022-03-07 16:50:00,0.0,0.3222
14,2022-03-07 16:55:00,0.0,0.3936
14,2022-03-07 17:00:00,0.0,0.4036
14,2022-03-07 17:05:00,0.0,0.3981
14,2022-03-07 17:10:00,0.0,0.3996
14,2022-03-07 17:15:00,0.0,0.4195
14,2022-03-07 17:20:00,0.0,0.3735
14,2022-03-07 17:25:00,0.0,0.3785
14,2022-03-07 17:30:00,0.0,0.326
14,2022-03-07 17:35:00,0.0,0.3659
14,2022-03-07 17:40:00,0.0,0.3224
14,2022-03-07 17:45:00,0.0,0.3849
14,2022-03-07 17:50:00,0.0,0.3264
14,2022-03-07 17:55:00,0.0,0.3463
14,2022-03-07 18:00:00,0.0,0.3283
14,2022-03-07 18:05:00,0.0,0.3328
14,2022-03-07 18:10:00,0.0,0.2947
14,2022-03-07 18:15:00,0.0,0.2982
14,2022-03-07 18:20:00,0.0,0.2917
14,2022-03-07 18:25:00,0.0,0.3112
14,2022-03-07 18:30:00,0.0,0.2791
14,2022-03-07 18:35:00,0.0,0.3256
14,2022-03-07 18:40:00,0.0,0.3266
14,2022-03-07 18:45:00,0.0,0.3526
14,2022-03-07 18:50:00,0.0,0.3025
14,2022-03-07 18:55:00,0.0,0.309
14,2022-03-07 19:00:00,0.0,0.2615
14,2022-03-07 19:05:00,0.0,0.296
14,2022-03-07 19:10:00,0.0,0.2944
14,2022-03-07 19:15:00,0.0,0.2764
14,2022-03-07 19:20:00,0.0,0.2679
14,2022-03-07 19:25:00,0.0,0.2804
14,2022-03-07 19:30:00,0.0,0.2283
14,2022-03-07 19:35:00,0.0,0.2518
14,2022-03-07 19:40:00,0.0,0.2853
14,2022-03-07 19:45:00,0.0,0.2523
14,2022-03-07 19:50:00,0.0,0.2837
14,2022-03-07 19:55:00,0.0,0.2807
14,2022-03-07 20:00:00,0.0,0.2702
14,2022-03-07 20:05:00,0.0,0.2112
14,2022-03-07 20:10:00,0.0,0.2841
14,2022-03-07 20:15:00,0.0,0.2856
14,2022-03-07 20:20:00,0.0,0.2749
14,2022-03-07 20:25:00,0.0,0.2321
14,2022-03-07 20:30:00,0.0,0.238
14,2022-03-07 20:35:00,0.0,0.2455
14,2022-03-07 20:40:00,0.0,0.2628
14,2022-03-07 20:45:00,0.0,0.2165
14,2022-03-07 20:50:00,0.0,0.2229
14,2022-03-07 20:55:00,0.0,0.2429
14,2022-03-07 21:00:00,0.0,0.2594
14,2022-03-07 21:05:00,0.0,0.2113
14,2022-03-07 21:10:00,0.0,0.2293
14,2022-03-07 21:15:00,0.0,0.2353
14,2022-03-07 21:20:00,0.0,0.2248
14,2022-03-07 21:25:00,0.0,0.2802
14,2022-03-07 21:30:00,0.0,0.2247
14,2022-03-07 21:35:00,0.0,0.2337
14,2022-03-07 21:40:00,0.0,0.2327
14,2022-03-07 21:45:00,0.0,0.2176
14,2022-03-07 21:50:00,0.0,0.2206
14,2022-03-07 21:55:00,0.0,0.2271
14,2022-03-07 22:00:00,0.0,0.2311
14,2022-03-07 22:05:00,0.0,0.2235
14,2022-03-07 22:10:00,0.0,0.22
14,2022-03-07 22:15:00,0.0,0.1996
14,2022-03-07 22:20:00,0.0,0.2405
14,2022-03-07 22:25:00,0.0,0.2454
14,2022-03-07 22:30:00,0.0,0.2162
14,2022-03-07 22:35:00,0.0,0.2477
14,2022-03-07 22:40:00,0.0,0.2339
14,2022-03-07 22:45:00,0.0,0.2448
14,2022-03-07 22:50:00,0.0,0.2083
14,2022-03-07 22:55:00,0.0,0.2313
14,2022-03-07 23:00:00,0.0,0.1873
14,2022-03-07 23:05:00,0.0,0.2147
14,2022-03-07 23:10:00,0.0,0.2332
14,2022-03-07 23:15:00,0.0,0.2187
14,2022-03-07 23:20:00,0.0,0.2082
14,2022-03-07 23:25:00,0.0,0.2406
14,2022-03-07 23:30:00,0.0,0.2071
14,2022-03-07 23:35:00,0.0,0.2136
14,2022-03-07 23:40:00,0.0,0.2306
14,2022-03-07 23:45:00,0.0,0.2305
14,2022-03-07 23:50:00,0.0,0.2265
14,2022-03-07 23:55:00,0.0,0.2245
14,2022-03-08 00:00:00,0.0,0.202
14,2022-03-08 00:05:00,0.0,0.2054
14,2022-03-08 00:10:00,0.0,0.2184
14,2022-03-08 00:15:00,0.0,0.1754
14,2022-03-08 00:20:00,0.0,0.2078
14,2022-03-08 00:25:00,0.0,0.1728
14,2022-03-08 00:30:00,0.0,0.1983
14,2022-03-08 00:35:00,0.0,0.1938
14,2022-03-08 00:40:00,0.0,0.1892
14,2022-03-08 00:45:00,0.0,0.1817
14,2022-03-08 00:50:00,0.0,0.1832
14,2022-03-08 00:55:00,0.0,0.1782
14,2022-03-08 01:00:00,0.0,0.2061
14,2022-03-08 01:05:00,0.0,0.1821
14,2022-03-08 01:10:00,0.0,0.1806
14,2022-03-08 01:15:00,0.0,0.1801
14,2022-03-08 01:20:00,0.0,0.196
14,2022-03-08 01:25:00,0.0,0.1795
14,2022-03-08 01:30:00,0.0,0.2295
14,2022-03-08 01:35:00,0.0,0.166
14,2022-03-08 01:40:00,0.0,0.1684
14,2022-03-08 01:45:00,0.0,0.1934
14,2022-03-08 01:50:00,0.0,0.1724
14,2022-03-08 01:55:00,0.0,0.1564
14,2022-03-08 02:00:00,0.0,0.1683
14,2022-03-08 02:05:00,0.0,0.1628
14,2022-03-08 02:10:00,0.0,0.1738
14,2022-03-08 02:15:00,0.0,0.1643
14,2022-03-08 02:20:00,0.0,0.1752
14,2022-03-08 02:25:00,0.0,0.1867
14,2022-03-08 02:30:00,0.0,0.1662
14,2022-03-08 02:35:00,0.0,0.1627
14,2022-03-08 02:40:00,0.0,0.1701
14,2022-03-08 02:45:00,0.0,0.1776
14,2022-03-08 02:50:00,0.0,0.1661
14,2022-03-08 02:55:00,0.0,0.1431
14,2022-03-08 03:00:00,0.0,0.15
14,2022-03-08 03:05:00,0.0,0.16
14,2022-03-08 03:10:00,0.0,0.168
14,2022-03-08 03:15:00,0.0,0.1581
14,2022-03-08 03:20:00,0.0,0.1539
14,2022-03-08 03:25:00,0.0,0.1493
14,2022-03-08 03:30:00,0.0,0.2034
14,2022-03-08 03:35:00,0.0,0.1758
14,2022-03-08 03:40:00,0.0,0.1768
14,2022-03-08 03:45:00,0.0,0.1508
14,2022-03-08 03:50:00,0.0,0.1413
14,2022-03-08 03:55:00,0.0,0.1407
14,2022-03-08 04:00:00,0.0,0.1435
14,2022-03-08 04:05:00,0.0,0.166
14,2022-03-08 04:10:00,0.0,0.1422
14,2022-03-08 04:15:00,0.0,0.1491
14,2022-03-08 04:20:00,0.0,0.1457
14,2022-03-08 04:25:00,0.0,0.1406
14,2022-03-08 04:30:00,0.0,0.1311
14,2022-03-08 04:35:00,0.0,0.1285
14,2022-03-08 04:40:00,0.0,0.1345
14,2022-03-08 04:45:00,0.0,0.134
14,2022-03-08 04:50:00,0.0,0.1385
14,2022-03-08 04:55:00,0.0,0.1409
14,2022-03-08 05:00:00,0.0,0.1154
14,2022-03-08 05:05:00,0.0,0.1264
14,2022-03-08 05:10:00,0.0,0.1278
14,2022-03-08 05:15:00,0.0,0.1338
14,2022-03-08 05:20:00,0.0,0.1118
14,2022-03-08 05:25:00,0.0,0.1173
14,2022-03-08 05:30:00,0.0,0.1288
14,2022-03-08 05:35:00,0.0,0.1232
14,2022-03-08 05:40:00,0.0,0.1119
14,2022-03-08 05:45:00,0.0,0.1027
14,2022-03-08 05:50:00,0.0,0.0809
14,2022-03-08 05:55:00,0.0,0.1046
14,2022-03-08 06:00:00,0.0,0.1111
14,2022-03-08 06:05:00,0.0,0.1186
14,2022-03-08 06:10:00,0.0,0.08
14,2022-03-08 06:15:00,0.0,0.102
14,2022-03-08 06:20:00,0.0,0.1255
14,2022-03-08 06:25:00,0.0,0.0885
14,2022-03-08 06:30:00,0.0,0.086
14,2022-03-08 06:35:00,0.0,0.0999
14,2022-03-08 06:40:00,0.0,0.0989
14,2022-03-08 06:45:00,0.0,0.1214
14,2022-03-08 06:50:00,0.0,0.1353
14,2022-03-08 06:55:00,0.0,0.1313
14,2022-03-08 07:00:00,0.0,0.1373
14,2022-03-08 07:05:00,0.0,0.1348
14,2022-03-08 07:10:00,0.0,0.1335
14,2022-03-08 07:15:00,0.0,0.1382
14,2022-03-08 07:20:00,0.0,0.1497
14,2022-03-08 07:25:00,0.0,0.1207
14,2022-03-08 07:30:00,0.0,0.1076
14,2022-03-08 07:35:00,0.0,0.1361
14,2022-03-08 07:40:00,0.0,0.1011
14,2022-03-08 07:45:00,0.0,0.1216
14,2022-03-08 07:50:00,0.0,0.1305
14,2022-03-08 07:55:00,0.0,0.1048
14,2022-03-08 08:00:00,0.0,0.1295
14,2022-03-08 08:05:00,0.0,0.123
14,2022-03-08 08:10:00,0.0,0.1284
14,2022-03-08 08:15:00,0.0,0.0854
14,2022-03-08 08:20:00,0.0,0.0979
14,2022-03-08 08:25:00,0.0,0.1284
14,2022-03-08 08:30:00,0.0,0.1067
14,2022-03-08 08:35:00,0.0,0.1113
14,2022-03-08 08:40:00,0.0,0.1093
14,2022-03-08 08:45:00,0.0,0.0989
14,2022-03-08 08:50:00,0.0,0.0938
14,2022-03-08 08:55:00,0.0,0.1027
14,2022-03-08 09:00:00,0.0,0.0804
14,2022-03-08 09:05:00,0.0,0.0696
14,2022-03-08 09:10:00,0.0,0.1011
14,2022-03-08 09:15:00,0.0,0.0841
14,2022-03-08 09:20:00,0.0,0.0941
14,2022-03-08 09:25:00,0.0,0.1145
14,2022-03-08 09:30:00,0.0,0.0995
14,2022-03-08 09:35:00,0.0,0.111
14,2022-03-08 09:40:00,0.0,0.1175
14,2022-03-08 09:45:00,0.0,0.1044
14,2022-03-08 09:50:00,0.0,0.0689
14,2022-03-08 09:55:00,0.0,0.1323
14,2022-03-08 10:00:00,0.0,0.0627
14,2022-03-08 10:05:00,0.0,0.1008
14,2022-03-08 10:10:00,0.0,0.1038
14,2022-03-08 10:15:00,0.0,0.1033
14,2022-03-08 10:20:00,0.0,0.0657
14,2022-03-08 10:25:00,0.0,0.0872
14,2022-03-08 10:30:00,0.0,0.0542
14,2022-03-08 10:35:00,0.0,0.1137
14,2022-03-08 10:40:00,0.0,0.0972
14,2022-03-08 10:45:00,0.0,0.0981
14,2022-03-08 10:50:00,0.0,0.0931
14,2022-03-08 10:55:00,0.0,0.0901
14,2022-03-08 11:00:00,0.0,0.0981
14,2022-03-08 11:05:00,0.0,0.0915
14,2022-03-08 11:10:00,0.0,0.1062
14,2022-03-08 11:15:00,0.0,0.1125
14,2022-03-08 11:20:00,0.0,0.075
14,2022-03-08 11:25:00,0.0,0.0929
14,2022-03-08 11:30:00,0.0,0.0713
14,2022-03-08 11:35:00,0.0,0.0715
14,2022-03-08 11:40:00,0.0,0.0737
14,2022-03-08 11:45:00,0.0,0.0633
14,2022-03-08 11:50:00,0.0,0.0798
14,2022-03-08 11:55:00,0.0,0.0795
14,2022-03-08 12:00:00,0.0,0.1228
14,2022-03-08 12:05:00,0.0,0.0929
14,2022-03-08 12:10:00,0.0,0.0901
14,2022-03-08 12:15:00,0.0,0.076
14,2022-03-08 12:20:00,0.0,0.1061
14,2022-03-08 12:25:00,0.0,0.0866
14,2022-03-08 12:30:00,0.0,0.0862
14,2022-03-08 12:35:00,0.0,0.0771
14,2022-03-08 12:40:00,0.0,0.1305
14,2022-03-08 12:45:00,0.0,0.097
14,2022-03-08 12:50:00,0.0,0.0895
14,2022-03-08 12:55:00,0.0,0.0721
14,2022-03-08 13:00:00,0.0,0.0873
14,2022-03-08 13:05:00,0.0,0.0789
14,2022-03-08 13:10:00,0.0,0.0964
14,2022-03-08 13:15:00,0.0,0.0799
14,2022-03-08 13:20:00,0.0,0.0938
14,2022-03-08 13:25:00,0.0,0.0786
14,2022-03-08 13:30:00,0.0,0.1043
14,2022-03-08 13:35:00,0.0,0.0978
14,2022-03-08 13:40:00,0.0,0.0907
14,2022-03-08 13:45:00,0.0,0.0882
14,2022-03-08 13:50:00,0.0,0.0927
14,2022-03-08 13:55:00,0.0,0.0962
14,2022-03-08 14:00:00,0.0,0.1206
14,2022-03-08 14:05:00,0.0,0.0946
14,2022-03-08 14:10:00,0.0,0.1034
14,2022-03-08 14:15:00,0.0,0.0986
14,2022-03-08 14:20:00,0.0,0.089
14,2022-03-08 14:25:00,0.0,0.0789
14,2022-03-08 14:30:00,0.0,0.0835
14,2022-03-08 14:35:00,0.0,0.1051
14,2022-03-08 14:40:00,0.0,0.0848
14,2022-03-08 14:45:00,0.0,0.0869
14,2022-03-08 14:50:00,0.0,0.0919
14,2022-03-08 14:55:00,0.0,0.0749
14,2022-03-08 15:00:00,0.0,0.0633
14,2022-03-08 15:05:00,0.0,0.0963
14,2022-03-08 15:10:00,0.0,0.0753
14,2022-03-08 15:15:00,0.0,0.0733
14,2022-03-08 15:20:00,0.0,0.0642
14,2022-03-08 15:25:00,0.0,0.0822
14,2022-03-08 15:30:00,0.0,0.0787
14,2022-03-08 15:35:00,0.0,0.0611
14,2022-03-08 15:40:00,0.0,0.1156
14,2022-03-08 15:45:00,0.0,0.1221
14,2022-03-08 15:50:00,0.0,0.1031
14,2022-03-08 15:55:00,0.0,0.1015
14,2022-03-08 16:00:00,0.0,0.1
14,2022-03-08 16:05:00,0.0,0.0965
14,2022-03-08 16:10:00,0.0,0.083
14,2022-03-08 16:15:00,0.0,0.0769
14,2022-03-08 16:20:00,0.0,0.0824
14,2022-03-08 16:25:00,0.0,0.0919
14,2022-03-08 16:30:00,0.0,0.0669
14,2022-03-08 16:35:00,0.0,0.0973
14,2022-03-08 16:40:00,0.0,0.0773
14,2022-03-08 16:45:00,0.0,0.0598
14,2022-03-08 16:50:00,0.0,0.0808
14,2022-03-08 16:55:00,0.0,0.0462
14,2022-03-08 17:00:00,0.0,0.0587
14,2022-03-08 17:05:00,0.0,0.0627
14,2022-03-08 17:10:00,0.0,0.0592
14,2022-03-08 17:15:00,0.0,0.0591
14,2022-03-08 17:20:00,0.0,0.045
14,2022-03-08 17:25:00,0.0,0.0488
14,2022-03-08 17:30:00,0.0,0.0646
14,2022-03-08 17:35:00,0.0,0.0765
14,2022-03-08 17:40:00,0.0,0.0596
14,2022-03-08 17:45:00,0.0,0.0235
14,2022-03-08 17:50:00,0.0,0.0465
14,2022-03-08 17:55:00,0.0,0.0474
14,2022-03-08 18:00:00,0.0,0.0584
14,2022-03-08 18:05:00,0.0,0.0349
14,2022-03-08 18:10:00,0.0,0.0518
14,2022-03-08 18:15:00,0.0,0.0508
14,2022-03-08 18:20:00,0.0,0.0393
14,2022-03-08 18:25:00,0.0,0.0758
14,2022-03-08 18:30:00,0.0,0.0947
14,2022-03-08 18:35:00,0.0,0.0612
14,2022-03-08 18:40:00,0.0,0.0237
14,2022-03-08 18:45:00,0.0,0.0582
14,2022-03-08 18:50:00,0.0,0.0761
14,2022-03-08 18:55:00,0.0,0.0486
14,2022-03-08 19:00:00,0.0,0.0761
14,2022-03-08 19:05:00,0.0,0.0621
14,2022-03-08 19:10:00,0.0,0.052
14,2022-03-08 19:15:00,0.0,0.024
14,2022-03-08 19:20:00,0.0,0.0104
14,2022-03-08 19:25:00,0.0,0.0867
14,2022-03-08 19:30:00,0.0,0.0554
14,2022-03-08 19:35:00,0.0,0.0599
14,2022-03-08 19:40:00,0.0,0.0634
14,2022-03-08 19:45:00,0.0,0.0659
14,2022-03-08 19:50:00,0.0,0.0883
14,2022-03-08 19:55:00,0.0,0.0938
14,2022-03-08 20:00:00,0.0,0.0513
14,2022-03-08 20:05:00,0.0,0.0548
14,2022-03-08 20:10:00,0.0,0.0722
14,2022-03-08 20:15:00,0.0,0.0442
14,2022-03-08 20:20:00,0.0,0.0572
14,2022-03-08 20:25:00,0.0,0.0467
14,2022-03-08 20:30:00,0.0,0.0726
14,2022-03-08 20:35:00,0.0,0.0226
14,2022-03-08 20:40:00,0.0,0.0306
14,2022-03-08 20:45:00,0.0,0.0251
14,2022-03-08 20:50:00,0.0,0.0627
14,2022-03-08 20:55:00,0.0,0.056
14,2022-03-08 21:00:00,0.0,0.0515
14,2022-03-08 21:05:00,0.0,0.043
14,2022-03-08 21:10:00,0.0,0.0669
14,2022-03-08 21:15:00,0.0,0.0306
14,2022-03-08 21:20:00,0.0,0.0464
14,2022-03-08 21:25:00,0.0,0.0443
14,2022-03-08 21:30:00,0.0,0.0633
14,2022-03-08 21:35:00,0.0,0.0493
14,2022-03-08 21:40:00,0.0,0.0433
14,2022-03-08 21:45:00,0.0,0.0402
14,2022-03-08 21:50:00,0.0,0.0517
14,2022-03-08 21:55:00,0.0,0.0407
14,2022-03-08 22:00:00,0.0,0.0546
14,2022-03-08 22:05:00,0.0,0.0426
14,2022-03-08 22:10:00,0.0,0.0606
14,2022-03-08 22:15:00,0.0,0.0721
14,2022-03-08 22:20:00,0.0,0.0741
14,2022-03-08 22:25:00,0.0,0.074
14,2022-03-08 22:30:00,0.0,0.0645
14,2022-03-08 22:35:00,0.0,0.068
14,2022-03-08 22:40:00,0.0,0.0595
14,2022-03-08 22:45:00,0.0,0.0556
14,2022-03-08 22:50:00,0.0,0.0627
14,2022-03-08 22:55:00,0.0,0.0443
14,2022-03-08 23:00:00,0.0,0.0779
14,2022-03-08 23:05:00,0.0,0.0748
14,2022-03-08 23:10:00,0.0,0.0983
14,2022-03-08 23:15:00,0.0,0.1077
14,2022-03-08 23:20:00,0.0,0.0773
14,2022-03-08 23:25:00,0.0,0.0782
14,2022-03-08 23:30:00,0.0,0.0749
14,2022-03-08 23:35:00,0.0,0.0588
14,2022-03-08 23:40:00,0.0,0.0889
14,2022-03-08 23:45:00,0.0,0.0726
14,2022-03-08 23:50:00,0.0,0.0666
14,2022-03-08 23:55:00,0.0,0.0696
14,2022-03-09 00:00:00,0.0,0.1206
14,2022-03-09 00:05:00,0.0,0.0745
14,2022-03-09 00:10:00,0.0,0.085
14,2022-03-09 00:15:00,0.0,0.0775
14,2022-03-09 00:20:00,0.0,0.0759
14,2022-03-09 00:25:00,0.0,0.0834
14,2022-03-09 00:30:00,0.0,0.0557
14,2022-03-09 00:35:00,0.0,0.0499
14,2022-03-09 00:40:00,0.0,0.0708
14,2022-03-09 00:45:00,0.0,0.0693
14,2022-03-09 00:50:00,0.0,0.0578
14,2022-03-09 00:55:00,0.0,0.0648
14,2022-03-09 01:00:00,0.0,0.0427
14,2022-03-09 01:05:00,0.0,0.0797
14,2022-03-09 01:10:00,0.0,0.0547
14,2022-03-09 01:15:00,0.0,0.0522
14,2022-03-09 01:20:00,0.0,0.0496
14,2022-03-09 01:25:00,0.0,0.0616
14,2022-03-09 01:30:00,0.0,0.0591
14,2022-03-09 01:35:00,0.0,0.0676
14,2022-03-09 01:40:00,0.0,0.0505
14,2022-03-09 01:45:00,0.0,0.072
14,2022-03-09 01:50:00,0.0,0.0675
14,2022-03-09 01:55:00,0.0,0.061
14,2022-03-09 02:00:00,0.0,0.0784
14,2022-03-09 02:05:00,0.0,0.0692
14,2022-03-09 02:10:00,0.0,0.0571
14,2022-03-09 02:15:00,0.0,0.0609
14,2022-03-09 02:20:00,0.0,0.0568
14,2022-03-09 02:25:00,0.0,0.0608
14,2022-03-09 02:30:00,0.0,0.0678
14,2022-03-09 02:35:00,0.0,0.0508
14,2022-03-09 02:40:00,0.0,0.053
14,2022-03-09 02:45:00,0.0,0.0587
14,2022-03-09 02:50:00,0.0,0.0587
14,2022-03-09 02:55:00,0.0,0.0517
14,2022-03-09 03:00:00,0.0,0.0626
14,2022-03-09 03:05:00,0.0,0.0646
14,2022-03-09 03:10:00,0.0,0.0571
14,2022-03-09 03:15:00,0.0,0.0645
14,2022-03-09 03:20:00,0.0,0.054
14,2022-03-09 03:25:00,0.0,0.0525
14,2022-03-09 03:30:00,0.0,0.0605
14,2022-03-09 03:35:00,0.0,0.0574
14,2022-03-09 03:40:00,0.0,0.0584
14,2022-03-09 03:45:00,0.0,0.0514
14,2022-03-09 03:50:00,0.0,0.0531
14,2022-03-09 03:55:00,0.0,0.0478
14,2022-03-09 04:00:00,0.0,0.0383
14,2022-03-09 04:05:00,0.0,0.0478
14,2022-03-09 04:10:00,0.0,0.0563
14,2022-03-09 04:15:00,0.0,0.0537
14,2022-03-09 04:20:00,0.0,0.0372
14,2022-03-09 04:25:00,0.0,0.0487
14,2022-03-09 04:30:00,0.0,0.0362
14,2022-03-09 04:35:00,0.0,0.0336
14,2022-03-09 04:40:00,0.0,0.0306
14,2022-03-09 04:45:00,0.0,0.0586
14,2022-03-09 04:50:00,0.0,0.0371
14,2022-03-09 04:55:00,0.0,0.0395
14,2022-03-09 05:00:00,0.0,0.023
14,2022-03-09 05:05:00,0.0,0.04
14,2022-03-09 05:10:00,0.0,0.026
14,2022-03-09 05:15:00,0.0,0.0029
14,2022-03-09 05:20:00,0.0,0.0282
14,2022-03-09 05:25:00,0.0,0.0403
14,2022-03-09 05:30:00,0.0,0.0268
14,2022-03-09 05:35:00,0.0,0.0348
14,2022-03-09 05:40:00,0.0,0.0288
14,2022-03-09 05:45:00,0.0,0.0362
14,2022-03-09 05:50:00,0.0,0.0308
14,2022-03-09 05:55:00,0.0,0.0152
14,2022-03-09 06:00:00,0.0,0.0108
14,2022-03-09 06:05:00,0.0,0.0157
14,2022-03-09 06:10:00,0.0,0.0086
14,2022-03-09 06:15:00,0.0,-0.0064
14,2022-03-09 06:20:00,0.0,0.0151
14,2022-03-09 06:25:00,0.0,0.0056
14,2022-03-09 06:30:00,0.0,0.0165
14,2022-03-09 06:35:00,0.0,0.0315
14,2022-03-09 06:40:00,0.0,0.031
14,2022-03-09 06:45:00,0.0,0.014
14,2022-03-09 06:50:00,0.0,0.0259
14,2022-03-09 06:55:00,0.0,0.0434
14,2022-03-09 07:00:00,0.0,0.0779
14,2022-03-09 07:05:00,0.0,0.0704
14,2022-03-09 07:10:00,0.0,0.0438
14,2022-03-09 07:15:00,0.0,0.0368
14,2022-03-09 07:20:00,0.0,0.0728
14,2022-03-09 07:25:00,0.0,0.0368
14,2022-03-09 07:30:00,0.0,0.0462
14,2022-03-09 07:35:00,0.0,0.0677
14,2022-03-09 07:40:00,0.0,0.0802
14,2022-03-09 07:45:00,0.0,0.0757
14,2022-03-09 07:50:00,0.0,0.0531
14,2022-03-09 07:55:00,0.0,0.0481
14,2022-03-09 08:00:00,0.0,0.0481
14,2022-03-09 08:05:00,0.0,0.0431
14,2022-03-09 08:10:00,0.0,0.0385
14,2022-03-09 08:15:00,0.0,0.03
14,2022-03-09 08:20:00,0.0,0.017
14,2022-03-09 08:25:00,0.0,0.0305
14,2022-03-09 08:30:00,0.0,0.0374
14,2022-03-09 08:35:00,0.0,0.0294
14,2022-03-09 08:40:00,0.0,0.0259
14,2022-03-09 08:45:00,0.0,0.0399
14,2022-03-09 08:50:00,0.0,0.0438
14,2022-03-09 08:55:00,0.0,0.0393
14,2022-03-09 09:00:00,0.0,0.0233
14,2022-03-09 09:05:00,0.0,0.0237
14,2022-03-09 09:10:00,0.0,0.0072
14,2022-03-09 09:15:00,0.0,0.0167
14,2022-03-09 09:20:00,0.0,0.0136
14,2022-03-09 09:25:00,0.0,-0.0024
14,2022-03-09 09:30:00,0.0,-0.0014
14,2022-03-09 09:35:00,0.0,0.0286
14,2022-03-09 09:40:00,0.0,0.0065
14,2022-03-09 09:45:00,0.0,0.0195
14,2022-03-09 09:50:00,0.0,0.0145
14,2022-03-09 09:55:00,0.0,-0.0025
14,2022-03-09 10:00:00,0.0,0.0119
14,2022-03-09 10:05:00,0.0,0.0129
14,2022-03-09 10:10:00,0.0,0.0133
15,2022-03-18 13:55:00,0.0,-0.0157
15,2022-03-18 14:00:00,0.0,-0.0187
15,2022-03-18 14:05:00,0.002,-0.0017
15,2022-03-18 14:10:00,0.007,0.0003
15,2022-03-18 14:15:00,0.011,-0.0097
15,2022-03-18 14:20:00,0.007,-0.0147
15,2022-03-18 14:25:00,0.005,-0.0187
15,2022-03-18 14:30:00,0.004,-0.0247
15,2022-03-18 14:35:00,0.004,-0.0177
15,2022-03-18 14:40:00,0.005,-0.0227
15,2022-03-18 14:45:00,0.006,-0.0127
15,2022-03-18 14:50:00,0.007,-0.0207
15,2022-03-18 14:55:00,0.008,0.0003
15,2022-03-18 15:00:00,0.002,-0.0338
15,2022-03-18 15:05:00,0.001,0.0002
15,2022-03-18 15:10:00,0.0,0.017
15,2022-03-18 15:15:00,0.0,0.0002
15,2022-03-18 15:20:00,0.0,0.0252
15,2022-03-18 15:25:00,0.0,0.0372
15,2022-03-18 15:30:00,0.0,0.0342
15,2022-03-18 15:35:00,0.0,0.0242
15,2022-03-18 15:40:00,0.0,0.0242
15,2022-03-18 15:45:00,0.002,0.0272
15,2022-03-18 15:50:00,0.002,0.0022
15,2022-03-18 15:55:00,0.001,0.0002
15,2022-03-18 16:00:00,0.0,0.0132
15,2022-03-18 16:05:00,0.0,0.0122
15,2022-03-18 16:10:00,0.0,0.0002
15,2022-03-18 16:15:00,0.0,-0.0059
15,2022-03-18 16:20:00,0.0,-0.019
15,2022-03-18 16:25:00,0.0,-0.0279
15,2022-03-18 16:30:00,0.0,-0.0299
15,2022-03-18 16:35:00,0.0,-0.0159
15,2022-03-18 16:40:00,0.0,-0.0199
15,2022-03-18 16:45:00,0.0,-0.0049
15,2022-03-18 16:50:00,0.0,-0.0069
15,2022-03-18 16:55:00,0.0,-0.0129
15,2022-03-18 17:00:00,0.0,-0.0099
15,2022-03-18 17:05:00,0.0,-0.0109
15,2022-03-18 17:10:00,0.0,0.0011
15,2022-03-18 17:15:00,0.0,0.0121
15,2022-03-18 17:20:00,0.0,-0.0199
15,2022-03-18 17:25:00,0.0,-0.013
15,2022-03-18 17:30:00,0.0,-0.015
15,2022-03-18 17:35:00,0.0,-0.012
15,2022-03-18 17:40:00,0.0,-0.005
15,2022-03-18 17:45:00,0.0,-0.008
15,2022-03-18 17:50:00,0.0,-0.016
15,2022-03-18 17:55:00,0.0,-0.025
15,2022-03-18 18:00:00,0.0,-0.022
15,2022-03-18 18:05:00,0.0,-0.051
16,2022-03-18 23:05:00,0.0,-0.0169
16,2022-03-18 23:10:00,0.0,-0.0189
16,2022-03-18 23:15:00,0.002,-0.0279
16,2022-03-18 23:20:00,0.004,-0.0239
16,2022-03-18 23:25:00,0.003,-0.0215
16,2022-03-18 23:30:00,0.008,-0.0125
16,2022-03-18 23:35:00,0.015,-0.01
16,2022-03-18 23:40:00,0.011,-0.014
16,2022-03-18 23:45:00,0.014,-0.0185
16,2022-03-18 23:50:00,0.019,-0.008
16,2022-03-18 23:55:00,0.031,0.0045
16,2022-03-19 00:00:00,0.034,-0.0055
16,2022-03-19 00:05:00,0.036,0.0025
16,2022-03-19 00:10:00,0.048,0.5005
16,2022-03-19 00:15:00,0.019,0.459
16,2022-03-19 00:20:00,0.007,0.4805
16,2022-03-19 00:25:00,0.008,0.3835
16,2022-03-19 00:30:00,0.006,0.329
16,2022-03-19 00:35:00,0.002,0.3085
16,2022-03-19 00:40:00,0.0,0.3004
16,2022-03-19 00:45:00,0.0,0.2609
16,2022-03-19 00:50:00,0.0,0.1904
16,2022-03-19 00:55:00,0.0,0.2079
16,2022-03-19 01:00:00,0.0,0.1794
16,2022-03-19 01:05:00,0.0,0.1694
16,2022-03-19 01:10:00,0.0,0.1479
16,2022-03-19 01:15:00,0.0,0.1369
16,2022-03-19 01:20:00,0.0,0.1329
16,2022-03-19 01:25:00,0.0,0.1089
16,2022-03-19 01:30:00,0.0,0.1099
16,2022-03-19 01:35:00,0.0,0.1119
16,2022-03-19 01:40:00,0.0,0.1034
16,2022-03-19 01:45:00,0.0,0.0994
16,2022-03-19 01:50:00,0.0,0.0848
16,2022-03-19 01:55:00,0.0,0.0953
16,2022-03-19 02:00:00,0.0,0.0848
16,2022-03-19 02:05:00,0.0,0.0928
16,2022-03-19 02:10:00,0.0,0.0793
16,2022-03-19 02:15:00,0.0,0.0818
16,2022-03-19 02:20:00,0.0,0.0733
16,2022-03-19 02:25:00,0.0,0.0828
16,2022-03-19 02:30:00,0.0,0.0778
16,2022-03-19 02:35:00,0.0,0.0738
16,2022-03-19 02:40:00,0.0,0.0763
16,2022-03-19 02:45:00,0.0,0.0803
16,2022-03-19 02:50:00,0.0,0.0853
16,2022-03-19 02:55:00,0.0,0.0723
16,2022-03-19 03:00:00,0.0,0.0828
16,2022-03-19 03:05:00,0.0,0.0637
16,2022-03-19 03:10:00,0.0,0.0637
16,2022-03-19 03:15:00,0.0,0.0542
16,2022-03-19 03:20:00,0.0,0.0692
16,2022-03-19 03:25:00,0.0,0.0662
16,2022-03-19 03:30:00,0.0,0.0682
16,2022-03-19 03:35:00,0.0,0.0567
16,2022-03-19 03:40:00,0.0,0.0497
16,2022-03-19 03:45:00,0.0,0.0542
16,2022-03-19 03:50:00,0.0,0.0582
16,2022-03-19 03:55:00,0.0,0.0677
16,2022-03-19 04:00:00,0.0,0.0672
16,2022-03-19 04:05:00,0.0,0.0567
16,2022-03-19 04:10:00,0.0,0.0477
16,2022-03-19 04:15:00,0.0,0.0581
16,2022-03-19 04:20:00,0.0,0.0506
16,2022-03-19 04:25:00,0.0,0.0571
16,2022-03-19 04:30:00,0.0,0.0446
16,2022-03-19 04:35:00,0.0,0.0471
16,2022-03-19 04:40:00,0.0,0.0376
16,2022-03-19 04:45:00,0.0,0.0491
16,2022-03-19 04:50:00,0.0,0.0471
16,2022-03-19 04:55:00,0.0,0.0351
16,2022-03-19 05:00:00,0.0,0.0326
16,2022-03-19 05:05:00,0.0,0.0336
16,2022-03-19 05:10:00,0.0,0.0276
16,2022-03-19 05:15:00,0.0,0.0311
16,2022-03-19 05:20:00,0.0,0.0326
16,2022-03-19 05:25:00,0.0,0.0325
16,2022-03-19 05:30:00,0.0,0.038
16,2022-03-19 05:35:00,0.0,0.035
16,2022-03-19 05:40:00,0.0,0.035
16,2022-03-19 05:45:00,0.0,0.029
16,2022-03-19 05:50:00,0.0,0.0295
16,2022-03-19 05:55:00,0.0,0.03
16,2022-03-19 06:00:00,0.0,0.0265
16,2022-03-19 06:05:00,0.0,0.0275
16,2022-03-19 06:10:00,0.0,0.0235
16,2022-03-19 06:15:00,0.0,0.0215
16,2022-03-19 06:20:00,0.0,0.0085
16,2022-03-19 06:25:00,0.0,-0.0015
16,2022-03-19 06:30:00,0.0,0.0095
16,2022-03-19 06:35:00,0.0,0.0085
16,2022-03-19 06:40:00,0.004,0.0029
16,2022-03-19 06:45:00,0.007,0.0049
16,2022-03-19 06:50:00,0.003,0.0129
16,2022-03-19 06:55:00,0.001,0.0089
16,2022-03-19 07:00:00,0.005,-0.0071
16,2022-03-19 07:05:00,0.005,0.0039
16,2022-03-19 07:10:00,0.003,-0.0026
16,2022-03-19 07:15:00,0.001,-0.0001
16,2022-03-19 07:20:00,0.001,-0.0021
16,2022-03-19 07:25:00,0.001,-0.0061
16,2022-03-19 07:30:00,0.0,0.0089
16,2022-03-19 07:35:00,0.004,0.0029
16,2022-03-19 07:40:00,0.004,0.0019
16,2022-03-19 07:45:00,0.0,0.0139
16,2022-03-19 07:50:00,0.0,0.0133
16,2022-03-19 07:55:00,0.0,0.0228
16,2022-03-19 08:00:00,0.0,0.0248
16,2022-03-19 08:05:00,0.0,0.0363
16,2022-03-19 08:10:00,0.0,0.0393
16,2022-03-19 08:15:00,0.0,0.0373
16,2022-03-19 08:20:00,0.0,0.0343
16,2022-03-19 08:25:00,0.001,0.0358
16,2022-03-19 08:30:00,0.003,0.0263
16,2022-03-19 08:35:00,0.001,0.0128
16,2022-03-19 08:40:00,0.002,0.0193
16,2022-03-19 08:45:00,0.002,0.0098
16,2022-03-19 08:50:00,0.0,0.0603
16,2022-03-19 08:55:00,0.0,0.0258
16,2022-03-19 09:00:00,0.0,0.0198
16,2022-03-19 09:05:00,0.0,0.0542
16,2022-03-19 09:10:00,0.0,0.0212
16,2022-03-19 09:15:00,0.0,0.0897
16,2022-03-19 09:20:00,0.0,0.0972
16,2022-03-19 09:25:00,0.001,0.0642
16,2022-03-19 09:30:00,0.006,0.0657
16,2022-03-19 09:35:00,0.01,0.0862
16,2022-03-19 09:40:00,0.001,0.1007
16,2022-03-19 09:45:00,0.0,0.1252
16,2022-03-19 09:50:00,0.0,0.0772
16,2022-03-19 09:55:00,0.0,0.0737
16,2022-03-19 10:00:00,0.0,0.0812
16,2022-03-19 10:05:00,0.0,0.0452
16,2022-03-19 10:10:00,0.0,0.0472
16,2022-03-19 10:15:00,0.0,0.0341
16,2022-03-19 10:20:00,0.0,0.0466
16,2022-03-19 10:25:00,0.0,0.0516
16,2022-03-19 10:30:00,0.0,0.0381
16,2022-03-19 10:35:00,0.0,0.0711
16,2022-03-19 10:40:00,0.0,0.0421
16,2022-03-19 10:45:00,0.0,0.0506
16,2022-03-19 10:50:00,0.0,0.0526
16,2022-03-19 10:55:00,0.0,0.0396
16,2022-03-19 11:00:00,0.0,0.0426
16,2022-03-19 11:05:00,0.0,0.0191
16,2022-03-19 11:10:00,0.0,0.0331
16,2022-03-19 11:15:00,0.0,0.0426
16,2022-03-19 11:20:00,0.0,0.0261
16,2022-03-19 11:25:00,0.0,0.007
16,2022-03-19 11:30:00,0.0,0.023
16,2022-03-19 11:35:00,0.0,-0.004
16,2022-03-19 11:40:00,0.0,0.0025
16,2022-03-19 11:45:00,0.0,0.0195
16,2022-03-19 11:50:00,0.0,0.0105
16,2022-03-19 11:55:00,0.0,0.003
16,2022-03-19 12:00:00,0.0,0.0475
16,2022-03-19 12:05:00,0.0,0.061
16,2022-03-19 12:10:00,0.0,0.0165
16,2022-03-19 12:15:00,0.0,0.011
16,2022-03-19 12:20:00,0.0,0.018
16,2022-03-19 12:25:00,0.0,0.0135
16,2022-03-19 12:30:00,0.0,0.0225
16,2022-03-19 12:35:00,0.0,0.0275
16,2022-03-19 12:40:00,0.0,0.0109
16,2022-03-19 12:45:00,0.0,0.0164
16,2022-03-19 12:50:00,0.0,0.0084
16,2022-03-19 12:55:00,0.0,0.0179
16,2022-03-19 13:00:00,0.0,0.0299
16,2022-03-19 13:05:00,0.0,0.0189
16,2022-03-19 13:10:00,0.0,-0.0036
16,2022-03-19 13:15:00,0.0,0.0089
16,2022-03-19 13:20:00,0.0,-0.0061
16,2022-03-19 13:25:00,0.0,-0.0066
16,2022-03-19 13:30:00,0.0,-0.0041
16,2022-03-19 13:35:00,0.0,0.0029
16,2022-03-19 13:40:00,0.0,0.0154
16,2022-03-19 13:45:00,0.0,0.0074
16,2022-03-19 13:50:00,0.0,-0.0187
16,2022-03-19 13:55:00,0.0,-0.0227
16,2022-03-19 14:00:00,0.0,-0.0027
16,2022-03-19 14:05:00,0.0,-0.0097
16,2022-03-19 14:10:00,0.0,-0.0017
16,2022-03-19 14:15:00,0.0,0.0043
16,2022-03-19 14:20:00,0.0,0.0178
16,2022-03-19 14:25:00,0.0,-0.0082
16,2022-03-19 14:30:00,0.0,-0.0082
16,2022-03-19 14:35:00,0.0,-0.0002
16,2022-03-19 14:40:00,0.0,-0.0017
16,2022-03-19 14:45:00,0.0,0.0293
16,2022-03-19 14:50:00,0.0,0.0033
16,2022-03-19 14:55:00,0.0,0.0033
16,2022-03-19 15:00:00,0.0,0.0013
16,2022-03-19 15:05:00,0.0,0.0047
16,2022-03-19 15:10:00,0.0,-0.0053
16,2022-03-19 15:15:00,0.0,0.0007
16,2022-03-19 15:20:00,0.0,0.0112
16,2022-03-19 15:25:00,0.0,0.0147
16,2022-03-19 15:30:00,0.0,0.0127
16,2022-03-19 15:35:00,0.0,-0.0063
16,2022-03-19 15:40:00,0.0,-0.0073
16,2022-03-19 15:45:00,0.0,-0.0038
16,2022-03-19 15:50:00,0.0,-0.0143
16,2022-03-19 15:55:00,0.0,0.0027
16,2022-03-19 16:00:00,0.0,-0.0108
16,2022-03-19 16:05:00,0.0,0.0002
16,2022-03-19 16:10:00,0.0,0.0052
16,2022-03-19 16:15:00,0.0,-0.0004
16,2022-03-19 16:20:00,0.0,0.0256
16,2022-03-19 16:25:00,0.0,0.0076
16,2022-03-19 16:30:00,0.0,-0.0004
16,2022-03-19 16:35:00,0.0,-0.0029
16,2022-03-19 16:40:00,0.0,-0.0054
16,2022-03-19 16:45:00,0.0,-0.0089
16,2022-03-19 16:50:00,0.0,-0.0109
16,2022-03-19 16:55:00,0.0,-0.0049
16,2022-03-19 17:00:00,0.0,-0.0069
16,2022-03-19 17:05:00,0.0,-0.0174
16,2022-03-19 17:10:00,0.0,-0.0194
16,2022-03-19 17:15:00,0.0,-0.0134
16,2022-03-19 17:20:00,0.0,-0.0099
16,2022-03-19 17:25:00,0.0,0.0065
16,2022-03-19 17:30:00,0.0,0.0
16,2022-03-19 17:35:00,0.0,0.014
16,2022-03-19 17:40:00,0.0,0.0145
16,2022-03-19 17:45:00,0.0,-0.0125
16,2022-03-19 17:50:00,0.0,-0.0045
16,2022-03-19 17:55:00,0.0,0.0075
16,2022-03-19 18:00:00,0.0,-0.0135
16,2022-03-19 18:05:00,0.0,-0.0275
16,2022-03-19 18:10:00,0.0,-0.0325
16,2022-03-19 18:15:00,0.0,-0.0185
16,2022-03-19 18:20:00,0.0,-0.018
16,2022-03-19 18:25:00,0.0,-0.0115
16,2022-03-19 18:30:00,0.0,-0.0035
16,2022-03-19 18:35:00,0.0,-0.018
16,2022-03-19 18:40:00,0.0,-0.0091
16,2022-03-19 18:45:00,0.0,-0.0281
16,2022-03-19 18:50:00,0.0,-0.0161
16,2022-03-19 18:55:00,0.0,-0.0176
16,2022-03-19 19:00:00,0.0,-0.0106
16,2022-03-19 19:05:00,0.0,-0.0156
16,2022-03-19 19:10:00,0.0,-0.0276
16,2022-03-19 19:15:00,0.0,-0.0091
16,2022-03-19 19:20:00,0.0,0.0144
16,2022-03-19 19:25:00,0.0,-0.0146
16,2022-03-19 19:30:00,0.0,-0.0341
16,2022-03-19 19:35:00,0.0,-0.0251
16,2022-03-19 19:40:00,0.0,-0.0216
16,2022-03-19 19:45:00,0.0,-0.0116
16,2022-03-19 19:50:00,0.0,-0.0142
16,2022-03-19 19:55:00,0.0,-0.0112
16,2022-03-19 20:00:00,0.0,-0.0242
16,2022-03-19 20:05:00,0.0,-0.0207
16,2022-03-19 20:10:00,0.0,-0.0222
16,2022-03-19 20:15:00,0.0,-0.0172
16,2022-03-19 20:20:00,0.0,-0.0182
16,2022-03-19 20:25:00,0.0,-0.0047
16,2022-03-19 20:30:00,0.0,-0.0142
16,2022-03-19 20:35:00,0.0,-0.0112
16,2022-03-19 20:40:00,0.0,-0.0152
16,2022-03-19 20:45:00,0.0,-0.0082
16,2022-03-19 20:50:00,0.0,0.0033
16,2022-03-19 20:55:00,0.0,-0.0192
16,2022-03-19 21:00:00,0.0,-0.0158
16,2022-03-19 21:05:00,0.0,0.0007
16,2022-03-19 21:10:00,0.0,-0.0078
16,2022-03-19 21:15:00,0.0,-0.0208
16,2022-03-19 21:20:00,0.0,-0.0173
16,2022-03-19 21:25:00,0.0,-0.0153
16,2022-03-19 21:30:00,0.0,-0.0003
16,2022-03-19 21:35:00,0.0,0.0072
16,2022-03-19 21:40:00,0.0,0.0082
16,2022-03-19 21:45:00,0.0,0.0242
16,2022-03-19 21:50:00,0.0,0.0092
16,2022-03-19 21:55:00,0.0,0.0102
16,2022-03-19 22:00:00,0.0,-0.0088
16,2022-03-19 22:05:00,0.0,-0.0113
16,2022-03-19 22:10:00,0.0,0.0072
16,2022-03-19 22:15:00,0.0,-0.0054
16,2022-03-19 22:20:00,0.0,-0.0064
16,2022-03-19 22:25:00,0.0,-0.0184
16,2022-03-19 22:30:00,0.0,-0.0094
16,2022-03-19 22:35:00,0.0,-0.0019
16,2022-03-19 22:40:00,0.0,-0.0109
16,2022-03-19 22:45:00,0.0,-0.0004
16,2022-03-19 22:50:00,0.0,0.0091
16,2022-03-19 22:55:00,0.0,-0.0094
16,2022-03-19 23:00:00,0.0,-0.0034
16,2022-03-19 23:05:00,0.0,-0.0039
16,2022-03-19 23:10:00,0.0,-0.0069
16,2022-03-19 23:15:00,0.0,-0.0084
16,2022-03-19 23:20:00,0.0,0.0151
16,2022-03-19 23:25:00,0.0,0.005
16,2022-03-19 23:30:00,0.0,0.01
16,2022-03-19 23:35:00,0.0,-0.001
16,2022-03-19 23:40:00,0.0,0.005
16,2022-03-19 23:45:00,0.0,0.0075
16,2022-03-19 23:50:00,0.0,0.0
16,2022-03-19 23:55:00,0.0,0.002
16,2022-03-20 00:00:00,0.0,0.0065
16,2022-03-20 00:05:00,0.0,0.0125
16,2022-03-20 00:10:00,0.0,0.0045
16,2022-03-20 00:15:00,0.0,0.0195
16,2022-03-20 00:20:00,0.0,0.016
16,2022-03-20 00:25:00,0.0,0.0085
16,2022-03-20 00:30:00,0.0,0.002
16,2022-03-20 00:35:00,0.0,0.014
16,2022-03-20 00:40:00,0.0,0.0074
16,2022-03-20 00:45:00,0.0,0.0144
16,2022-03-20 00:50:00,0.0,0.0159
16,2022-03-20 00:55:00,0.0,0.0124
16,2022-03-20 01:00:00,0.0,0.0159
16,2022-03-20 01:05:00,0.0,0.0164
16,2022-03-20 01:10:00,0.0,0.0229
16,2022-03-20 01:15:00,0.0,0.0249
16,2022-03-20 01:20:00,0.0,0.0244
16,2022-03-20 01:25:00,0.0,0.0219
16,2022-03-20 01:30:00,0.0,0.0184
16,2022-03-20 01:35:00,0.0,0.0179
16,2022-03-20 01:40:00,0.0,0.0184
16,2022-03-20 01:45:00,0.0,0.0199
16,2022-03-20 01:50:00,0.0,0.014
16,2022-03-20 01:55:00,0.0,0.0053
16,2022-03-20 02:00:00,0.0,0.0149
16,2022-03-20 02:05:00,0.0,0.0128
16,2022-03-20 02:10:00,0.0,0.0153
16,2022-03-20 02:15:00,0.0,0.0143
16,2022-03-20 02:20:00,0.0,0.0227
16,2022-03-20 02:25:00,0.0,0.0298
16,2022-03-20 02:30:00,0.0,0.0193
16,2022-03-20 02:35:00,0.0,0.0103
16,2022-03-20 02:40:00,0.0,0.0218
16,2022-03-20 02:45:00,0.0,0.0218
16,2022-03-20 02:50:00,0.0,0.0183
16,2022-03-20 02:55:00,0.0,0.0108
16,2022-03-20 03:00:00,0.0,0.0138
16,2022-03-20 03:05:00,0.0,0.0222
16,2022-03-20 03:10:00,0.0,0.0107
16,2022-03-20 03:15:00,0.0,0.0102
16,2022-03-20 03:20:00,0.0,0.0062
16,2022-03-20 03:25:00,0.0,0.0156
16,2022-03-20 03:30:00,0.0,0.0197
16,2022-03-20 03:35:00,0.0,0.0157
16,2022-03-20 03:40:00,0.0,0.0142
16,2022-03-20 03:45:00,0.0,0.0122
16,2022-03-20 03:50:00,0.0,0.0197
16,2022-03-20 03:55:00,0.0,0.0217
16,2022-03-20 04:00:00,0.0,0.0237
16,2022-03-20 04:05:00,0.0,0.0167
16,2022-03-20 04:10:00,0.0,0.0207
16,2022-03-20 04:15:00,0.0,0.0101
16,2022-03-20 04:20:00,0.0,0.0226
16,2022-03-20 04:25:00,0.0,0.0236
16,2022-03-20 04:30:00,0.0,0.0157
16,2022-03-20 04:35:00,0.0,0.0166
16,2022-03-20 04:40:00,0.0,0.0243
16,2022-03-20 04:45:00,0.0,0.0231
16,2022-03-20 04:50:00,0.0,0.0281
16,2022-03-20 04:55:00,0.0,0.0296
16,2022-03-20 05:00:00,0.0,0.0252
16,2022-03-20 05:05:00,0.0,0.0131
16,2022-03-20 05:10:00,0.0,0.0211
16,2022-03-20 05:15:00,0.0,0.0121
16,2022-03-20 05:20:00,0.0,0.0161
16,2022-03-20 05:25:00,0.0,0.0065
16,2022-03-20 05:30:00,0.0,0.0085
16,2022-03-20 05:35:00,0.0,0.0183
16,2022-03-20 05:40:00,0.0,0.0155
16,2022-03-20 05:45:00,0.0,0.016
16,2022-03-20 05:50:00,0.0,0.014
16,2022-03-20 05:55:00,0.0,0.0162
16,2022-03-20 06:00:00,0.0,0.0225
16,2022-03-20 06:05:00,0.0,0.009
16,2022-03-20 06:10:00,0.0,0.0216
16,2022-03-20 06:15:00,0.0,0.0155
16,2022-03-20 06:20:00,0.0,0.0086
16,2022-03-20 06:25:00,0.0,0.0107
16,2022-03-20 06:30:00,0.0,0.012
16,2022-03-20 06:35:00,0.0,0.014
16,2022-03-20 06:40:00,0.0,0.0089
16,2022-03-20 06:45:00,0.0,0.0139
16,2022-03-20 06:50:00,0.0,0.0099
16,2022-03-20 06:55:00,0.0,-0.0011
16,2022-03-20 07:00:00,0.0,0.0099
17,2022-03-22 10:10:00,0.0,-0.0336
17,2022-03-22 10:15:00,0.0,-0.0401
17,2022-03-22 10:20:00,0.0,-0.0377
17,2022-03-22 10:25:00,0.0376,-0.0461
17,2022-03-22 10:30:00,0.0,-0.0421
17,2022-03-22 10:35:00,0.0376,-0.0257
17,2022-03-22 10:40:00,0.0,-0.0262
17,2022-03-22 10:45:00,0.039,-0.0332
17,2022-03-22 10:50:00,0.0,0.0428
17,2022-03-22 10:55:00,0.0,0.0688
17,2022-03-22 11:00:00,0.039,0.1088
17,2022-03-22 11:05:00,0.0,0.1483
17,2022-03-22 11:10:00,0.0,0.1149
17,2022-03-22 11:15:00,0.039,0.1473
17,2022-03-22 11:20:00,0.0,0.1408
17,2022-03-22 11:25:00,0.0,0.1188
17,2022-03-22 11:30:00,0.0,0.1421
17,2022-03-22 11:35:00,0.0,0.1473
17,2022-03-22 11:40:00,0.0,0.1465
17,2022-03-22 11:45:00,0.0,0.1462
17,2022-03-22 11:50:00,0.0,0.1347
17,2022-03-22 11:55:00,0.0,0.0854
17,2022-03-22 12:00:00,0.0,0.0897
17,2022-03-22 12:05:00,0.0,0.1578
17,2022-03-22 12:10:00,0.0,0.1361
17,2022-03-22 12:15:00,0.0,0.0809
17,2022-03-22 12:20:00,0.0,0.0801
17,2022-03-22 12:25:00,0.0,0.0536
17,2022-03-22 12:30:00,0.0,0.0622
17,2022-03-22 12:35:00,0.0,0.0651
17,2022-03-22 12:40:00,0.0,0.0636
17,2022-03-22 12:45:00,0.0,0.0371
17,2022-03-22 12:50:00,0.0,0.0416
17,2022-03-22 12:55:00,0.0,0.0382
17,2022-03-22 13:00:00,0.0,0.0605
17,2022-03-22 13:05:00,0.0,0.0471
17,2022-03-22 13:10:00,0.0,0.0436
17,2022-03-22 13:15:00,0.0,0.062
17,2022-03-22 13:20:00,0.0,0.059
17,2022-03-22 13:25:00,0.0,0.0538
17,2022-03-22 13:30:00,0.0,0.0555
17,2022-03-22 13:35:00,0.0,0.046
17,2022-03-22 13:40:00,0.0,0.06
17,2022-03-22 13:45:00,0.0,0.0645
17,2022-03-22 13:50:00,0.0,0.053
17,2022-03-22 13:55:00,0.0,0.0535
17,2022-03-22 14:00:00,0.0376,0.06
17,2022-03-22 14:05:00,0.0,0.0429
17,2022-03-22 14:10:00,0.0,0.0508
17,2022-03-22 14:15:00,0.0,0.0279
17,2022-03-22 14:20:00,0.0,0.0414
17,2022-03-22 14:25:00,0.0,0.0503
17,2022-03-22 14:30:00,0.0,0.0559
17,2022-03-22 14:35:00,0.0,0.0625
17,2022-03-22 14:40:00,0.0,0.0713
17,2022-03-22 14:45:00,0.0,0.0524
17,2022-03-22 14:50:00,0.0,0.0704
17,2022-03-22 14:55:00,0.0,0.0704
17,2022-03-22 15:00:00,0.0,0.0608
17,2022-03-22 15:05:00,0.0,0.0778
17,2022-03-22 15:10:00,0.0,0.0728
17,2022-03-22 15:15:00,0.0,0.0509
17,2022-03-22 15:20:00,0.0,0.0488
17,2022-03-22 15:25:00,0.0,0.0618
17,2022-03-22 15:30:00,0.0,0.0623
17,2022-03-22 15:35:00,0.0,0.0718
17,2022-03-22 15:40:00,0.0,0.0623
17,2022-03-22 15:45:00,0.0,0.0438
17,2022-03-22 15:50:00,0.0,0.0417
17,2022-03-22 15:55:00,0.0,0.0392
17,2022-03-22 16:00:00,0.0,0.0397
17,2022-03-22 16:05:00,0.0,0.0272
17,2022-03-22 16:10:00,0.0,0.0377
17,2022-03-22 16:15:00,0.0,0.0387
17,2022-03-22 16:20:00,0.0,0.0372
17,2022-03-22 16:25:00,0.0,0.0397
17,2022-03-22 16:30:00,0.0,0.0437
17,2022-03-22 16:35:00,0.0,0.0472
17,2022-03-22 16:40:00,0.0,0.0402
17,2022-03-22 16:45:00,0.0,0.0346
17,2022-03-22 16:50:00,0.0,0.0796
17,2022-03-22 16:55:00,0.0,0.0451
17,2022-03-22 17:00:00,0.0,0.0386
17,2022-03-22 17:05:00,0.0,0.0266
18,2022-03-23 13:25:00,0.0,0.0423
18,2022-03-23 13:30:00,0.0,0.0078
18,2022-03-23 13:35:00,0.002,0.0263
18,2022-03-23 13:40:00,0.01,0.0102
18,2022-03-23 13:45:00,0.026,0.0177
18,2022-03-23 13:50:00,0.028,0.0117
18,2022-03-23 13:55:00,0.001,0.0237
18,2022-03-23 14:00:00,0.0,0.3037
18,2022-03-23 14:05:00,0.0,0.1377
18,2022-03-23 14:10:00,0.0,0.1086
18,2022-03-23 14:15:00,0.0,0.0797
18,2022-03-23 14:20:00,0.0,0.0807
18,2022-03-23 14:25:00,0.0,0.0632
18,2022-03-23 14:30:00,0.0,0.0641
18,2022-03-23 14:35:00,0.0,0.0511
18,2022-03-23 14:40:00,0.0,0.0441
18,2022-03-23 14:45:00,0.0,0.0466
18,2022-03-23 14:50:00,0.0,0.0456
18,2022-03-23 14:55:00,0.0,0.0446
18,2022-03-23 15:00:00,0.0,0.0686
18,2022-03-23 15:05:00,0.0,0.0291
18,2022-03-23 15:10:00,0.0,0.018
18,2022-03-23 15:15:00,0.0,0.0351
18,2022-03-23 15:20:00,0.0,0.0336
18,2022-03-23 15:25:00,0.0,0.041
18,2022-03-23 15:30:00,0.0,0.0375
18,2022-03-23 15:35:00,0.0,0.025
18,2022-03-23 15:40:00,0.0,0.0149
18,2022-03-23 15:45:00,0.0,0.011
18,2022-03-23 15:50:00,0.0,0.0449
18,2022-03-23 15:55:00,0.0,0.0245
18,2022-03-23 16:00:00,0.0,0.006
18,2022-03-23 16:05:00,0.0,0.0265
18,2022-03-23 16:10:00,0.0,0.009
18,2022-03-23 16:15:00,0.0,0.0015
18,2022-03-23 16:20:00,0.001,-0.0066
18,2022-03-23 16:25:00,0.0,-0.0076
18,2022-03-23 16:30:00,0.0,-0.0006
18,2022-03-23 16:35:00,0.0,0.0063
18,2022-03-23 16:40:00,0.0,0.0054
18,2022-03-23 16:45:00,0.0,0.0009
18,2022-03-23 16:50:00,0.0,-0.0107
18,2022-03-23 16:55:00,0.0,0.0014
19,2022-03-31 01:40:00,0.0,0.0042
19,2022-03-31 01:45:00,0.0,0.0032
19,2022-03-31 01:50:00,0.0,0.0082
19,2022-03-31 01:55:00,0.0376,0.0092
19,2022-03-31 02:00:00,0.0,0.0162
19,2022-03-31 02:05:00,0.0,0.0122
19,2022-03-31 02:10:00,0.0,0.0131
19,2022-03-31 02:15:00,0.0,0.0111
19,2022-03-31 02:20:00,0.0,0.0201
19,2022-03-31 02:25:00,0.0,0.0221
19,2022-03-31 02:30:00,0.0,0.0281
19,2022-03-31 02:35:00,0.0,0.0171
19,2022-03-31 02:40:00,0.0,0.0191
19,2022-03-31 02:45:00,0.0,0.0171
19,2022-03-31 02:50:00,0.0,0.0221
19,2022-03-31 02:55:00,0.0,0.0201
19,2022-03-31 03:00:00,0.0,0.013
19,2022-03-31 03:05:00,0.0,0.012
19,2022-03-31 03:10:00,0.0,0.009
19,2022-03-31 03:15:00,0.0,0.009
19,2022-03-31 03:20:00,0.0,0.008
19,2022-03-31 03:25:00,0.0,0.008
19,2022-03-31 03:30:00,0.0,0.011
19,2022-03-31 03:35:00,0.0,0.011
19,2022-03-31 03:40:00,0.0,0.003
19,2022-03-31 03:45:00,0.0,0.011
19,2022-03-31 03:50:00,0.0,0.0049
19,2022-03-31 03:55:00,0.0,0.0019
19,2022-03-31 04:00:00,0.0,0.0019
19,2022-03-31 04:05:00,0.0,-0.0021
19,2022-03-31 04:10:00,0.0,0.0009
19,2022-03-31 04:15:00,0.0,0.0049
19,2022-03-31 04:20:00,0.0,0.0039
19,2022-03-31 04:25:00,0.0,-0.0011
19,2022-03-31 04:30:00,0.0,0.0096
19,2022-03-31 04:35:00,0.0,-0.0011
19,2022-03-31 04:40:00,0.0,0.0038
19,2022-03-31 04:45:00,0.0,0.0048
19,2022-03-31 04:50:00,0.0,-0.0012
19,2022-03-31 04:55:00,0.0,0.0148
20,2022-03-31 21:15:00,0.0,-0.0511
20,2022-03-31 21:20:00,0.0,-0.0371
20,2022-03-31 21:25:00,0.0,-0.0212
20,2022-03-31 21:30:00,0.0376,-0.0282
20,2022-03-31 21:35:00,0.0,-0.0242
20,2022-03-31 21:40:00,0.0,-0.0422
20,2022-03-31 21:45:00,0.0,-0.0362
20,2022-03-31 21:50:00,0.0,-0.0332
20,2022-03-31 21:55:00,0.0,-0.0272
20,2022-03-31 22:00:00,0.0,-0.0332
20,2022-03-31 22:05:00,0.0,-0.0312
20,2022-03-31 22:10:00,0.0,-0.0282
20,2022-03-31 22:15:00,0.0,-0.0303
20,2022-03-31 22:20:00,0.0,-0.0373
20,2022-03-31 22:25:00,0.0,-0.0363
20,2022-03-31 22:30:00,0.0,-0.0403
20,2022-03-31 22:35:00,0.0,-0.0413
20,2022-03-31 22:40:00,0.0,-0.0393
20,2022-03-31 22:45:00,0.0,-0.0303
20,2022-03-31 22:50:00,0.0,-0.0373
20,2022-03-31 22:55:00,0.0,-0.0303
20,2022-03-31 23:00:00,0.0,-0.0333
20,2022-03-31 23:05:00,0.0,-0.0214
20,2022-03-31 23:10:00,0.0,-0.0264
20,2022-03-31 23:15:00,0.0,-0.0224
20,2022-03-31 23:20:00,0.0,-0.0194
20,2022-03-31 23:25:00,0.0,-0.0274
20,2022-03-31 23:30:00,0.0,-0.0284
20,2022-03-31 23:35:00,0.0,-0.0294
20,2022-03-31 23:40:00,0.0,-0.0094
20,2022-03-31 23:45:00,0.0,-0.0141
20,2022-03-31 23:50:00,0.0,-0.0104
20,2022-03-31 23:55:00,0.0,-0.0235
20,2022-04-01 00:00:00,0.0,-0.0195
20,2022-04-01 00:05:00,0.0,-0.0035
20,2022-04-01 00:10:00,0.0,-0.0045
20,2022-04-01 00:15:00,0.0,-0.0045
20,2022-04-01 00:20:00,0.0,-0.0095
20,2022-04-01 00:25:00,0.0,-0.0055
20,2022-04-01 00:30:00,0.0,-0.0015
21,2022-04-01 08:15:00,0.0,-0.0076
21,2022-04-01 08:20:00,0.0,-0.0145
21,2022-04-01 08:25:00,0.0,-0.0065
21,2022-04-01 08:30:00,0.0382,-0.0085
21,2022-04-01 08:35:00,0.0,0.0145
21,2022-04-01 08:40:00,0.0,0.0135
21,2022-04-01 08:45:00,0.0,0.0205
21,2022-04-01 08:50:00,0.0,0.0485
21,2022-04-01 08:55:00,0.0,0.0375
21,2022-04-01 09:00:00,0.0,0.0655
21,2022-04-01 09:05:00,0.0,0.0224
21,2022-04-01 09:10:00,0.0,0.0234
21,2022-04-01 09:15:00,0.0,0.0114
21,2022-04-01 09:20:00,0.0,0.0034
21,2022-04-01 09:25:00,0.0,0.0044
21,2022-04-01 09:30:00,0.0,-0.0046
21,2022-04-01 09:35:00,0.0,-0.0046
21,2022-04-01 09:40:00,0.0,-0.0136
21,2022-04-01 09:45:00,0.0,0.0004
21,2022-04-01 09:50:00,0.0,-0.0136
21,2022-04-01 09:55:00,0.0,-0.0017
21,2022-04-01 10:00:00,0.0,0.0063
21,2022-04-01 10:05:00,0.0,-0.0057
21,2022-04-01 10:10:00,0.0,-0.0087
21,2022-04-01 10:15:00,0.0,-0.0057
21,2022-04-01 10:20:00,0.0,0.0073
21,2022-04-01 10:25:00,0.0,-0.0117
21,2022-04-01 10:30:00,0.0,-0.0087
21,2022-04-01 10:35:00,0.0,-0.0077
21,2022-04-01 10:40:00,0.0,-0.0347
21,2022-04-01 10:45:00,0.0,-0.0174
21,2022-04-01 10:50:00,0.0,-0.0098
21,2022-04-01 10:55:00,0.0,-0.0068
21,2022-04-01 11:00:00,0.0,-0.0078
21,2022-04-01 11:05:00,0.0,-0.0178
21,2022-04-01 11:10:00,0.0,-0.004
21,2022-04-01 11:15:00,0.0,-0.0069
21,2022-04-01 11:20:00,0.0,-0.0018
21,2022-04-01 11:25:00,0.0,-0.0108
21,2022-04-01 11:30:00,0.0,-0.0238
22,2022-04-05 10:10:00,0.001,0.0068
22,2022-04-05 10:15:00,0.003,0.0023
22,2022-04-05 10:20:00,0.004,-0.0023
22,2022-04-05 10:25:00,0.003,0.0093
22,2022-04-05 10:30:00,0.003,-0.0057
22,2022-04-05 10:35:00,0.003,0.0138
22,2022-04-05 10:40:00,0.003,0.0123
22,2022-04-05 10:45:00,0.003,0.0212
22,2022-04-05 10:50:00,0.004,-0.0008
22,2022-04-05 10:55:00,0.005,0.0032
22,2022-04-05 11:00:00,0.006,-0.0128
22,2022-04-05 11:05:00,0.008,0.0027
22,2022-04-05 11:10:00,0.009,0.0293
22,2022-04-05 11:15:00,0.011,0.0147
22,2022-04-05 11:20:00,0.011,0.0322
22,2022-04-05 11:25:00,0.012,0.0362
22,2022-04-05 11:30:00,0.015,0.0615
22,2022-04-05 11:35:00,0.014,0.0407
22,2022-04-05 11:40:00,0.005,0.0739
22,2022-04-05 11:45:00,0.001,0.0906
22,2022-04-05 11:50:00,0.0,0.0931
22,2022-04-05 11:55:00,0.0,0.1078
22,2022-04-05 12:00:00,0.0,0.1371
22,2022-04-05 12:05:00,0.001,0.1182
22,2022-04-05 12:10:00,0.002,0.1175
22,2022-04-05 12:15:00,0.002,0.1083
22,2022-04-05 12:20:00,0.002,0.0306
22,2022-04-05 12:25:00,0.003,0.071
22,2022-04-05 12:30:00,0.001,0.0686
22,2022-04-05 12:35:00,0.0,0.0675
22,2022-04-05 12:40:00,0.0,0.063
22,2022-04-05 12:45:00,0.0,0.0695
22,2022-04-05 12:50:00,0.0,0.059
22,2022-04-05 12:55:00,0.001,0.0776
22,2022-04-05 13:00:00,0.004,0.0829
22,2022-04-05 13:05:00,0.004,0.0765
22,2022-04-05 13:10:00,0.004,0.079
22,2022-04-05 13:15:00,0.003,0.0794
22,2022-04-05 13:20:00,0.002,0.0614
22,2022-04-05 13:25:00,0.001,0.0592
22,2022-04-05 13:30:00,0.001,0.0279
22,2022-04-05 13:35:00,0.001,0.0494
22,2022-04-05 13:40:00,0.001,0.0524
22,2022-04-05 13:45:00,0.0,0.0669
22,2022-04-05 13:50:00,0.0,0.0844
22,2022-04-05 13:55:00,0.0,0.0939
22,2022-04-05 14:00:00,0.0,0.0894
22,2022-04-05 14:05:00,0.0,0.0773
22,2022-04-05 14:10:00,0.0,0.0832
22,2022-04-05 14:15:00,0.0,0.0803
22,2022-04-05 14:20:00,0.0,0.0538
22,2022-04-05 14:25:00,0.001,0.0657
22,2022-04-05 14:30:00,0.002,0.0593
22,2022-04-05 14:35:00,0.002,0.0559
22,2022-04-05 14:40:00,0.001,0.0507
22,2022-04-05 14:45:00,0.002,0.0628
22,2022-04-05 14:50:00,0.003,0.0658
22,2022-04-05 14:55:00,0.004,0.0637
22,2022-04-05 15:00:00,0.003,0.0832
22,2022-04-05 15:05:00,0.003,0.0802
22,2022-04-05 15:10:00,0.004,0.0752
22,2022-04-05 15:15:00,0.006,0.0493
22,2022-04-05 15:20:00,0.007,0.0342
22,2022-04-05 15:25:00,0.007,0.0462
22,2022-04-05 15:30:00,0.007,0.0447
22,2022-04-05 15:35:00,0.007,0.0442
22,2022-04-05 15:40:00,0.006,0.0557
22,2022-04-05 15:45:00,0.004,0.0761
22,2022-04-05 15:50:00,0.004,0.0861
22,2022-04-05 15:55:00,0.003,0.0826
22,2022-04-05 16:00:00,0.003,0.1031
22,2022-04-05 16:05:00,0.002,0.0846
22,2022-04-05 16:10:00,0.002,0.0831
22,2022-04-05 16:15:00,0.001,0.1001
22,2022-04-05 16:20:00,0.001,0.1006
22,2022-04-05 16:25:00,0.0,0.1111
22,2022-04-05 16:30:00,0.0,0.1101
22,2022-04-05 16:35:00,0.0,0.1075
22,2022-04-05 16:40:00,0.0,0.1105
22,2022-04-05 16:45:00,0.0,0.1
22,2022-04-05 16:50:00,0.0,0.098
22,2022-04-05 16:55:00,0.0,0.0985
22,2022-04-05 17:00:00,0.0,0.144
22,2022-04-05 17:05:00,0.0,0.113
22,2022-04-05 17:10:00,0.0,0.1225
22,2022-04-05 17:15:00,0.0,0.0905
22,2022-04-05 17:20:00,0.0,0.0984
22,2022-04-05 17:25:00,0.0,0.1122
22,2022-04-05 17:30:00,0.0,0.1159
22,2022-04-05 17:35:00,0.0,0.1179
22,2022-04-05 17:40:00,0.0,0.093
22,2022-04-05 17:45:00,0.0,0.1139
22,2022-04-05 17:50:00,0.0,0.1069
22,2022-04-05 17:55:00,0.0,0.0889
22,2022-04-05 18:00:00,0.0,0.0439
22,2022-04-05 18:05:00,0.0,0.0394
22,2022-04-05 18:10:00,0.0,0.0494
22,2022-04-05 18:15:00,0.0,0.0523
22,2022-04-05 18:20:00,0.0,0.0878
22,2022-04-05 18:25:00,0.0,0.0933
22,2022-04-05 18:30:00,0.0,0.0423
22,2022-04-05 18:35:00,0.0,0.0668
22,2022-04-05 18:40:00,0.0,0.0413
22,2022-04-05 18:45:00,0.0,0.0538
22,2022-04-05 18:50:00,0.0,0.0618
22,2022-04-05 18:55:00,0.0,0.0403
23,2022-04-06 09:30:00,0.003,-0.014
23,2022-04-06 09:35:00,0.004,0.007
23,2022-04-06 09:40:00,0.004,0.0099
23,2022-04-06 09:45:00,0.008,-0.0001
23,2022-04-06 09:50:00,0.012,-0.005
23,2022-04-06 09:55:00,0.008,-0.01
23,2022-04-06 10:00:00,0.005,-0.0036
23,2022-04-06 10:05:00,0.004,0.0014
23,2022-04-06 10:10:00,0.005,-0.0061
23,2022-04-06 10:15:00,0.009,-0.0021
23,2022-04-06 10:20:00,0.011,0.0114
23,2022-04-06 10:25:00,0.007,0.0199
23,2022-04-06 10:30:00,0.003,0.0549
23,2022-04-06 10:35:00,0.002,0.0454
23,2022-04-06 10:40:00,0.0,0.0699
23,2022-04-06 10:45:00,0.0,0.0454
23,2022-04-06 10:50:00,0.0,0.0659
23,2022-04-06 10:55:00,0.0,0.0843
23,2022-04-06 11:00:00,0.0,0.0768
23,2022-04-06 11:05:00,0.0,0.0838
23,2022-04-06 11:10:00,0.0,0.0703
23,2022-04-06 11:15:00,0.0,0.0673
23,2022-04-06 11:20:00,0.0,0.0523
23,2022-04-06 11:25:00,0.0,0.0913
23,2022-04-06 11:30:00,0.0,0.0638
23,2022-04-06 11:35:00,0.0,0.0593
23,2022-04-06 11:40:00,0.0,0.0453
23,2022-04-06 11:45:00,0.0,0.0672
23,2022-04-06 11:50:00,0.0,0.0642
23,2022-04-06 11:55:00,0.0,0.0662
23,2022-04-06 12:00:00,0.0,0.0657
23,2022-04-06 12:05:00,0.0,0.0592
23,2022-04-06 12:10:00,0.0,0.0207
23,2022-04-06 12:15:00,0.0,0.0137
23,2022-04-06 12:20:00,0.039,-0.0003
23,2022-04-06 12:25:00,0.001,-0.0029
23,2022-04-06 12:30:00,0.0,0.0157
23,2022-04-06 12:35:00,0.0,0.0121
23,2022-04-06 12:40:00,0.0,0.0311
23,2022-04-06 12:45:00,0.039,0.0621
23,2022-04-06 12:50:00,0.0,0.0871
23,2022-04-06 12:55:00,0.001,0.1191
23,2022-04-06 13:00:00,0.039,0.1601
23,2022-04-06 13:05:00,0.0,0.2146
23,2022-04-06 13:10:00,0.0,0.1871
23,2022-04-06 13:15:00,0.0,0.269
23,2022-04-06 13:20:00,0.0,0.2241
23,2022-04-06 13:25:00,0.0,0.2095
23,2022-04-06 13:30:00,0.0,0.188
23,2022-04-06 13:35:00,0.0,0.1985
23,2022-04-06 13:40:00,0.039,0.1725
23,2022-04-06 13:45:00,0.0,0.17
23,2022-04-06 13:50:00,0.0,0.1509
23,2022-04-06 13:55:00,0.0,0.15
23,2022-04-06 14:00:00,0.0,0.172
23,2022-04-06 14:05:00,0.001,0.168
23,2022-04-06 14:10:00,0.0,0.1429
23,2022-04-06 14:15:00,0.0,0.1319
23,2022-04-06 14:20:00,0.001,0.1529
23,2022-04-06 14:25:00,0.004,0.1744
23,2022-04-06 14:30:00,0.006,0.1613
23,2022-04-06 14:35:00,0.005,0.1474
23,2022-04-06 14:40:00,0.006,0.1333
23,2022-04-06 14:45:00,0.004,0.1649
23,2022-04-06 14:50:00,0.003,0.2219
23,2022-04-06 14:55:00,0.001,0.2039
23,2022-04-06 15:00:00,0.0,0.2369
23,2022-04-06 15:05:00,0.002,0.2113
23,2022-04-06 15:10:00,0.002,0.1963
23,2022-04-06 15:15:00,0.0,0.1813
23,2022-04-06 15:20:00,0.0,0.1938
23,2022-04-06 15:25:00,0.0,0.1733
23,2022-04-06 15:30:00,0.0,0.1678
23,2022-04-06 15:35:00,0.0,0.1833
23,2022-04-06 15:40:00,0.0,0.1572
23,2022-04-06 15:45:00,0.0,0.1603
23,2022-04-06 15:50:00,0.0,0.1742
23,2022-04-06 15:55:00,0.0,0.1347
23,2022-04-06 16:00:00,0.0,0.1262
23,2022-04-06 16:05:00,0.0,0.1387
23,2022-04-06 16:10:00,0.0,0.1162
23,2022-04-06 16:15:00,0.0,0.1397
23,2022-04-06 16:20:00,0.0,0.1257
23,2022-04-06 16:25:00,0.0,0.1156
23,2022-04-06 16:30:00,0.0,0.1207
23,2022-04-06 16:35:00,0.0,0.1096
23,2022-04-06 16:40:00,0.0,0.1227
23,2022-04-06 16:45:00,0.0,0.1201
23,2022-04-06 16:50:00,0.0,0.1196
23,2022-04-06 16:55:00,0.0,0.1366
23,2022-04-06 17:00:00,0.0,0.1376
23,2022-04-06 17:05:00,0.0,0.1151
23,2022-04-06 17:10:00,0.0,0.1056
23,2022-04-06 17:15:00,0.0,0.1025
23,2022-04-06 17:20:00,0.0,0.1226
23,2022-04-06 17:25:00,0.0,0.1236
23,2022-04-06 17:30:00,0.0,0.1136
23,2022-04-06 17:35:00,0.0,0.099
23,2022-04-06 17:40:00,0.0,0.1055
23,2022-04-06 17:45:00,0.0,0.1005
23,2022-04-06 17:50:00,0.0,0.0765
23,2022-04-06 17:55:00,0.0,0.1125
23,2022-04-06 18:00:00,0.0,0.1125
23,2022-04-06 18:05:00,0.0,0.076
23,2022-04-06 18:10:00,0.0,0.074
23,2022-04-06 18:15:00,0.0,0.077
23,2022-04-06 18:20:00,0.0,0.094
23,2022-04-06 18:25:00,0.0,0.0815
23,2022-04-06 18:30:00,0.0,0.069
23,2022-04-06 18:35:00,0.0,0.064
23,2022-04-06 18:40:00,0.0,0.0541
23,2022-04-06 18:45:00,0.0,0.0521
23,2022-04-06 18:50:00,0.0,0.0491
23,2022-04-06 18:55:00,0.0,0.0591
23,2022-04-06 19:00:00,0.0,0.0221
23,2022-04-06 19:05:00,0.0,0.0181
23,2022-04-06 19:10:00,0.0,0.0471
23,2022-04-06 19:15:00,0.0,0.0401
23,2022-04-06 19:20:00,0.0,0.0221
23,2022-04-06 19:25:00,0.0,0.0111
23,2022-04-06 19:30:00,0.0,0.0291
23,2022-04-06 19:35:00,0.0,0.0491
23,2022-04-06 19:40:00,0.0,0.0301
23,2022-04-06 19:45:00,0.0,0.0401
23,2022-04-06 19:50:00,0.0,0.0132
23,2022-04-06 19:55:00,0.0,0.0232
23,2022-04-06 20:00:00,0.0,0.0182
23,2022-04-06 20:05:00,0.0,0.0002
23,2022-04-06 20:10:00,0.0,0.0042
23,2022-04-06 20:15:00,0.0,0.0122
23,2022-04-06 20:20:00,0.0,0.0152
23,2022-04-06 20:25:00,0.0,0.0222
23,2022-04-06 20:30:00,0.0,0.0222
23,2022-04-06 20:35:00,0.0,0.0102
23,2022-04-06 20:40:00,0.0,0.0082
23,2022-04-06 20:45:00,0.0,0.0142
23,2022-04-06 20:50:00,0.0,0.0022
23,2022-04-06 20:55:00,0.0,0.0042
23,2022-04-06 21:00:00,0.0,0.0032
24,2022-04-08 14:10:00,0.0,-0.0115
24,2022-04-08 14:15:00,0.0,-0.0165
24,2022-04-08 14:20:00,0.0,-0.0095
24,2022-04-08 14:25:00,0.0382,-0.0144
24,2022-04-08 14:30:00,0.0,-0.0224
24,2022-04-08 14:35:00,0.0,-0.0214
24,2022-04-08 14:40:00,0.0,-0.0144
24,2022-04-08 14:45:00,0.0,-0.0064
24,2022-04-08 14:50:00,0.0,0.0036
24,2022-04-08 14:55:00,0.0,0.0006
24,2022-04-08 15:00:00,0.0,0.0146
24,2022-04-08 15:05:00,0.0,0.0096
24,2022-04-08 15:10:00,0.0,0.0124
24,2022-04-08 15:15:00,0.0,0.0017
24,2022-04-08 15:20:00,0.0,-0.0163
24,2022-04-08 15:25:00,0.0,-0.0003
24,2022-04-08 15:30:00,0.0,-0.0013
24,2022-04-08 15:35:00,0.0,0.0027
24,2022-04-08 15:40:00,0.0,-0.0083
24,2022-04-08 15:45:00,0.0,-0.0083
24,2022-04-08 15:50:00,0.0,-0.0183
24,2022-04-08 15:55:00,0.0,-0.0073
24,2022-04-08 16:00:00,0.0,-0.0293
24,2022-04-08 16:05:00,0.0,-0.0062
24,2022-04-08 16:10:00,0.0,-0.0122
24,2022-04-08 16:15:00,0.0,-0.0132
24,2022-04-08 16:20:00,0.0,-0.0133
24,2022-04-08 16:25:00,0.0,-0.0062
24,2022-04-08 16:30:00,0.0,-0.0212
24,2022-04-08 16:35:00,0.0,0.0048
24,2022-04-08 16:40:00,0.0,-0.0062
24,2022-04-08 16:45:00,0.0,0.0018
24,2022-04-08 16:50:00,0.0,0.0029
24,2022-04-08 16:55:00,0.0,0.0059
24,2022-04-08 17:00:00,0.0,-0.0011
24,2022-04-08 17:05:00,0.0,-0.0081
24,2022-04-08 17:10:00,0.0,-0.0031
24,2022-04-08 17:15:00,0.0,-0.0091
24,2022-04-08 17:20:00,0.0,-0.0031
24,2022-04-08 17:25:00,0.0,-0.0131
25,2022-04-11 09:05:00,0.0,-0.0114
25,2022-04-11 09:10:00,0.0,-0.0034
25,2022-04-11 09:15:00,0.0,-0.0105
25,2022-04-11 09:20:00,0.1526,-0.004
25,2022-04-11 09:25:00,0.0,-0.018
25,2022-04-11 09:30:00,0.0,-0.0032
25,2022-04-11 09:35:00,0.0,-0.0071
25,2022-04-11 09:40:00,0.0,-0.0186
25,2022-04-11 09:45:00,0.0,-0.0156
25,2022-04-11 09:50:00,0.0,-0.0091
25,2022-04-11 09:55:00,0.0,-0.0306
25,2022-04-11 10:00:00,0.0,-0.0037
25,2022-04-11 10:05:00,0.0,-0.0022
25,2022-04-11 10:10:00,0.0,-0.0053
25,2022-04-11 10:15:00,0.0,-0.0132
25,2022-04-11 10:20:00,0.0,-0.0133
25,2022-04-11 10:25:00,0.0382,-0.0078
25,2022-04-11 10:30:00,0.0,-0.0053
25,2022-04-11 10:35:00,0.0,-0.0038
25,2022-04-11 10:40:00,0.0,0.0217
25,2022-04-11 10:45:00,0.0,-0.0004
25,2022-04-11 10:50:00,0.0,0.0101
25,2022-04-11 10:55:00,0.0,-0.0124
25,2022-04-11 11:00:00,0.0,0.0141
25,2022-04-11 11:05:00,0.0,0.0215
25,2022-04-11 11:10:00,0.0,0.0075
25,2022-04-11 11:15:00,0.0,-0.004
25,2022-04-11 11:20:00,0.0,-0.0015
25,2022-04-11 11:25:00,0.0,-0.0055
25,2022-04-11 11:30:00,0.0,-0.0071
25,2022-04-11 11:35:00,0.0,0.0079
25,2022-04-11 11:40:00,0.0,0.0129
25,2022-04-11 11:45:00,0.0,0.0164
25,2022-04-11 11:50:00,0.039,0.0298
25,2022-04-11 11:55:00,0.0,0.033
25,2022-04-11 12:00:00,0.0,0.0368
25,2022-04-11 12:05:00,0.0,0.0383
25,2022-04-11 12:10:00,0.0,0.0268
25,2022-04-11 12:15:00,0.0,0.0397
25,2022-04-11 12:20:00,0.0,0.0267
25,2022-04-11 12:25:00,0.0,0.0852
25,2022-04-11 12:30:00,0.0,0.0732
25,2022-04-11 12:35:00,0.0,0.0941
25,2022-04-11 12:40:00,0.0,0.1172
25,2022-04-11 12:45:00,0.0,0.1086
25,2022-04-11 12:50:00,0.0,0.0626
25,2022-04-11 12:55:00,0.0,0.0776
25,2022-04-11 13:00:00,0.0,0.067
25,2022-04-11 13:05:00,0.0,0.0515
25,2022-04-11 13:10:00,0.0,0.0305
25,2022-04-11 13:15:00,0.0,0.039
25,2022-04-11 13:20:00,0.0,0.0384
25,2022-04-11 13:25:00,0.0,0.0489
25,2022-04-11 13:30:00,0.0,0.0299
25,2022-04-11 13:35:00,0.0,0.0539
25,2022-04-11 13:40:00,0.0,0.0684
25,2022-04-11 13:45:00,0.0,0.0478
25,2022-04-11 13:50:00,0.0,0.0503
25,2022-04-11 13:55:00,0.0,0.0508
25,2022-04-11 14:00:00,0.0,0.0531
25,2022-04-11 14:05:00,0.0,0.0387
25,2022-04-11 14:10:00,0.0,0.0312
25,2022-04-11 14:15:00,0.0,0.0242
25,2022-04-11 14:20:00,0.0,0.0227
25,2022-04-11 14:25:00,0.0,0.0442
25,2022-04-11 14:30:00,0.0,0.0431
25,2022-04-11 14:35:00,0.0,0.0461
25,2022-04-11 14:40:00,0.0,0.0411
25,2022-04-11 14:45:00,0.0,0.0466
25,2022-04-11 14:50:00,0.0,0.0205
25,2022-04-11 14:55:00,0.0,0.0365
25,2022-04-11 15:00:00,0.0382,0.024
25,2022-04-11 15:05:00,0.0,0.027
25,2022-04-11 15:10:00,0.0,0.031
25,2022-04-11 15:15:00,0.0,0.0239
25,2022-04-11 15:20:00,0.0,0.0229
25,2022-04-11 15:25:00,0.0,0.0354
25,2022-04-11 15:30:00,0.0,0.0244
25,2022-04-11 15:35:00,0.0,0.0198
25,2022-04-11 15:40:00,0.0,0.0243
25,2022-04-11 15:45:00,0.0,0.0053
25,2022-04-11 15:50:00,0.0,0.0268
25,2022-04-11 15:55:00,0.0,0.0218
25,2022-04-11 16:00:00,0.0,0.0257
25,2022-04-11 16:05:00,0.0,0.0232
25,2022-04-11 16:10:00,0.0,0.0277
25,2022-04-11 16:15:00,0.0,0.0237
25,2022-04-11 16:20:00,0.0,0.0306
25,2022-04-11 16:25:00,0.0,0.0431
25,2022-04-11 16:30:00,0.0,0.0316
25,2022-04-11 16:35:00,0.0,0.0386
25,2022-04-11 16:40:00,0.0,0.0306
25,2022-04-11 16:45:00,0.0,0.029
25,2022-04-11 16:50:00,0.0,0.0285
25,2022-04-11 16:55:00,0.0,0.052
25,2022-04-11 17:00:00,0.0,0.04
25,2022-04-11 17:05:00,0.0,0.0264
25,2022-04-11 17:10:00,0.0,0.0469
25,2022-04-11 17:15:00,0.0,0.0539
25,2022-04-11 17:20:00,0.0,0.0389
25,2022-04-11 17:25:00,0.0,0.0419
25,2022-04-11 17:30:00,0.0,0.0373
25,2022-04-11 17:35:00,0.0,0.0453
25,2022-04-11 17:40:00,0.0,0.0408
25,2022-04-11 17:45:00,0.0,0.0213
25,2022-04-11 17:50:00,0.0,0.0167
25,2022-04-11 17:55:00,0.0,0.0327
25,2022-04-11 18:00:00,0.0,0.0307
25,2022-04-11 18:05:00,0.0,0.0222
26,2022-04-11 21:10:00,0.0,-0.0221
26,2022-04-11 21:15:00,0.0,-0.0122
26,2022-04-11 21:20:00,0.0,-0.0207
26,2022-04-11 21:25:00,0.0382,-0.0012
26,2022-04-11 21:30:00,0.0,-0.0127
26,2022-04-11 21:35:00,0.0,-0.0198
26,2022-04-11 21:40:00,0.0,-0.0048
26,2022-04-11 21:45:00,0.0382,0.0482
26,2022-04-11 21:50:00,0.0,0.0722
26,2022-04-11 21:55:00,0.0,0.1347
26,2022-04-11 22:00:00,0.0,0.1226
26,2022-04-11 22:05:00,0.0,0.1301
26,2022-04-11 22:10:00,0.0,0.1246
26,2022-04-11 22:15:00,0.0,0.1282
26,2022-04-11 22:20:00,0.0,0.143
26,2022-04-11 22:25:00,0.0,0.11
26,2022-04-11 22:30:00,0.0,0.1318
26,2022-04-11 22:35:00,0.0,0.1173
26,2022-04-11 22:40:00,0.0,0.1065
26,2022-04-11 22:45:00,0.0,0.0874
26,2022-04-11 22:50:00,0.0,0.0869
26,2022-04-11 22:55:00,0.0,0.0959
26,2022-04-11 23:00:00,0.0,0.0689
26,2022-04-11 23:05:00,0.0,0.0913
26,2022-04-11 23:10:00,0.0,0.0728
26,2022-04-11 23:15:00,0.0,0.0843
26,2022-04-11 23:20:00,0.0,0.0888
26,2022-04-11 23:25:00,0.0,0.0773
26,2022-04-11 23:30:00,0.0,0.0867
26,2022-04-11 23:35:00,0.0,0.0872
26,2022-04-11 23:40:00,0.0,0.0822
26,2022-04-11 23:45:00,0.0,0.0972
26,2022-04-11 23:50:00,0.0,0.0941
26,2022-04-11 23:55:00,0.0,0.0721
26,2022-04-12 00:00:00,0.0,0.0656
26,2022-04-12 00:05:00,0.0,0.0711
26,2022-04-12 00:10:00,0.0,0.0701
26,2022-04-12 00:15:00,0.0,0.058
26,2022-04-12 00:20:00,0.0,0.0705
26,2022-04-12 00:25:00,0.0,0.0615
26,2022-04-12 00:30:00,0.0,0.052
26,2022-04-12 00:35:00,0.0,0.0504
26,2022-04-12 00:40:00,0.0,0.0409
26,2022-04-12 00:45:00,0.0,0.0514
26,2022-04-12 00:50:00,0.0,0.0499
27,2022-04-13 07:45:00,0.001,-0.0074
27,2022-04-13 07:50:00,0.001,-0.0169
27,2022-04-13 07:55:00,0.001,-0.0009
27,2022-04-13 08:00:00,0.002,-0.0139
27,2022-04-13 08:05:00,0.003,-0.016
27,2022-04-13 08:10:00,0.003,-0.0135
27,2022-04-13 08:15:00,0.003,-0.02
27,2022-04-13 08:20:00,0.003,-0.031
27,2022-04-13 08:25:00,0.004,-0.0245
27,2022-04-13 08:30:00,0.005,-0.0146
27,2022-04-13 08:35:00,0.004,-0.0156
27,2022-04-13 08:40:00,0.003,-0.0141
27,2022-04-13 08:45:00,0.003,-0.0111
27,2022-04-13 08:50:00,0.002,-0.0062
27,2022-04-13 08:55:00,0.001,0.0193
27,2022-04-13 09:00:00,0.001,0.0203
27,2022-04-13 09:05:00,0.007,0.0198
27,2022-04-13 09:10:00,0.008,0.0253
27,2022-04-13 09:15:00,0.003,0.0517
27,2022-04-13 09:20:00,0.004,0.0316
27,2022-04-13 09:25:00,0.007,0.0597
27,2022-04-13 09:30:00,0.004,0.0907
27,2022-04-13 09:35:00,0.003,0.1066
27,2022-04-13 09:40:00,0.002,0.1255
27,2022-04-13 09:45:00,0.0,0.1375
27,2022-04-13 09:50:00,0.0,0.1506
27,2022-04-13 09:55:00,0.0,0.1216
27,2022-04-13 10:00:00,0.0,0.142
27,2022-04-13 10:05:00,0.0,0.124
27,2022-04-13 10:10:00,0.0,0.1074
27,2022-04-13 10:15:00,0.0,0.0964
27,2022-04-13 10:20:00,0.001,0.0919
27,2022-04-13 10:25:00,0.001,0.0764
27,2022-04-13 10:30:00,0.002,0.0854
27,2022-04-13 10:35:00,0.006,0.0769
27,2022-04-13 10:40:00,0.008,0.0794
27,2022-04-13 10:45:00,0.008,0.0708
27,2022-04-13 10:50:00,0.004,0.0753
27,2022-04-13 10:55:00,0.001,0.0628
27,2022-04-13 11:00:00,0.0,0.0992
27,2022-04-13 11:05:00,0.0,0.1282
27,2022-04-13 11:10:00,0.0,0.1477
27,2022-04-13 11:15:00,0.0,0.1677
27,2022-04-13 11:20:00,0.0,0.1347
27,2022-04-13 11:25:00,0.0,0.1337
27,2022-04-13 11:30:00,0.0,0.1221
27,2022-04-13 11:35:00,0.0,0.1276
27,2022-04-13 11:40:00,0.0,0.1076
27,2022-04-13 11:45:00,0.0,0.1186
27,2022-04-13 11:50:00,0.0,0.1155
27,2022-04-13 11:55:00,0.0,0.0955
27,2022-04-13 12:00:00,0.0,0.105
27,2022-04-13 12:05:00,0.0,0.1065
27,2022-04-13 12:10:00,0.0,0.105
27,2022-04-13 12:15:00,0.0,0.0889
27,2022-04-13 12:20:00,0.0,0.1079
27,2022-04-13 12:25:00,0.0,0.1063
27,2022-04-13 12:30:00,0.0,0.1109
27,2022-04-13 12:35:00,0.0,0.0833
27,2022-04-13 12:40:00,0.0,0.0663
27,2022-04-13 12:45:00,0.0,0.0563
27,2022-04-13 12:50:00,0.0,0.0613
27,2022-04-13 12:55:00,0.0,0.0593
27,2022-04-13 13:00:00,0.0,0.0352
27,2022-04-13 13:05:00,0.0,0.0297
27,2022-04-13 13:10:00,0.0,0.0172
27,2022-04-13 13:15:00,0.0,0.0151
27,2022-04-13 13:20:00,0.0,0.0301
27,2022-04-13 13:25:00,0.0,0.0416
27,2022-04-13 13:30:00,0.0,0.0111
27,2022-04-13 13:35:00,0.0,0.0376
27,2022-04-13 13:40:00,0.0,0.0296
27,2022-04-13 13:45:00,0.0,0.028
27,2022-04-13 13:50:00,0.0,0.0439
27,2022-04-13 13:55:00,0.0,0.037
27,2022-04-13 14:00:00,0.0,0.044
27,2022-04-13 14:05:00,0.0,0.0299
27,2022-04-13 14:10:00,0.0,0.0398
27,2022-04-13 14:15:00,0.0,0.0289
27,2022-04-13 14:20:00,0.0,0.0329
27,2022-04-13 14:25:00,0.0,0.0414
27,2022-04-13 14:30:00,0.001,0.0413
27,2022-04-13 14:35:00,0.001,0.0433
27,2022-04-13 14:40:00,0.001,0.0392
27,2022-04-13 14:45:00,0.002,0.0178
27,2022-04-13 14:50:00,0.003,0.0317
27,2022-04-13 14:55:00,0.001,0.0337
27,2022-04-13 15:00:00,0.001,0.0317
27,2022-04-13 15:05:00,0.002,0.0192
27,2022-04-13 15:10:00,0.002,0.0151
27,2022-04-13 15:15:00,0.0,0.0131
27,2022-04-13 15:20:00,0.0,0.0066
27,2022-04-13 15:25:00,0.0,0.0191
27,2022-04-13 15:30:00,0.0,0.0296
27,2022-04-13 15:35:00,0.0,0.025
27,2022-04-13 15:40:00,0.0,0.0449
27,2022-04-13 15:45:00,0.0,0.042
27,2022-04-13 15:50:00,0.0,0.0469
27,2022-04-13 15:55:00,0.0,0.0625
27,2022-04-13 16:00:00,0.0,0.0359
27,2022-04-13 16:05:00,0.0,0.0494
27,2022-04-13 16:10:00,0.0,0.0909
27,2022-04-13 16:15:00,0.0,0.0754
27,2022-04-13 16:20:00,0.0,0.0483
27,2022-04-13 16:25:00,0.0,0.0382
27,2022-04-13 16:30:00,0.0,0.0433
27,2022-04-13 16:35:00,0.0,0.0382
27,2022-04-13 16:40:00,0.0,0.0453
27,2022-04-13 16:45:00,0.0,0.0527
27,2022-04-13 16:50:00,0.0,0.0521
27,2022-04-13 16:55:00,0.0,0.0602
27,2022-04-13 17:00:00,0.0,0.0422
27,2022-04-13 17:05:00,0.0,0.0506
27,2022-04-13 17:10:00,0.0,0.0631
27,2022-04-13 17:15:00,0.0,0.058
27,2022-04-13 17:20:00,0.0,0.0671
27,2022-04-13 17:25:00,0.0,0.0691
27,2022-04-13 17:30:00,0.0,0.065
27,2022-04-13 17:35:00,0.0,0.0645
27,2022-04-13 17:40:00,0.0,0.038
27,2022-04-13 17:45:00,0.0,0.041
27,2022-04-13 17:50:00,0.0,0.0259
27,2022-04-13 17:55:00,0.0,0.0359
27,2022-04-13 18:00:00,0.0,0.0539
27,2022-04-13 18:05:00,0.0,0.0454
27,2022-04-13 18:10:00,0.0,0.0254
27,2022-04-13 18:15:00,0.0,0.0143
27,2022-04-13 18:20:00,0.0,0.0203
27,2022-04-13 18:25:00,0.0,0.0087
27,2022-04-13 18:30:00,0.0,0.0443
27,2022-04-13 18:35:00,0.0,0.0612
27,2022-04-13 18:40:00,0.0,0.0472
27,2022-04-13 18:45:00,0.0,0.0592
27,2022-04-13 18:50:00,0.0,0.0502
27,2022-04-13 18:55:00,0.0,0.0462
27,2022-04-13 19:00:00,0.0,0.0451
27,2022-04-13 19:05:00,0.0,0.0511
27,2022-04-13 19:10:00,0.0,0.0651
27,2022-04-13 19:15:00,0.0,0.0401
27,2022-04-13 19:20:00,0.0,0.028
27,2022-04-13 19:25:00,0.0,0.017
27,2022-04-13 19:30:00,0.0,0.024
27,2022-04-13 19:35:00,0.0,0.014
27,2022-04-13 19:40:00,0.0,0.011
27,2022-04-13 19:45:00,0.0,0.0249
27,2022-04-13 19:50:00,0.0,0.0099
27,2022-04-13 19:55:00,0.0,0.0159
27,2022-04-13 20:00:00,0.001,0.0149
27,2022-04-13 20:05:00,0.004,0.0318
27,2022-04-13 20:10:00,0.009,0.0088
27,2022-04-13 20:15:00,0.03,0.0328
27,2022-04-13 20:20:00,0.107,0.0568
27,2022-04-13 20:25:00,0.037,0.0488
27,2022-04-13 20:30:00,0.018,0.8567
27,2022-04-13 20:35:00,0.012,0.8057
27,2022-04-13 20:40:00,0.009,0.7347
27,2022-04-13 20:45:00,0.011,0.5537
27,2022-04-13 20:50:00,0.012,0.5326
27,2022-04-13 20:55:00,0.016,0.5636
27,2022-04-13 21:00:00,0.019,0.5686
27,2022-04-13 21:05:00,0.018,0.5136
27,2022-04-13 21:10:00,0.017,0.6536
27,2022-04-13 21:15:00,0.021,0.6145
27,2022-04-13 21:20:00,0.027,0.7245
27,2022-04-13 21:25:00,0.027,0.6825
27,2022-04-13 21:30:00,0.022,0.6655
27,2022-04-13 21:35:00,0.028,0.7532
27,2022-04-13 21:40:00,0.035,0.7886
27,2022-04-13 21:45:00,0.029,0.8684
27,2022-04-13 21:50:00,0.028,1.0684
27,2022-04-13 21:55:00,0.029,0.9074
27,2022-04-13 22:00:00,0.014,1.0533
27,2022-04-13 22:05:00,0.008,1.0683
27,2022-04-13 22:10:00,0.005,1.0293
27,2022-04-13 22:15:00,0.003,0.9283
27,2022-04-13 22:20:00,0.002,0.9322
27,2022-04-13 22:25:00,0.001,0.9162
27,2022-04-13 22:30:00,0.0,0.9202
27,2022-04-13 22:35:00,0.001,0.8112
27,2022-04-13 22:40:00,0.001,0.8212
27,2022-04-13 22:45:00,0.001,0.8761
27,2022-04-13 22:50:00,0.0,0.7881
27,2022-04-13 22:55:00,0.001,0.8631
27,2022-04-13 23:00:00,0.001,0.7909
27,2022-04-13 23:05:00,0.0,0.8025
27,2022-04-13 23:10:00,0.0,0.684
27,2022-04-13 23:15:00,0.0,0.721
27,2022-04-13 23:20:00,0.0,0.68
27,2022-04-13 23:25:00,0.0,0.732
27,2022-04-13 23:30:00,0.0,0.7179
27,2022-04-13 23:35:00,0.0,0.6999
27,2022-04-13 23:40:00,0.0,0.6659
27,2022-04-13 23:45:00,0.0,0.6159
27,2022-04-13 23:50:00,0.0,0.6428
27,2022-04-13 23:55:00,0.0,0.6238
27,2022-04-14 00:00:00,0.0,0.6398
27,2022-04-14 00:05:00,0.0,0.5878
27,2022-04-14 00:10:00,0.0,0.5748
27,2022-04-14 00:15:00,0.0,0.6057
27,2022-04-14 00:20:00,0.0,0.6167
27,2022-04-14 00:25:00,0.0,0.6057
27,2022-04-14 00:30:00,0.0,0.5487
27,2022-04-14 00:35:00,0.0,0.5386
27,2022-04-14 00:40:00,0.0,0.5276
27,2022-04-14 00:45:00,0.0,0.5326
27,2022-04-14 00:50:00,0.0,0.5426
27,2022-04-14 00:55:00,0.0,0.5086
27,2022-04-14 01:00:00,0.0,0.5115
27,2022-04-14 01:05:00,0.0,0.5185
27,2022-04-14 01:10:00,0.0,0.5185
27,2022-04-14 01:15:00,0.0,0.5475
27,2022-04-14 01:20:00,0.0,0.4964
27,2022-04-14 01:25:00,0.0,0.5314
27,2022-04-14 01:30:00,0.0,0.5154
27,2022-04-14 01:35:00,0.0,0.461
27,2022-04-14 01:40:00,0.0,0.5094
27,2022-04-14 01:45:00,0.0,0.5203
27,2022-04-14 01:50:00,0.0,0.4643
27,2022-04-14 01:55:00,0.0,0.5113
27,2022-04-14 02:00:00,0.0,0.4843
27,2022-04-14 02:05:00,0.001,0.4482
27,2022-04-14 02:10:00,0.03,0.4232
27,2022-04-14 02:15:00,0.063,0.4602
27,2022-04-14 02:20:00,0.015,0.4302
27,2022-04-14 02:25:00,0.0,0.9232
27,2022-04-14 02:30:00,0.0,0.7001
27,2022-04-14 02:35:00,0.0,0.6791
27,2022-04-14 02:40:00,0.0,0.5951
27,2022-04-14 02:45:00,0.0,0.6241
27,2022-04-14 02:50:00,0.0,0.643
27,2022-04-14 02:55:00,0.002,0.638
27,2022-04-14 03:00:00,0.003,0.66
27,2022-04-14 03:05:00,0.0,0.648
27,2022-04-14 03:10:00,0.0,0.627
27,2022-04-14 03:15:00,0.0,0.7279
27,2022-04-14 03:20:00,0.0,0.7389
27,2022-04-14 03:25:00,0.0,0.7169
27,2022-04-14 03:30:00,0.039,0.6509
27,2022-04-14 03:35:00,0.0,0.6888
27,2022-04-14 03:40:00,0.0,0.6928
27,2022-04-14 03:45:00,0.0,0.6968
27,2022-04-14 03:50:00,0.0,0.6708
27,2022-04-14 03:55:00,0.0,0.7208
27,2022-04-14 04:00:00,0.0,0.6677
27,2022-04-14 04:05:00,0.0,0.6607
27,2022-04-14 04:10:00,0.0,0.6717
27,2022-04-14 04:15:00,0.0,0.6837
27,2022-04-14 04:20:00,0.0,0.6526
27,2022-04-14 04:25:00,0.0,0.6586
27,2022-04-14 04:30:00,0.0,0.7273
27,2022-04-14 04:35:00,0.0,0.7286
27,2022-04-14 04:40:00,0.0,0.6776
27,2022-04-14 04:45:00,0.0,0.6875
27,2022-04-14 04:50:00,0.0,0.6845
27,2022-04-14 04:55:00,0.0,0.6355
27,2022-04-14 05:00:00,0.0,0.7005
27,2022-04-14 05:05:00,0.0,0.6084
27,2022-04-14 05:10:00,0.0,0.6184
27,2022-04-14 05:15:00,0.039,0.6284
27,2022-04-14 05:20:00,0.0,0.5562
27,2022-04-14 05:25:00,0.0,0.7109
27,2022-04-14 05:30:00,0.0,0.6683
27,2022-04-14 05:35:00,0.0,0.5633
27,2022-04-14 05:40:00,0.0,0.6093
27,2022-04-14 05:45:00,0.0,0.5823
27,2022-04-14 05:50:00,0.0,0.5312
27,2022-04-14 05:55:00,0.0,0.5192
27,2022-04-14 06:00:00,0.0,0.5462
27,2022-04-14 06:05:00,0.0,0.5652
27,2022-04-14 06:10:00,0.0,0.5462
27,2022-04-14 06:15:00,0.0,0.5251
27,2022-04-14 06:20:00,0.0,0.5951
27,2022-04-14 06:25:00,0.0,0.5601
27,2022-04-14 06:30:00,0.0,0.5541
27,2022-04-14 06:35:00,0.0,0.501
27,2022-04-14 06:40:00,0.0,0.496
27,2022-04-14 06:45:00,0.0,0.45
27,2022-04-14 06:50:00,0.0,0.506
27,2022-04-14 06:55:00,0.0,0.472
27,2022-04-14 07:00:00,0.0,0.4509
27,2022-04-14 07:05:00,0.0,0.5049
27,2022-04-14 07:10:00,0.0,0.4709
27,2022-04-14 07:15:00,0.0,0.4849
27,2022-04-14 07:20:00,0.0,0.4838
27,2022-04-14 07:25:00,0.0,0.4058
27,2022-04-14 07:30:00,0.0,0.4568
27,2022-04-14 07:35:00,0.0,0.4328
27,2022-04-14 07:40:00,0.0,0.4778
27,2022-04-14 07:45:00,0.0,0.4137
27,2022-04-14 07:50:00,0.0,0.4257
27,2022-04-14 07:55:00,0.0,0.4187
27,2022-04-14 08:00:00,0.0,0.4177
27,2022-04-14 08:05:00,0.0,0.3936
27,2022-04-14 08:10:00,0.0,0.4326
27,2022-04-14 08:15:00,0.0,0.4036
27,2022-04-14 08:20:00,0.0,0.3846
27,2022-04-14 08:25:00,0.0,0.4186
27,2022-04-14 08:30:00,0.0,0.3565
27,2022-04-14 08:35:00,0.0,0.4005
27,2022-04-14 08:40:00,0.0,0.4205
27,2022-04-14 08:45:00,0.0,0.3955
27,2022-04-14 08:50:00,0.0,0.4004
27,2022-04-14 08:55:00,0.0,0.3934
27,2022-04-14 09:00:00,0.0,0.3244
27,2022-04-14 09:05:00,0.0,0.3834
27,2022-04-14 09:10:00,0.0,0.3494
27,2022-04-14 09:15:00,0.0,0.3473
27,2022-04-14 09:20:00,0.0,0.3343
27,2022-04-14 09:25:00,0.0,0.3633
27,2022-04-14 09:30:00,0.0,0.3433
27,2022-04-14 09:35:00,0.0,0.3412
27,2022-04-14 09:40:00,0.0,0.3252
27,2022-04-14 09:45:00,0.0,0.3712
27,2022-04-14 09:50:00,0.0,0.3262
27,2022-04-14 09:55:00,0.0,0.3382
27,2022-04-14 10:00:00,0.0,0.3201
27,2022-04-14 10:05:00,0.0,0.3351
27,2022-04-14 10:10:00,0.0,0.3241
27,2022-04-14 10:15:00,0.0,0.3411
27,2022-04-14 10:20:00,0.0,0.373
27,2022-04-14 10:25:00,0.0,0.357
27,2022-04-14 10:30:00,0.0,0.34
27,2022-04-14 10:35:00,0.0,0.363
27,2022-04-14 10:40:00,0.0,0.311
27,2022-04-14 10:45:00,0.0,0.2959
27,2022-04-14 10:50:00,0.0,0.3339
27,2022-04-14 10:55:00,0.0,0.2889
27,2022-04-14 11:00:00,0.0,0.3609
27,2022-04-14 11:05:00,0.0,0.3328
27,2022-04-14 11:10:00,0.0,0.3448
27,2022-04-14 11:15:00,0.0,0.3048
27,2022-04-14 11:20:00,0.0,0.3058
27,2022-04-14 11:25:00,0.0,0.2748
27,2022-04-14 11:30:00,0.0,0.2557
27,2022-04-14 11:35:00,0.0,0.2991
27,2022-04-14 11:40:00,0.0,0.2807
27,2022-04-14 11:45:00,0.0,0.2782
27,2022-04-14 11:50:00,0.0,0.2786
27,2022-04-14 11:55:00,0.0,0.2786
27,2022-04-14 12:00:00,0.0,0.2846
27,2022-04-14 12:05:00,0.0,0.3446
27,2022-04-14 12:10:00,0.0,0.3346
27,2022-04-14 12:15:00,0.0,0.3385
27,2022-04-14 12:20:00,0.0,0.2765
27,2022-04-14 12:25:00,0.0,0.3135
27,2022-04-14 12:30:00,0.0,0.2695
27,2022-04-14 12:35:00,0.0,0.2524
27,2022-04-14 12:40:00,0.0,0.2714
27,2022-04-14 12:45:00,0.0,0.2584
27,2022-04-14 12:50:00,0.0,0.3074
27,2022-04-14 12:55:00,0.0,0.3084
27,2022-04-14 13:00:00,0.0,0.3083
27,2022-04-14 13:05:00,0.0,0.3223
27,2022-04-14 13:10:00,0.0,0.2753
27,2022-04-14 13:15:00,0.0,0.3163
27,2022-04-14 13:20:00,0.0,0.3112
27,2022-04-14 13:25:00,0.0,0.3052
27,2022-04-14 13:30:00,0.0,0.3124
27,2022-04-14 13:35:00,0.0,0.3062
27,2022-04-14 13:40:00,0.0,0.2762
27,2022-04-14 13:45:00,0.0,0.2581
27,2022-04-14 13:50:00,0.0,0.2741
27,2022-04-14 13:55:00,0.0,0.2651
27,2022-04-14 14:00:00,0.0,0.2761
27,2022-04-14 14:05:00,0.0,0.273
27,2022-04-14 14:10:00,0.0,0.292
27,2022-04-14 14:15:00,0.0,0.274
27,2022-04-14 14:20:00,0.0,0.254
27,2022-04-14 14:25:00,0.0,0.277
27,2022-04-14 14:30:00,0.0,0.2709
27,2022-04-14 14:35:00,0.0,0.2739
27,2022-04-14 14:40:00,0.0,0.2509
27,2022-04-14 14:45:00,0.0,0.2779
27,2022-04-14 14:50:00,0.0,0.2762
27,2022-04-14 14:55:00,0.0,0.2988
27,2022-04-14 15:00:00,0.0,0.2658
27,2022-04-14 15:05:00,0.0,0.3138
27,2022-04-14 15:10:00,0.0,0.2788
27,2022-04-14 15:15:00,0.0,0.2417
27,2022-04-14 15:20:00,0.0,0.2507
27,2022-04-14 15:25:00,0.0,0.2487
27,2022-04-14 15:30:00,0.0,0.2467
27,2022-04-14 15:35:00,0.0,0.2726
27,2022-04-14 15:40:00,0.0,0.2636
27,2022-04-14 15:45:00,0.0,0.2606
27,2022-04-14 15:50:00,0.0,0.2646
27,2022-04-14 15:55:00,0.0,0.2346
27,2022-04-14 16:00:00,0.0,0.2935
27,2022-04-14 16:05:00,0.0,0.3105
27,2022-04-14 16:10:00,0.0,0.2995
27,2022-04-14 16:15:00,0.0,0.2715
27,2022-04-14 16:20:00,0.0,0.2694
27,2022-04-14 16:25:00,0.0,0.2344
27,2022-04-14 16:30:00,0.0,0.2464
27,2022-04-14 16:35:00,0.0,0.2404
27,2022-04-14 16:40:00,0.0,0.2534
27,2022-04-14 16:45:00,0.0,0.2363
27,2022-04-14 16:50:00,0.0,0.2033
27,2022-04-14 16:55:00,0.0,0.2213
27,2022-04-14 17:00:00,0.0,0.2453
27,2022-04-14 17:05:00,0.0,0.1922
27,2022-04-14 17:10:00,0.0,0.2162
27,2022-04-14 17:15:00,0.0,0.2122
27,2022-04-14 17:20:00,0.0,0.1922
27,2022-04-14 17:25:00,0.0,0.2112
27,2022-04-14 17:30:00,0.0,0.1971
27,2022-04-14 17:35:00,0.0,0.2231
27,2022-04-14 17:40:00,0.0,0.2091
27,2022-04-14 17:45:00,0.0,0.2131
27,2022-04-14 17:50:00,0.0,0.16
27,2022-04-14 17:55:00,0.0,0.213
27,2022-04-14 18:00:00,0.0,0.25
27,2022-04-14 18:05:00,0.0,0.214
27,2022-04-14 18:10:00,0.0,0.185
27,2022-04-14 18:15:00,0.0,0.1779
27,2022-04-14 18:20:00,0.0,0.1639
27,2022-04-14 18:25:00,0.0,0.1749
27,2022-04-14 18:30:00,0.0,0.166
27,2022-04-14 18:35:00,0.0,0.1698
27,2022-04-14 18:40:00,0.0,0.1848
27,2022-04-14 18:45:00,0.0,0.1778
27,2022-04-14 18:50:00,0.0,0.2058
27,2022-04-14 18:55:00,0.0,0.1838
27,2022-04-14 19:00:00,0.0,0.1777
27,2022-04-14 19:05:00,0.0,0.1577
27,2022-04-14 19:10:00,0.0,0.1457
27,2022-04-14 19:15:00,0.0,0.1527
27,2022-04-14 19:20:00,0.0,0.1466
27,2022-04-14 19:25:00,0.0,0.1286
27,2022-04-14 19:30:00,0.0,0.1366
27,2022-04-14 19:35:00,0.0,0.1426
27,2022-04-14 19:40:00,0.0,0.1666
27,2022-04-14 19:45:00,0.0,0.1555
27,2022-04-14 19:50:00,0.0,0.149
27,2022-04-14 19:55:00,0.0,0.1395
27,2022-04-14 20:00:00,0.0,0.1535
27,2022-04-14 20:05:00,0.0,0.1394
27,2022-04-14 20:10:00,0.0,0.1344
27,2022-04-14 20:15:00,0.0,0.1294
27,2022-04-14 20:20:00,0.0,0.1334
27,2022-04-14 20:25:00,0.0,0.1474
27,2022-04-14 20:30:00,0.0,0.1283
27,2022-04-14 20:35:00,0.0,0.1343
27,2022-04-14 20:40:00,0.0,0.1223
27,2022-04-14 20:45:00,0.0,0.1043
27,2022-04-14 20:50:00,0.0,0.1442
27,2022-04-14 20:55:00,0.0,0.1002
27,2022-04-14 21:00:00,0.0,0.0882
27,2022-04-14 21:05:00,0.0,0.0982
27,2022-04-14 21:10:00,0.0,0.1512
27,2022-04-14 21:15:00,0.0,0.1311
27,2022-04-14 21:20:00,0.0,0.1221
27,2022-04-14 21:25:00,0.0,0.0981
27,2022-04-14 21:30:00,0.0,0.1261
27,2022-04-14 21:35:00,0.0,0.123
27,2022-04-14 21:40:00,0.0,0.11
27,2022-04-14 21:45:00,0.0,0.134
27,2022-04-14 21:50:00,0.0,0.119
27,2022-04-14 21:55:00,0.0,0.136
27,2022-04-14 22:00:00,0.0,0.0929
27,2022-04-14 22:05:00,0.0,0.0909
27,2022-04-14 22:10:00,0.0,0.0999
27,2022-04-14 22:15:00,0.0,0.0889
27,2022-04-14 22:20:00,0.0,0.0978
27,2022-04-14 22:25:00,0.0,0.1118
27,2022-04-14 22:30:00,0.0,0.1018
27,2022-04-14 22:35:00,0.0,0.1278
27,2022-04-14 22:40:00,0.0,0.0908
27,2022-04-14 22:45:00,0.0,0.0967
27,2022-04-14 22:50:00,0.0,0.0927
27,2022-04-14 22:55:00,0.0,0.1087
27,2022-04-14 23:00:00,0.0,0.0737
27,2022-04-14 23:05:00,0.0,0.1116
27,2022-04-14 23:10:00,0.0,0.1276
27,2022-04-14 23:15:00,0.0,0.1046
27,2022-04-14 23:20:00,0.0,0.1236
27,2022-04-14 23:25:00,0.0,0.1086
27,2022-04-14 23:30:00,0.0,0.0895
27,2022-04-14 23:35:00,0.0,0.0915
27,2022-04-14 23:40:00,0.0,0.1115
27,2022-04-14 23:45:00,0.0,0.0948
27,2022-04-14 23:50:00,0.0,0.0964
27,2022-04-14 23:55:00,0.0,0.0984
27,2022-04-15 00:00:00,0.0,0.1154
27,2022-04-15 00:05:00,0.0,0.0934
27,2022-04-15 00:10:00,0.0,0.1274
27,2022-04-15 00:15:00,0.0,0.1003
27,2022-04-15 00:20:00,0.0,0.1053
27,2022-04-15 00:25:00,0.0,0.0993
27,2022-04-15 00:30:00,0.0,0.1093
27,2022-04-15 00:35:00,0.0,0.1142
27,2022-04-15 00:40:00,0.0,0.1102
27,2022-04-15 00:45:00,0.0,0.1092
27,2022-04-15 00:50:00,0.0,0.1012
27,2022-04-15 00:55:00,0.0,0.0932
27,2022-04-15 01:00:00,0.0,0.0981
27,2022-04-15 01:05:00,0.0,0.0931
27,2022-04-15 01:10:00,0.0,0.1111
27,2022-04-15 01:15:00,0.0,0.0911
27,2022-04-15 01:20:00,0.0,0.156
27,2022-04-15 01:25:00,0.0,0.102
27,2022-04-15 01:30:00,0.0,0.085
27,2022-04-15 01:35:00,0.0,0.083
27,2022-04-15 01:40:00,0.0,0.099
27,2022-04-15 01:45:00,0.0,0.1069
27,2022-04-15 01:50:00,0.0,0.0959
27,2022-04-15 01:55:00,0.0,0.0759
27,2022-04-15 02:00:00,0.0,0.0879
27,2022-04-15 02:05:00,0.0,0.0928
27,2022-04-15 02:10:00,0.0,0.1028
27,2022-04-15 02:15:00,0.0,0.0988
27,2022-04-15 02:20:00,0.0,0.0958
27,2022-04-15 02:25:00,0.0,0.0818
27,2022-04-15 02:30:00,0.0,0.1037
27,2022-04-15 02:35:00,0.0,0.0897
27,2022-04-15 02:40:00,0.0,0.0987
27,2022-04-15 02:45:00,0.0,0.0787
27,2022-04-15 02:50:00,0.0,0.0866
27,2022-04-15 02:55:00,0.0,0.0916
27,2022-04-15 03:00:00,0.0,0.0966
27,2022-04-15 03:05:00,0.0,0.0926
27,2022-04-15 03:10:00,0.0,0.0936
27,2022-04-15 03:15:00,0.0,0.0845
27,2022-04-15 03:20:00,0.0,0.0745
27,2022-04-15 03:25:00,0.0,0.0865
27,2022-04-15 03:30:00,0.0,0.0705
27,2022-04-15 03:35:00,0.0,0.0934
27,2022-04-15 03:40:00,0.0,0.0883
27,2022-04-15 03:45:00,0.0,0.0964
27,2022-04-15 03:50:00,0.0,0.0914
27,2022-04-15 03:55:00,0.0,0.1021
27,2022-04-15 04:00:00,0.0,0.0893
27,2022-04-15 04:05:00,0.0,0.0853
27,2022-04-15 04:10:00,0.0,0.0903
27,2022-04-15 04:15:00,0.0,0.1003
27,2022-04-15 04:20:00,0.0,0.0852
27,2022-04-15 04:25:00,0.0,0.0848
27,2022-04-15 04:30:00,0.0,0.0852
27,2022-04-15 04:35:00,0.0,0.09
27,2022-04-15 04:40:00,0.0,0.0942
27,2022-04-15 04:45:00,0.0,0.0841
27,2022-04-15 04:50:00,0.0,0.0891
27,2022-04-15 04:55:00,0.0,0.0901
27,2022-04-15 05:00:00,0.0,0.0841
27,2022-04-15 05:05:00,0.0,0.098
27,2022-04-15 05:10:00,0.0,0.088
27,2022-04-15 05:15:00,0.0,0.095
27,2022-04-15 05:20:00,0.0,0.08
27,2022-04-15 05:25:00,0.0,0.082
27,2022-04-15 05:30:00,0.0,0.0719
27,2022-04-15 05:35:00,0.0,0.0689
27,2022-04-15 05:40:00,0.0,0.0509
27,2022-04-15 05:45:00,0.0,0.0619
27,2022-04-15 05:50:00,0.0,0.0788
27,2022-04-15 05:55:00,0.0,0.0818
27,2022-04-15 06:00:00,0.0,0.0878
27,2022-04-15 06:05:00,0.0,0.0668
27,2022-04-15 06:10:00,0.0,0.0548
27,2022-04-15 06:15:00,0.0,0.0637
27,2022-04-15 06:20:00,0.0,0.0687
27,2022-04-15 06:25:00,0.0,0.0747
27,2022-04-15 06:30:00,0.0,0.0667
27,2022-04-15 06:35:00,0.0,0.0466
27,2022-04-15 06:40:00,0.0,0.0526
27,2022-04-15 06:45:00,0.0,0.0776
27,2022-04-15 06:50:00,0.0,0.0716
27,2022-04-15 06:55:00,0.0,0.0816
27,2022-04-15 07:00:00,0.0,0.0965
27,2022-04-15 07:05:00,0.0,0.0595
27,2022-04-15 07:10:00,0.0,0.0475
27,2022-04-15 07:15:00,0.0,0.0505
27,2022-04-15 07:20:00,0.0,0.0434
27,2022-04-15 07:25:00,0.0,0.0674
27,2022-04-15 07:30:00,0.0,0.0554
27,2022-04-15 07:35:00,0.0,0.0484
27,2022-04-15 07:40:00,0.0,0.0654
27,2022-04-15 07:45:00,0.0,0.0673
27,2022-04-15 07:50:00,0.0,0.0893
27,2022-04-15 07:55:00,0.0,0.0826
27,2022-04-15 08:00:00,0.0,0.0953
27,2022-04-15 08:05:00,0.0,0.0702
27,2022-04-15 08:10:00,0.0,0.0852
27,2022-04-15 08:15:00,0.0,0.0621
27,2022-04-15 08:20:00,0.0,0.0772
27,2022-04-15 08:25:00,0.0,0.0732
27,2022-04-15 08:30:00,0.0,0.0431
27,2022-04-15 08:35:00,0.0,0.0561
27,2022-04-15 08:40:00,0.0,0.0701
27,2022-04-15 08:45:00,0.0,0.0621
27,2022-04-15 08:50:00,0.0,0.073
27,2022-04-15 08:55:00,0.0,0.068
27,2022-04-15 09:00:00,0.0,0.087
27,2022-04-15 09:05:00,0.0,0.086
27,2022-04-15 09:10:00,0.0,0.073
27,2022-04-15 09:15:00,0.0,0.0649
27,2022-04-15 09:20:00,0.0,0.0399
27,2022-04-15 09:25:00,0.0,0.0629
27,2022-04-15 09:30:00,0.0,0.0599
27,2022-04-15 09:35:00,0.0,0.0478
27,2022-04-15 09:40:00,0.0,0.0508
27,2022-04-15 09:45:00,0.0,0.0688
27,2022-04-15 09:50:00,0.0,0.0838
27,2022-04-15 09:55:00,0.0,0.0898
27,2022-04-15 10:00:00,0.0,0.0637
27,2022-04-15 10:05:00,0.0,0.0367
27,2022-04-15 10:10:00,0.0,0.0597
27,2022-04-15 10:15:00,0.0,0.0827
27,2022-04-15 10:20:00,0.0,0.0816
27,2022-04-15 10:25:00,0.0,0.0716
27,2022-04-15 10:30:00,0.0,0.0766
27,2022-04-15 10:35:00,0.0,0.0746
27,2022-04-15 10:40:00,0.0,0.0496
27,2022-04-15 10:45:00,0.0,0.0509
27,2022-04-15 10:50:00,0.0,0.0615
27,2022-04-15 10:55:00,0.0,0.0555
27,2022-04-15 11:00:00,0.0,0.0395
27,2022-04-15 11:05:00,0.0,0.0864
27,2022-04-15 11:10:00,0.0,0.0902
27,2022-04-15 11:15:00,0.0,0.0603
27,2022-04-15 11:20:00,0.0,0.0514
27,2022-04-15 11:25:00,0.0,0.0554
27,2022-04-15 11:30:00,0.0,0.0643
27,2022-04-15 11:35:00,0.0,0.0733
27,2022-04-15 11:40:00,0.0,0.0423
27,2022-04-15 11:45:00,0.0,0.0323
27,2022-04-15 11:50:00,0.0,0.0742
27,2022-04-15 11:55:00,0.0,0.0912
27,2022-04-15 12:00:00,0.0,0.0892
28,2022-04-16 00:25:00,0.0,0.0229
28,2022-04-16 00:30:00,0.0,0.0254
28,2022-04-16 00:35:00,0.0,0.0408
28,2022-04-16 00:40:00,0.0382,0.0238
28,2022-04-16 00:45:00,0.0,0.0443
28,2022-04-16 00:50:00,0.0,0.0548
28,2022-04-16 00:55:00,0.0,0.0483
28,2022-04-16 01:00:00,0.0,0.0847
28,2022-04-16 01:05:00,0.0,0.1157
28,2022-04-16 01:10:00,0.0,0.1052
28,2022-04-16 01:15:00,0.0,0.0862
28,2022-04-16 01:20:00,0.0,0.0861
28,2022-04-16 01:25:00,0.0,0.0871
28,2022-04-16 01:30:00,0.0,0.0941
28,2022-04-16 01:35:00,0.0382,0.1001
28,2022-04-16 01:40:00,0.0,0.0876
28,2022-04-16 01:45:00,0.0,0.0825
28,2022-04-16 01:50:00,0.0,0.127
28,2022-04-16 01:55:00,0.0,0.1705
28,2022-04-16 02:00:00,0.0,0.163
28,2022-04-16 02:05:00,0.0,0.1619
28,2022-04-16 02:10:00,0.0,0.1484
28,2022-04-16 02:15:00,0.0,0.1289
28,2022-04-16 02:20:00,0.0,0.1284
28,2022-04-16 02:25:00,0.0,0.1209
28,2022-04-16 02:30:00,0.0,0.1248
28,2022-04-16 02:35:00,0.0,0.1088
28,2022-04-16 02:40:00,0.0,0.0923
28,2022-04-16 02:45:00,0.0,0.1013
28,2022-04-16 02:50:00,0.0,0.1032
28,2022-04-16 02:55:00,0.0,0.0962
28,2022-04-16 03:00:00,0.0,0.0847
28,2022-04-16 03:05:00,0.0,0.1057
28,2022-04-16 03:10:00,0.0,0.0857
28,2022-04-16 03:15:00,0.0,0.0821
28,2022-04-16 03:20:00,0.0,0.0801
28,2022-04-16 03:25:00,0.0,0.0651
28,2022-04-16 03:30:00,0.0,0.0611
28,2022-04-16 03:35:00,0.0,0.0725
28,2022-04-16 03:40:00,0.0,0.0715
28,2022-04-16 03:45:00,0.0,0.072
28,2022-04-16 03:50:00,0.0,0.057
28,2022-04-16 03:55:00,0.0,0.0615
28,2022-04-16 04:00:00,0.0,0.0409
28,2022-04-16 04:05:00,0.0,0.0584
28,2022-04-16 04:10:00,0.0,0.0594
28,2022-04-16 04:15:00,0.0,0.0579
28,2022-04-16 04:20:00,0.0,0.0483
28,2022-04-16 04:25:00,0.0,0.0458
28,2022-04-16 04:30:00,0.0,0.0543
28,2022-04-16 04:35:00,0.0,0.0478
28,2022-04-16 04:40:00,0.0,0.0553
29,2022-04-18 04:40:00,0.001,-0.004
29,2022-04-18 04:45:00,0.0,0.0139
29,2022-04-18 04:50:00,0.001,0.0059
29,2022-04-18 04:55:00,0.003,-0.0021
29,2022-04-18 05:00:00,0.006,-0.0006
29,2022-04-18 05:05:00,0.008,0.0038
29,2022-04-18 05:10:00,0.01,0.0013
29,2022-04-18 05:15:00,0.012,0.0133
29,2022-04-18 05:20:00,0.013,0.0083
29,2022-04-18 05:25:00,0.011,0.0148
29,2022-04-18 05:30:00,0.01,0.0677
29,2022-04-18 05:35:00,0.016,0.1357
29,2022-04-18 05:40:00,0.02,0.1787
29,2022-04-18 05:45:00,0.02,0.1727
29,2022-04-18 05:50:00,0.019,0.1511
29,2022-04-18 05:55:00,0.019,0.2066
29,2022-04-18 06:00:00,0.017,0.2191
29,2022-04-18 06:05:00,0.008,0.2161
29,2022-04-18 06:10:00,0.008,0.2306
29,2022-04-18 06:15:00,0.008,0.2845
29,2022-04-18 06:20:00,0.008,0.2345
29,2022-04-18 06:25:00,0.008,0.276
29,2022-04-18 06:30:00,0.008,0.264
29,2022-04-18 06:35:00,0.007,0.2584
29,2022-04-18 06:40:00,0.006,0.2439
29,2022-04-18 06:45:00,0.005,0.2154
29,2022-04-18 06:50:00,0.006,0.2094
29,2022-04-18 06:55:00,0.009,0.2149
29,2022-04-18 07:00:00,0.01,0.2033
29,2022-04-18 07:05:00,0.011,0.2043
29,2022-04-18 07:10:00,0.011,0.2033
29,2022-04-18 07:15:00,0.011,0.2013
29,2022-04-18 07:20:00,0.01,0.2097
29,2022-04-18 07:25:00,0.009,0.2677
29,2022-04-18 07:30:00,0.009,0.2572
29,2022-04-18 07:35:00,0.009,0.2981
29,2022-04-18 07:40:00,0.009,0.2962
29,2022-04-18 07:45:00,0.009,0.2831
29,2022-04-18 07:50:00,0.009,0.3136
29,2022-04-18 07:55:00,0.009,0.3066
29,2022-04-18 08:00:00,0.009,0.3171
29,2022-04-18 08:05:00,0.008,0.3315
29,2022-04-18 08:10:00,0.007,0.2965
29,2022-04-18 08:15:00,0.007,0.2635
29,2022-04-18 08:20:00,0.007,0.2768
29,2022-04-18 08:25:00,0.008,0.2435
29,2022-04-18 08:30:00,0.008,0.2674
29,2022-04-18 08:35:00,0.008,0.2839
29,2022-04-18 08:40:00,0.008,0.2489
29,2022-04-18 08:45:00,0.006,0.2604
29,2022-04-18 08:50:00,0.005,0.2683
29,2022-04-18 08:55:00,0.003,0.2288
29,2022-04-18 09:00:00,0.002,0.2983
29,2022-04-18 09:05:00,0.001,0.2658
29,2022-04-18 09:10:00,0.0,0.2908
29,2022-04-18 09:15:00,0.0,0.2747
29,2022-04-18 09:20:00,0.0,0.2612
29,2022-04-18 09:25:00,0.0,0.2452
29,2022-04-18 09:30:00,0.0,0.265
29,2022-04-18 09:35:00,0.0,0.2641
29,2022-04-18 09:40:00,0.0,0.2306
29,2022-04-18 09:45:00,0.0,0.2226
29,2022-04-18 09:50:00,0.0,0.2681
29,2022-04-18 09:55:00,0.0,0.2106
29,2022-04-18 10:00:00,0.0,0.2415
29,2022-04-18 10:05:00,0.0,0.198
29,2022-04-18 10:10:00,0.0,0.2579
29,2022-04-18 10:15:00,0.0,0.222
29,2022-04-18 10:20:00,0.0,0.2269
29,2022-04-18 10:25:00,0.0,0.2694
29,2022-04-18 10:30:00,0.0,0.2669
29,2022-04-18 10:35:00,0.0,0.2854
29,2022-04-18 10:40:00,0.0,0.2809
29,2022-04-18 10:45:00,0.0,0.3068
29,2022-04-18 10:50:00,0.0,0.2713
29,2022-04-18 10:55:00,0.0,0.2558
29,2022-04-18 11:00:00,0.0,0.2443
29,2022-04-18 11:05:00,0.0,0.2437
29,2022-04-18 11:10:00,0.0,0.2137
29,2022-04-18 11:15:00,0.0,0.2072
29,2022-04-18 11:20:00,0.0,0.2307
29,2022-04-18 11:25:00,0.0,0.2067
29,2022-04-18 11:30:00,0.0,0.2201
29,2022-04-18 11:35:00,0.0,0.2071
29,2022-04-18 11:40:00,0.0,0.2161
29,2022-04-18 11:45:00,0.0,0.1936
29,2022-04-18 11:50:00,0.0,0.225
29,2022-04-18 11:55:00,0.0,0.2092
29,2022-04-18 12:00:00,0.0,0.214
29,2022-04-18 12:05:00,0.0,0.1905
29,2022-04-18 12:10:00,0.0,0.187
29,2022-04-18 12:15:00,0.0,0.1669
29,2022-04-18 12:20:00,0.0,0.1699
29,2022-04-18 12:25:00,0.0,0.1764
29,2022-04-18 12:30:00,0.0,0.1714
29,2022-04-18 12:35:00,0.0,0.1883
29,2022-04-18 12:40:00,0.0,0.1774
29,2022-04-18 12:45:00,0.0,0.1628
29,2022-04-18 12:50:00,0.0,0.1348
29,2022-04-18 12:55:00,0.0,0.2078
29,2022-04-18 13:00:00,0.0,0.1572
29,2022-04-18 13:05:00,0.0,0.1437
29,2022-04-18 13:10:00,0.0,0.1237
29,2022-04-18 13:15:00,0.0,0.1592
29,2022-04-18 13:20:00,0.0,0.1426
29,2022-04-18 13:25:00,0.0,0.1231
29,2022-04-18 13:30:00,0.0,0.1481
29,2022-04-18 13:35:00,0.0,0.1281
29,2022-04-18 13:40:00,0.0,0.1276
29,2022-04-18 13:45:00,0.0,0.142
29,2022-04-18 13:50:00,0.0,0.1345
29,2022-04-18 13:55:00,0.0,0.121
29,2022-04-18 14:00:00,0.0,0.1253
29,2022-04-18 14:05:00,0.0,0.1019
29,2022-04-18 14:10:00,0.0,0.1134
29,2022-04-18 14:15:00,0.0,0.1104
29,2022-04-18 14:20:00,0.0,0.1219
29,2022-04-18 14:25:00,0.0,0.0904
29,2022-04-18 14:30:00,0.0,0.1143
29,2022-04-18 14:35:00,0.0,0.1253
29,2022-04-18 14:40:00,0.0,0.1233
29,2022-04-18 14:45:00,0.0,0.1148
29,2022-04-18 14:50:00,0.0,0.1237
29,2022-04-18 14:55:00,0.0,0.1497
29,2022-04-18 15:00:00,0.0,0.1202
29,2022-04-18 15:05:00,0.0,0.1392
29,2022-04-18 15:10:00,0.0,0.0992
29,2022-04-18 15:15:00,0.0,0.0941
29,2022-04-18 15:20:00,0.0,0.1001
29,2022-04-18 15:25:00,0.0,0.1146
29,2022-04-18 15:30:00,0.0,0.1026
29,2022-04-18 15:35:00,0.0,0.092
29,2022-04-18 15:40:00,0.0,0.1215
29,2022-04-18 15:45:00,0.0,0.1155
29,2022-04-18 15:50:00,0.0,0.113
29,2022-04-18 15:55:00,0.0,0.107
29,2022-04-18 16:00:00,0.0,0.0829
29,2022-04-18 16:05:00,0.0,0.0934
29,2022-04-18 16:10:00,0.0,0.1029
29,2022-04-18 16:15:00,0.0,0.1039
29,2022-04-18 16:20:00,0.0,0.1078
29,2022-04-18 16:25:00,0.0,0.1163
29,2022-04-18 16:30:00,0.0,0.1018
29,2022-04-18 16:35:00,0.0,0.1088
29,2022-04-18 16:40:00,0.0,0.0618
29,2022-04-18 16:45:00,0.0,0.0722
29,2022-04-18 16:50:00,0.0,0.0707
29,2022-04-18 16:55:00,0.0,0.0852
29,2022-04-18 17:00:00,0.0,0.0872
29,2022-04-18 17:05:00,0.0,0.0876
29,2022-04-18 17:10:00,0.0,0.0991
29,2022-04-18 17:15:00,0.0,0.0841
29,2022-04-18 17:20:00,0.0,0.1111
29,2022-04-18 17:25:00,0.0,0.0861
29,2022-04-18 17:30:00,0.0,0.0915
29,2022-04-18 17:35:00,0.0,0.0925
29,2022-04-18 17:40:00,0.0,0.101
29,2022-04-18 17:45:00,0.0,0.1005
29,2022-04-18 17:50:00,0.001,0.0969
29,2022-04-18 17:55:00,0.002,0.0859
29,2022-04-18 18:00:00,0.002,0.0799
29,2022-04-18 18:05:00,0.001,0.0564
29,2022-04-18 18:10:00,0.0,0.0624
29,2022-04-18 18:15:00,0.0,0.0758
29,2022-04-18 18:20:00,0.0,0.0623
29,2022-04-18 18:25:00,0.0,0.0678
29,2022-04-18 18:30:00,0.0,0.0778
29,2022-04-18 18:35:00,0.0,0.0952
29,2022-04-18 18:40:00,0.0,0.0892
29,2022-04-18 18:45:00,0.0,0.0962
29,2022-04-18 18:50:00,0.0,0.0852
29,2022-04-18 18:55:00,0.0,0.1127
29,2022-04-18 19:00:00,0.0,0.1061
29,2022-04-18 19:05:00,0.0,0.1116
29,2022-04-18 19:10:00,0.0,0.1191
29,2022-04-18 19:15:00,0.0,0.0951
29,2022-04-18 19:20:00,0.0,0.1015
29,2022-04-18 19:25:00,0.0,0.097
29,2022-04-18 19:30:00,0.0,0.075
29,2022-04-18 19:35:00,0.0,0.0905
29,2022-04-18 19:40:00,0.0,0.083
29,2022-04-18 19:45:00,0.0,0.0829
29,2022-04-18 19:50:00,0.0,0.0924
29,2022-04-18 19:55:00,0.0,0.0884
29,2022-04-18 20:00:00,0.0,0.0739
29,2022-04-18 20:05:00,0.0,0.0688
29,2022-04-18 20:10:00,0.0,0.1048
29,2022-04-18 20:15:00,0.0,0.1093
29,2022-04-18 20:20:00,0.0,0.0666
29,2022-04-18 20:25:00,0.0,0.0768
29,2022-04-18 20:30:00,0.0,0.0857
29,2022-04-18 20:35:00,0.0,0.0562
29,2022-04-18 20:40:00,0.0,0.0785
29,2022-04-18 20:45:00,0.0,0.0642
29,2022-04-18 20:50:00,0.0,0.0586
29,2022-04-18 20:55:00,0.002,0.0466
29,2022-04-18 21:00:00,0.006,0.0741
29,2022-04-18 21:05:00,0.007,0.0841
29,2022-04-18 21:10:00,0.003,0.0581
29,2022-04-18 21:15:00,0.0,0.074
29,2022-04-18 21:20:00,0.0,0.0625
29,2022-04-18 21:25:00,0.0,0.056
29,2022-04-18 21:30:00,0.0,0.1035
29,2022-04-18 21:35:00,0.0,0.0914
29,2022-04-18 21:40:00,0.0,0.1044
29,2022-04-18 21:45:00,0.0,0.0964
29,2022-04-18 21:50:00,0.0,0.1014
29,2022-04-18 21:55:00,0.0,0.0979
29,2022-04-18 22:00:00,0.0,0.0768
29,2022-04-18 22:05:00,0.0,0.0873
29,2022-04-18 22:10:00,0.0,0.0778
29,2022-04-18 22:15:00,0.0,0.0764
29,2022-04-18 22:20:00,0.0,0.1022
29,2022-04-18 22:25:00,0.0,0.0912
29,2022-04-18 22:30:00,0.0,0.081
29,2022-04-18 22:35:00,0.0,0.0665
29,2022-04-18 22:40:00,0.001,0.0867
29,2022-04-18 22:45:00,0.002,0.0806
29,2022-04-18 22:50:00,0.0,0.0651
29,2022-04-18 22:55:00,0.0,0.0861
29,2022-04-18 23:00:00,0.0,0.0751
29,2022-04-18 23:05:00,0.0,0.0745
29,2022-04-18 23:10:00,0.0,0.063
29,2022-04-18 23:15:00,0.0,0.1065
29,2022-04-18 23:20:00,0.0,0.091
29,2022-04-18 23:25:00,0.0,0.0755
29,2022-04-18 23:30:00,0.0,0.0599
29,2022-04-18 23:35:00,0.0,0.0894
29,2022-04-18 23:40:00,0.0,0.0834
29,2022-04-18 23:45:00,0.0,0.0854
29,2022-04-18 23:50:00,0.0,0.0943
29,2022-04-18 23:55:00,0.0,0.0743
29,2022-04-19 00:00:00,0.0,0.0908
29,2022-04-19 00:05:00,0.0,0.0783
29,2022-04-19 00:10:00,0.0,0.0933
29,2022-04-19 00:15:00,0.0,0.0662
29,2022-04-19 00:20:00,0.0,0.0807
29,2022-04-19 00:25:00,0.0,0.0547
29,2022-04-19 00:30:00,0.0,0.0602
29,2022-04-19 00:35:00,0.0,0.0826
29,2022-04-19 00:40:00,0.0,0.0671
29,2022-04-19 00:45:00,0.0,0.0696
29,2022-04-19 00:50:00,0.0,0.0721
29,2022-04-19 00:55:00,0.0,0.0601
29,2022-04-19 01:00:00,0.0,0.063
29,2022-04-19 01:05:00,0.0,0.075
29,2022-04-19 01:10:00,0.0,0.0665
29,2022-04-19 01:15:00,0.0,0.074
29,2022-04-19 01:20:00,0.0,0.0799
29,2022-04-19 01:25:00,0.0,0.0674
29,2022-04-19 01:30:00,0.0,0.0654
29,2022-04-19 01:35:00,0.0,0.0719
29,2022-04-19 01:40:00,0.0,0.0654
29,2022-04-19 01:45:00,0.0,0.0573
29,2022-04-19 01:50:00,0.0,0.0683
29,2022-04-19 01:55:00,0.0,0.0713
29,2022-04-19 02:00:00,0.0,0.0683
29,2022-04-19 02:05:00,0.0,0.0577
29,2022-04-19 02:10:00,0.0,0.0797
29,2022-04-19 02:15:00,0.0,0.0642
29,2022-04-19 02:20:00,0.0,0.0572
29,2022-04-19 02:25:00,0.0,0.0547
29,2022-04-19 02:30:00,0.0,0.0661
29,2022-04-19 02:35:00,0.0,0.0606
29,2022-04-19 02:40:00,0.0,0.0711
29,2022-04-19 02:45:00,0.0,0.0776
29,2022-04-19 02:50:00,0.0,0.076
29,2022-04-19 02:55:00,0.0,0.06
29,2022-04-19 03:00:00,0.0,0.058
29,2022-04-19 03:05:00,0.0,0.066
29,2022-04-19 03:10:00,0.0,0.067
29,2022-04-19 03:15:00,0.0,0.0641
29,2022-04-19 03:20:00,0.0,0.0719
29,2022-04-19 03:25:00,0.0,0.0703
29,2022-04-19 03:30:00,0.0,0.0614
29,2022-04-19 03:35:00,0.0,0.0658
29,2022-04-19 03:40:00,0.0,0.0728
29,2022-04-19 03:45:00,0.0,0.0638
29,2022-04-19 03:50:00,0.0,0.0803
29,2022-04-19 03:55:00,0.0,0.0858
29,2022-04-19 04:00:00,0.0,0.0615
29,2022-04-19 04:05:00,0.0,0.063
29,2022-04-19 04:10:00,0.0,0.0632
29,2022-04-19 04:15:00,0.0,0.0462
29,2022-04-19 04:20:00,0.0,0.0647
29,2022-04-19 04:25:00,0.0,0.0426
29,2022-04-19 04:30:00,0.0,0.0561
29,2022-04-19 04:35:00,0.0,0.0596
29,2022-04-19 04:40:00,0.0,0.0656
29,2022-04-19 04:45:00,0.0,0.07
29,2022-04-19 04:50:00,0.0,0.0755
29,2022-04-19 04:55:00,0.0,0.069
29,2022-04-19 05:00:00,0.0,0.0745
29,2022-04-19 05:05:00,0.0,0.0554
29,2022-04-19 05:10:00,0.0,0.0779
29,2022-04-19 05:15:00,0.0,0.0419
29,2022-04-19 05:20:00,0.0,0.0689
29,2022-04-19 05:25:00,0.0,0.0634
29,2022-04-19 05:30:00,0.0,0.0808
29,2022-04-19 05:35:00,0.0,0.0853
29,2022-04-19 05:40:00,0.0,0.053
29,2022-04-19 05:45:00,0.0,0.0578
29,2022-04-19 05:50:00,0.0,0.066
29,2022-04-19 05:55:00,0.0,0.0657
29,2022-04-19 06:00:00,0.0,0.0812
29,2022-04-19 06:05:00,0.0,0.0817
29,2022-04-19 06:10:00,0.0,0.0332
29,2022-04-19 06:15:00,0.0,0.0311
29,2022-04-19 06:20:00,0.0,0.0616
29,2022-04-19 06:25:00,0.0,0.0516
29,2022-04-19 06:30:00,0.0,0.0862
29,2022-04-19 06:35:00,0.0,0.08
29,2022-04-19 06:40:00,0.0,0.057
29,2022-04-19 06:45:00,0.0,0.1175
29,2022-04-19 06:50:00,0.0,0.0735
29,2022-04-19 06:55:00,0.0,0.0565
29,2022-04-19 07:00:00,0.0,0.0554
29,2022-04-19 07:05:00,0.0,0.0589
29,2022-04-19 07:10:00,0.0,0.0596
29,2022-04-19 07:15:00,0.0,0.0654
29,2022-04-19 07:20:00,0.0,0.0768
29,2022-04-19 07:25:00,0.0,0.0578
29,2022-04-19 07:30:00,0.0,0.0468
29,2022-04-19 07:35:00,0.0,0.0603
29,2022-04-19 07:40:00,0.0,0.0893
29,2022-04-19 07:45:00,0.0,0.0517
29,2022-04-19 07:50:00,0.0,0.0267
29,2022-04-19 07:55:00,0.0,0.056
29,2022-04-19 08:00:00,0.0,0.0487
29,2022-04-19 08:05:00,0.0,0.0351
29,2022-04-19 08:10:00,0.0,0.0636
29,2022-04-19 08:15:00,0.0,0.0556
29,2022-04-19 08:20:00,0.0,0.0601
29,2022-04-19 08:25:00,0.0,0.0616
29,2022-04-19 08:30:00,0.0,0.0789
29,2022-04-19 08:35:00,0.0,0.0775
29,2022-04-19 08:40:00,0.0,0.0565
29,2022-04-19 08:45:00,0.0,0.0861
29,2022-04-19 08:50:00,0.0,0.077
29,2022-04-19 08:55:00,0.0,0.0919
29,2022-04-19 09:00:00,0.0,0.0946
29,2022-04-19 09:05:00,0.0,0.0749
29,2022-04-19 09:10:00,0.0,0.0684
29,2022-04-19 09:15:00,0.0,0.0853
29,2022-04-19 09:20:00,0.0,0.0753
29,2022-04-19 09:25:00,0.0,0.0827
29,2022-04-19 09:30:00,0.0,0.0888
29,2022-04-19 09:35:00,0.0,0.0862
29,2022-04-19 09:40:00,0.0,0.0757
29,2022-04-19 09:45:00,0.0,0.0776
29,2022-04-19 09:50:00,0.0,0.1192
29,2022-04-19 09:55:00,0.0,0.1176
29,2022-04-19 10:00:00,0.0,0.116
29,2022-04-19 10:05:00,0.0,0.0871
29,2022-04-19 10:10:00,0.0,0.0671
29,2022-04-19 10:15:00,0.0,0.0526
29,2022-04-19 10:20:00,0.0,0.059
29,2022-04-19 10:25:00,0.0,0.0695
29,2022-04-19 10:30:00,0.0,0.0505
29,2022-04-19 10:35:00,0.0,0.055
29,2022-04-19 10:40:00,0.0,0.0895
29,2022-04-19 10:45:00,0.0,0.0894
29,2022-04-19 10:50:00,0.0,0.0824
29,2022-04-19 10:55:00,0.0,0.0774
29,2022-04-19 11:00:00,0.0,0.0494
29,2022-04-19 11:05:00,0.0,0.0618
29,2022-04-19 11:10:00,0.0,0.0585
29,2022-04-19 11:15:00,0.0,0.0628
29,2022-04-19 11:20:00,0.0,0.0373
29,2022-04-19 11:25:00,0.0,0.0563
29,2022-04-19 11:30:00,0.0,0.0546
29,2022-04-19 11:35:00,0.0,0.0738
29,2022-04-19 11:40:00,0.0,0.053
29,2022-04-19 11:45:00,0.0,0.0707
29,2022-04-19 11:50:00,0.0,0.0741
29,2022-04-19 11:55:00,0.0,0.0518
29,2022-04-19 12:00:00,0.0,0.0571
29,2022-04-19 12:05:00,0.0,0.0592
29,2022-04-19 12:10:00,0.0,0.0445
29,2022-04-19 12:15:00,0.0,0.0593
29,2022-04-19 12:20:00,0.0,0.0415
29,2022-04-19 12:25:00,0.0,0.043
29,2022-04-19 12:30:00,0.0,0.0465
29,2022-04-19 12:35:00,0.0,0.0534
29,2022-04-19 12:40:00,0.0,0.0329
29,2022-04-19 12:45:00,0.0,0.0274
29,2022-04-19 12:50:00,0.0,0.0319
29,2022-04-19 12:55:00,0.0,0.0555
29,2022-04-19 13:00:00,0.0,0.0467
29,2022-04-19 13:05:00,0.0,0.0703
29,2022-04-19 13:10:00,0.0,0.0758
29,2022-04-19 13:15:00,0.0,0.1023
29,2022-04-19 13:20:00,0.0,0.0902
29,2022-04-19 13:25:00,0.0,0.061
29,2022-04-19 13:30:00,0.0,0.0697
29,2022-04-19 13:35:00,0.0,0.0792
29,2022-04-19 13:40:00,0.0,0.0482
29,2022-04-19 13:45:00,0.0,0.0466
29,2022-04-19 13:50:00,0.0,0.0421
29,2022-04-19 13:55:00,0.0,0.0296
29,2022-04-19 14:00:00,0.0,0.0631
29,2022-04-19 14:05:00,0.0,0.048
29,2022-04-19 14:10:00,0.0,0.0479
29,2022-04-19 14:15:00,0.0,0.076
29,2022-04-19 14:20:00,0.0,0.0775
29,2022-04-19 14:25:00,0.0,0.0584
29,2022-04-19 14:30:00,0.0,0.0249
29,2022-04-19 14:35:00,0.0,0.0575
29,2022-04-19 14:40:00,0.0,0.0503
29,2022-04-19 14:45:00,0.0,0.0624
29,2022-04-19 14:50:00,0.0,0.0653
29,2022-04-19 14:55:00,0.0,0.0473
29,2022-04-19 15:00:00,0.0,0.0488
29,2022-04-19 15:05:00,0.0,0.0558
29,2022-04-19 15:10:00,0.0,0.0538
29,2022-04-19 15:15:00,0.0,0.0348
29,2022-04-19 15:20:00,0.0,0.0267
29,2022-04-19 15:25:00,0.0,0.0477
29,2022-04-19 15:30:00,0.0,0.0412
29,2022-04-19 15:35:00,0.0,0.0466
29,2022-04-19 15:40:00,0.0,0.0551
29,2022-04-19 15:45:00,0.0,0.0596
29,2022-04-19 15:50:00,0.0,0.0566
29,2022-04-19 15:55:00,0.0,0.0091
29,2022-04-19 16:00:00,0.0,0.0215
29,2022-04-19 16:05:00,0.0,0.045
29,2022-04-19 16:10:00,0.0,0.0445
29,2022-04-19 16:15:00,0.0,0.0375
29,2022-04-19 16:20:00,0.0,0.0409
29,2022-04-19 16:25:00,0.0,0.0444
29,2022-04-19 16:30:00,0.0,0.0564
29,2022-04-19 16:35:00,0.0,0.0609
29,2022-04-19 16:40:00,0.0,0.0359
29,2022-04-19 16:45:00,0.0,0.0423
29,2022-04-19 16:50:00,0.0,0.0603
29,2022-04-19 16:55:00,0.0,0.0518
29,2022-04-19 17:00:00,0.0,0.0513
29,2022-04-19 17:05:00,0.0,0.0322
29,2022-04-19 17:10:00,0.0,0.0557
29,2022-04-19 17:15:00,0.0,0.0837
29,2022-04-19 17:20:00,0.0,0.0446
29,2022-04-19 17:25:00,0.0,0.0264
29,2022-04-19 17:30:00,0.0,0.0641
29,2022-04-19 17:35:00,0.0,0.0411
29,2022-04-19 17:40:00,0.0,0.0292
29,2022-04-19 17:45:00,0.0,0.0351
29,2022-04-19 17:50:00,0.0,0.072
29,2022-04-19 17:55:00,0.0,0.039
29,2022-04-19 18:00:00,0.0,0.033
29,2022-04-19 18:05:00,0.0,0.0345
29,2022-04-19 18:10:00,0.0,0.0275
29,2022-04-19 18:15:00,0.0,0.0155
29,2022-04-19 18:20:00,0.0,0.035
29,2022-04-19 18:25:00,0.0,0.0495
29,2022-04-19 18:30:00,0.0,0.0275
29,2022-04-19 18:35:00,0.0,0.011
29,2022-04-19 18:40:00,0.0,-0.0036
29,2022-04-19 18:45:00,0.0,0.0279
29,2022-04-19 18:50:00,0.0,0.0319
29,2022-04-19 18:55:00,0.0,0.0304
29,2022-04-19 19:00:00,0.0,0.0459
29,2022-04-19 19:05:00,0.0,0.0519
29,2022-04-19 19:10:00,0.0,0.0609
29,2022-04-19 19:15:00,0.0,0.0409
29,2022-04-19 19:20:00,0.0,0.0603
29,2022-04-19 19:25:00,0.0,0.0506
29,2022-04-19 19:30:00,0.0,0.0594
29,2022-04-19 19:35:00,0.0,0.0389
29,2022-04-19 19:40:00,0.0,0.0544
29,2022-04-19 19:45:00,0.0,0.0509
29,2022-04-19 19:50:00,0.0,0.0313
29,2022-04-19 19:55:00,0.0,0.0248
29,2022-04-19 20:00:00,0.0,0.0263
29,2022-04-19 20:05:00,0.0,0.0448
29,2022-04-19 20:10:00,0.0,0.0253
29,2022-04-19 20:15:00,0.0,0.0353
29,2022-04-19 20:20:00,0.0,0.0393
29,2022-04-19 20:25:00,0.0,0.0398
29,2022-04-19 20:30:00,0.0,0.0048
29,2022-04-19 20:35:00,0.0,0.0118
29,2022-04-19 20:40:00,0.0,0.0128
29,2022-04-19 20:45:00,0.0,0.0303
29,2022-04-19 20:50:00,0.0,0.021
29,2022-04-19 20:55:00,0.0,0.0233
29,2022-04-19 21:00:00,0.0,0.0168
29,2022-04-19 21:05:00,0.0,0.0173
29,2022-04-19 21:10:00,0.0,0.0362
29,2022-04-19 21:15:00,0.0,0.0209
29,2022-04-19 21:20:00,0.0,0.0347
29,2022-04-19 21:25:00,0.0,0.0297
29,2022-04-19 21:30:00,0.0,0.0337
29,2022-04-19 21:35:00,0.0,0.0497
29,2022-04-19 21:40:00,0.0,0.0287
29,2022-04-19 21:45:00,0.0,0.0337
29,2022-04-19 21:50:00,0.0,0.0172
29,2022-04-19 21:55:00,0.0,0.0402
29,2022-04-19 22:00:00,0.0,0.0301
29,2022-04-19 22:05:00,0.0,0.0172
29,2022-04-19 22:10:00,0.0,0.0062
29,2022-04-19 22:15:00,0.0,0.0096
29,2022-04-19 22:20:00,0.0,0.0156
29,2022-04-19 22:25:00,0.0,0.0186
29,2022-04-19 22:30:00,0.0,0.0111
29,2022-04-19 22:35:00,0.0,0.0176
29,2022-04-19 22:40:00,0.0,0.0171
29,2022-04-19 22:45:00,0.0,0.0072
29,2022-04-19 22:50:00,0.0,0.0114
29,2022-04-19 22:55:00,0.0,-0.002
29,2022-04-19 23:00:00,0.0,0.0136
29,2022-04-19 23:05:00,0.0,0.0086
29,2022-04-19 23:10:00,0.0,-0.0009
29,2022-04-19 23:15:00,0.0,0.0295
29,2022-04-19 23:20:00,0.0,0.0131
29,2022-04-19 23:25:00,0.0,0.006
29,2022-04-19 23:30:00,0.0,0.0147
29,2022-04-19 23:35:00,0.0,0.0257
29,2022-04-19 23:40:00,0.0,0.0178
29,2022-04-19 23:45:00,0.0,0.0115
29,2022-04-19 23:50:00,0.0,0.0165
29,2022-04-19 23:55:00,0.0,0.0275
29,2022-04-20 00:00:00,0.0,0.0185
29,2022-04-20 00:05:00,0.0,0.0295
29,2022-04-20 00:10:00,0.0,0.026
29,2022-04-20 00:15:00,0.0,0.0305
29,2022-04-20 00:20:00,0.0,0.026
29,2022-04-20 00:25:00,0.0,0.0305
29,2022-04-20 00:30:00,0.0,0.0128
29,2022-04-20 00:35:00,0.0,0.004
29,2022-04-20 00:40:00,0.0,0.0149
29,2022-04-20 00:45:00,0.0,0.0124
29,2022-04-20 00:50:00,0.0,0.0219
29,2022-04-20 00:55:00,0.0,0.0169
29,2022-04-20 01:00:00,0.0,0.0169
29,2022-04-20 01:05:00,0.0,0.0299
29,2022-04-20 01:10:00,0.0,0.0259
29,2022-04-20 01:15:00,0.0,0.0144
29,2022-04-20 01:20:00,0.0,0.0109
29,2022-04-20 01:25:00,0.0,0.0149
29,2022-04-20 01:30:00,0.0,0.0024
29,2022-04-20 01:35:00,0.0,0.0229
29,2022-04-20 01:40:00,0.0,0.0519
29,2022-04-20 01:45:00,0.0,0.0174
29,2022-04-20 01:50:00,0.0,0.0138
29,2022-04-20 01:55:00,0.0,0.0093
29,2022-04-20 02:00:00,0.0,0.0178
29,2022-04-20 02:05:00,0.0,0.0146
29,2022-04-20 02:10:00,0.0,0.0225
29,2022-04-20 02:15:00,0.0,0.0223
29,2022-04-20 02:20:00,0.0,0.0213
29,2022-04-20 02:25:00,0.0,0.0213
29,2022-04-20 02:30:00,0.0,0.0183
29,2022-04-20 02:35:00,0.0,0.0103
29,2022-04-20 02:40:00,0.0,0.0126
29,2022-04-20 02:45:00,0.0,0.0063
29,2022-04-20 02:50:00,0.0,0.0273
29,2022-04-20 02:55:00,0.0,0.0043
29,2022-04-20 03:00:00,0.0,0.0193
29,2022-04-20 03:05:00,0.0,0.0182
29,2022-04-20 03:10:00,0.0,-0.0033
29,2022-04-20 03:15:00,0.0,0.0092
29,2022-04-20 03:20:00,0.0,0.0147
29,2022-04-20 03:25:00,0.0,0.0222
29,2022-04-20 03:30:00,0.0,0.0282
29,2022-04-20 03:35:00,0.0,0.0302
29,2022-04-20 03:40:00,0.0,0.0282
29,2022-04-20 03:45:00,0.0,0.0262
29,2022-04-20 03:50:00,0.0,0.0329
29,2022-04-20 03:55:00,0.0,0.0337
29,2022-04-20 04:00:00,0.0,0.0202
29,2022-04-20 04:05:00,0.0,0.0097
29,2022-04-20 04:10:00,0.0,0.0182
29,2022-04-20 04:15:00,0.0,0.0027
29,2022-04-20 04:20:00,0.0,0.0201
29,2022-04-20 04:25:00,0.0,0.0216
29,2022-04-20 04:30:00,0.0,0.0091
29,2022-04-20 04:35:00,0.0,-0.0014
29,2022-04-20 04:40:00,0.0,-0.0014
29,2022-04-20 04:45:00,0.0,0.0246
29,2022-04-20 04:50:00,0.0,-0.0049
29,2022-04-20 04:55:00,0.0,0.0056
29,2022-04-20 05:00:00,0.0,0.0191
29,2022-04-20 05:05:00,0.0,0.0061
29,2022-04-20 05:10:00,0.0,0.0281
29,2022-04-20 05:15:00,0.0,0.0341
29,2022-04-20 05:20:00,0.0,0.0284
29,2022-04-20 05:25:00,0.0,0.0245
29,2022-04-20 05:30:00,0.0,0.038
29,2022-04-20 05:35:00,0.0,0.025
29,2022-04-20 05:40:00,0.0,0.041
29,2022-04-20 05:45:00,0.0,0.0244
29,2022-04-20 05:50:00,0.0,0.035
29,2022-04-20 05:55:00,0.0,0.0424
29,2022-04-20 06:00:00,0.0,0.0571
29,2022-04-20 06:05:00,0.0,0.049
29,2022-04-20 06:10:00,0.0,0.045
29,2022-04-20 06:15:00,0.0,0.04
29,2022-04-20 06:20:00,0.0,0.0375
29,2022-04-20 06:25:00,0.0,0.025
29,2022-04-20 06:30:00,0.0,0.019
29,2022-04-20 06:35:00,0.0,0.036
29,2022-04-20 06:40:00,0.0,0.0154
29,2022-04-20 06:45:00,0.0,0.0294
29,2022-04-20 06:50:00,0.0,0.0564
29,2022-04-20 06:55:00,0.0,0.0499
29,2022-04-20 07:00:00,0.0,0.0224
29,2022-04-20 07:05:00,0.0,0.0439
29,2022-04-20 07:10:00,0.0,0.0214
29,2022-04-20 07:15:00,0.0,0.0164
29,2022-04-20 07:20:00,0.0,0.0134
29,2022-04-20 07:25:00,0.0,0.0304
29,2022-04-20 07:30:00,0.0,0.0379
29,2022-04-20 07:35:00,0.0,0.0114
29,2022-04-20 07:40:00,0.0,0.0139
29,2022-04-20 07:45:00,0.0,0.0344
29,2022-04-20 07:50:00,0.0,-0.0042
29,2022-04-20 07:55:00,0.0,0.0048
29,2022-04-20 08:00:00,0.0,-0.0142
29,2022-04-20 08:05:00,0.0,0.0008
29,2022-04-20 08:10:00,0.0,0.0043
29,2022-04-20 08:15:00,0.0,0.0098
29,2022-04-20 08:20:00,0.0,-0.0022
29,2022-04-20 08:25:00,0.0,0.0253
29,2022-04-20 08:30:00,0.0,0.0223
29,2022-04-20 08:35:00,0.0,0.0183
29,2022-04-20 08:40:00,0.0,0.0028
29,2022-04-20 08:45:00,0.0,0.0228
29,2022-04-20 08:50:00,0.0,0.0248
29,2022-04-20 08:55:00,0.0,-0.0017
30,2022-04-21 01:15:00,0.0,0.0164
30,2022-04-21 01:20:00,0.001,0.0074
30,2022-04-21 01:25:00,0.002,0.0124
30,2022-04-21 01:30:00,0.006,0.0284
30,2022-04-21 01:35:00,0.009,0.011
30,2022-04-21 01:40:00,0.01,0.0074
30,2022-04-21 01:45:00,0.011,0.0134
30,2022-04-21 01:50:00,0.01,-0.0027
30,2022-04-21 01:55:00,0.007,0.0063
30,2022-04-21 02:00:00,0.006,0.0043
30,2022-04-21 02:05:00,0.006,0.0063
30,2022-04-21 02:10:00,0.005,0.0213
30,2022-04-21 02:15:00,0.004,0.0153
30,2022-04-21 02:20:00,0.003,0.0363
30,2022-04-21 02:25:00,0.001,0.0593
30,2022-04-21 02:30:00,0.0,0.0453
30,2022-04-21 02:35:00,0.0,0.0812
30,2022-04-21 02:40:00,0.0,0.0853
30,2022-04-21 02:45:00,0.0,0.1003
30,2022-04-21 02:50:00,0.0,0.0893
30,2022-04-21 02:55:00,0.0,0.0733
30,2022-04-21 03:00:00,0.0,0.0663
30,2022-04-21 03:05:00,0.0,0.0842
30,2022-04-21 03:10:00,0.0,0.0682
30,2022-04-21 03:15:00,0.0,0.0802
30,2022-04-21 03:20:00,0.0,0.0532
30,2022-04-21 03:25:00,0.0,0.0602
30,2022-04-21 03:30:00,0.0,0.0592
30,2022-04-21 03:35:00,0.0,0.0502
30,2022-04-21 03:40:00,0.0,0.0582
30,2022-04-21 03:45:00,0.0,0.0522
30,2022-04-21 03:50:00,0.0,0.0382
30,2022-04-21 03:55:00,0.0,0.0412
30,2022-04-21 04:00:00,0.0,0.0342
30,2022-04-21 04:05:00,0.0,0.0422
30,2022-04-21 04:10:00,0.0,0.0482
30,2022-04-21 04:15:00,0.0,0.0351
30,2022-04-21 04:20:00,0.0,0.0331
30,2022-04-21 04:25:00,0.0,0.0511
30,2022-04-21 04:30:00,0.0,0.0539
30,2022-04-21 04:35:00,0.0,0.0421
30,2022-04-21 04:40:00,0.0,0.0331
30,2022-04-21 04:45:00,0.0,0.0391
30,2022-04-21 04:50:00,0.0,0.0291
30,2022-04-21 04:55:00,0.001,0.0351
30,2022-04-21 05:00:00,0.005,0.0531
30,2022-04-21 05:05:00,0.009,0.0261
30,2022-04-21 05:10:00,0.008,0.0441
30,2022-04-21 05:15:00,0.005,0.0421
30,2022-04-21 05:20:00,0.003,0.0239
30,2022-04-21 05:25:00,0.003,0.0776
30,2022-04-21 05:30:00,0.007,0.058
30,2022-04-21 05:35:00,0.012,0.01
30,2022-04-21 05:40:00,0.013,0.023
30,2022-04-21 05:45:00,0.007,0.02
30,2022-04-21 05:50:00,0.003,0.034
30,2022-04-21 05:55:00,0.004,0.116
30,2022-04-21 06:00:00,0.004,0.189
30,2022-04-21 06:05:00,0.002,0.193
30,2022-04-21 06:10:00,0.0,0.225
30,2022-04-21 06:15:00,0.0,0.16
30,2022-04-21 06:20:00,0.0,0.152
30,2022-04-21 06:25:00,0.0,0.168
30,2022-04-21 06:30:00,0.0,0.185
30,2022-04-21 06:35:00,0.0,0.162
30,2022-04-21 06:40:00,0.0,0.1219
30,2022-04-21 06:45:00,0.0,0.1309
30,2022-04-21 06:50:00,0.0,0.1179
30,2022-04-21 06:55:00,0.0,0.0979
30,2022-04-21 07:00:00,0.0,0.1219
30,2022-04-21 07:05:00,0.0,0.1079
30,2022-04-21 07:10:00,0.0,0.1149
30,2022-04-21 07:15:00,0.0,0.1119
30,2022-04-21 07:20:00,0.0,0.0829
30,2022-04-21 07:25:00,0.0,0.0869
30,2022-04-21 07:30:00,0.0,0.0839
30,2022-04-21 07:35:00,0.0,0.0749
30,2022-04-21 07:40:00,0.0,0.0669
30,2022-04-21 07:45:00,0.0,0.0859
30,2022-04-21 07:50:00,0.0,0.0848
30,2022-04-21 07:55:00,0.0,0.0638
30,2022-04-21 08:00:00,0.0,0.0678
30,2022-04-21 08:05:00,0.0,0.0618
30,2022-04-21 08:10:00,0.0,0.0578
30,2022-04-21 08:15:00,0.0,0.0928
30,2022-04-21 08:20:00,0.0,0.0758
30,2022-04-21 08:25:00,0.0,0.0808
30,2022-04-21 08:30:00,0.0,0.0408
30,2022-04-21 08:35:00,0.0,0.0648
30,2022-04-21 08:40:00,0.0,0.0518
30,2022-04-21 08:45:00,0.0,0.0528
30,2022-04-21 08:50:00,0.0,0.0468
30,2022-04-21 08:55:00,0.0,0.0428
30,2022-04-21 09:00:00,0.0,0.0498
31,2022-04-25 11:30:00,0.0,0.0051
31,2022-04-25 11:35:00,0.0,-0.0009
31,2022-04-25 11:40:00,0.0,-0.0069
31,2022-04-25 11:45:00,0.0376,-0.0255
31,2022-04-25 11:50:00,0.0,-0.001
31,2022-04-25 11:55:00,0.0,-0.0078
31,2022-04-25 12:00:00,0.0,-0.012
31,2022-04-25 12:05:00,0.0,-0.0215
31,2022-04-25 12:10:00,0.0,-0.003
31,2022-04-25 12:15:00,0.0,-0.014
31,2022-04-25 12:20:00,0.0,0.0169
31,2022-04-25 12:25:00,0.0,0.0524
31,2022-04-25 12:30:00,0.0,0.0204
31,2022-04-25 12:35:00,0.0,0.0114
31,2022-04-25 12:40:00,0.0,0.0145
31,2022-04-25 12:45:00,0.0,0.0259
31,2022-04-25 12:50:00,0.0,0.0189
31,2022-04-25 12:55:00,0.0,0.0088
31,2022-04-25 13:00:00,0.0,0.0243
31,2022-04-25 13:05:00,0.0,0.0458
31,2022-04-25 13:10:00,0.0,0.0008
31,2022-04-25 13:15:00,0.0,0.0293
31,2022-04-25 13:20:00,0.0,0.1438
31,2022-04-25 13:25:00,0.0,0.1083
31,2022-04-25 13:30:00,0.0,0.0323
31,2022-04-25 13:35:00,0.0,0.0062
31,2022-04-25 13:40:00,0.0,0.0067
31,2022-04-25 13:45:00,0.0,-0.0218
31,2022-04-25 13:50:00,0.0,0.0077
31,2022-04-25 13:55:00,0.0,-0.0178
31,2022-04-25 14:00:00,0.0,-0.0075
31,2022-04-25 14:05:00,0.0,-0.0028
31,2022-04-25 14:10:00,0.0,-0.0074
31,2022-04-25 14:15:00,0.0,-0.0074
31,2022-04-25 14:20:00,0.0,-0.0049
31,2022-04-25 14:25:00,0.0,-0.0124
31,2022-04-25 14:30:00,0.0376,-0.0154
31,2022-04-25 14:35:00,0.0376,-0.0074
31,2022-04-25 14:40:00,0.0,0.0086
31,2022-04-25 14:45:00,0.0,0.093
31,2022-04-25 14:50:00,0.0,0.154
31,2022-04-25 14:55:00,0.0,0.132
31,2022-04-25 15:00:00,0.0,0.1145
31,2022-04-25 15:05:00,0.0,0.1155
31,2022-04-25 15:10:00,0.0,0.1115
31,2022-04-25 15:15:00,0.0,0.0915
31,2022-04-25 15:20:00,0.0,0.0564
31,2022-04-25 15:25:00,0.0,0.0589
31,2022-04-25 15:30:00,0.0,0.0229
31,2022-04-25 15:35:00,0.0,0.0194
31,2022-04-25 15:40:00,0.0,0.0379
31,2022-04-25 15:45:00,0.0,0.0199
31,2022-04-25 15:50:00,0.0,0.0294
31,2022-04-25 15:55:00,0.0,0.0183
31,2022-04-25 16:00:00,0.0,0.0053
31,2022-04-25 16:05:00,0.0,0.0118
31,2022-04-25 16:10:00,0.0,0.0193
31,2022-04-25 16:15:00,0.0,0.0083
31,2022-04-25 16:20:00,0.0,0.0203
31,2022-04-25 16:25:00,0.0,0.0098
31,2022-04-25 16:30:00,0.0,0.0193
31,2022-04-25 16:35:00,0.0,0.0272
31,2022-04-25 16:40:00,0.0,0.0112
31,2022-04-25 16:45:00,0.0,0.0107
31,2022-04-25 16:50:00,0.0,0.0122
31,2022-04-25 16:55:00,0.0,0.0047
31,2022-04-25 17:00:00,0.0,0.0077
31,2022-04-25 17:05:00,0.0,0.0112
31,2022-04-25 17:10:00,0.0,0.0206
31,2022-04-25 17:15:00,0.0,0.0116
31,2022-04-25 17:20:00,0.0,0.0076
31,2022-04-25 17:25:00,0.0,-0.0094
31,2022-04-25 17:30:00,0.0,-0.0019
31,2022-04-25 17:35:00,0.0,0.0131
31,2022-04-25 17:40:00,0.0,0.0146
32,2022-04-30 10:50:00,0.0,-0.0293
32,2022-04-30 10:55:00,0.0,-0.0212
32,2022-04-30 11:00:00,0.0,-0.0212
32,2022-04-30 11:05:00,0.0376,-0.0247
32,2022-04-30 11:10:00,0.0,-0.0066
32,2022-04-30 11:15:00,0.0,-0.0011
32,2022-04-30 11:20:00,0.0,-0.0256
32,2022-04-30 11:25:00,0.0,0.0125
32,2022-04-30 11:30:00,0.0,0.0535
32,2022-04-30 11:35:00,0.0,0.0855
32,2022-04-30 11:40:00,0.0,0.0861
32,2022-04-30 11:45:00,0.0,0.0581
32,2022-04-30 11:50:00,0.0,0.0421
32,2022-04-30 11:55:00,0.0,0.0237
32,2022-04-30 12:00:00,0.0,0.0222
32,2022-04-30 12:05:00,0.0,0.0117
32,2022-04-30 12:10:00,0.0,-0.0087
32,2022-04-30 12:15:00,0.0,0.0238
32,2022-04-30 12:20:00,0.0,-0.0052
32,2022-04-30 12:25:00,0.0,-0.0056
32,2022-04-30 12:30:00,0.0,0.0104
32,2022-04-30 12:35:00,0.0,-0.0016
32,2022-04-30 12:40:00,0.0,-0.001
32,2022-04-30 12:45:00,0.0,0.0015
32,2022-04-30 12:50:00,0.0,-0.0035
32,2022-04-30 12:55:00,0.0,-0.0029
32,2022-04-30 13:00:00,0.0,-0.0129
32,2022-04-30 13:05:00,0.0,-0.0259
32,2022-04-30 13:10:00,0.0,-0.0473
32,2022-04-30 13:15:00,0.0,-0.0388
32,2022-04-30 13:20:00,0.0,-0.0308
32,2022-04-30 13:25:00,0.0,-0.0242
32,2022-04-30 13:30:00,0.0,-0.0437
32,2022-04-30 13:35:00,0.0,-0.0407
32,2022-04-30 13:40:00,0.0,-0.0171
32,2022-04-30 13:45:00,0.0,-0.0351
32,2022-04-30 13:50:00,0.0,-0.0281
32,2022-04-30 13:55:00,0.0,-0.048
32,2022-04-30 14:00:00,0.0,-0.038
32,2022-04-30 14:05:00,0.0,-0.029
33,2022-05-03 03:50:00,0.0,-0.0013
33,2022-05-03 03:55:00,0.0,0.0034
33,2022-05-03 04:00:00,0.002,-0.0013
33,2022-05-03 04:05:00,0.005,-0.0131
33,2022-05-03 04:10:00,0.004,-0.0128
33,2022-05-03 04:15:00,0.001,-0.0069
33,2022-05-03 04:20:00,0.0,-0.0008
33,2022-05-03 04:25:00,0.0,-0.0096
33,2022-05-03 04:30:00,0.0,-0.0028
33,2022-05-03 04:35:00,0.0,-0.0054
33,2022-05-03 04:40:00,0.0,0.0043
33,2022-05-03 04:45:00,0.001,0.0066
33,2022-05-03 04:50:00,0.01,-0.0022
33,2022-05-03 04:55:00,0.031,0.0297
33,2022-05-03 05:00:00,0.037,-0.0045
33,2022-05-03 05:05:00,0.015,0.0063
33,2022-05-03 05:10:00,0.001,0.0199
33,2022-05-03 05:15:00,0.0,0.2325
33,2022-05-03 05:20:00,0.0,0.1896
33,2022-05-03 05:25:00,0.0,0.137
33,2022-05-03 05:30:00,0.035,0.1698
33,2022-05-03 05:35:00,0.058,0.1397
33,2022-05-03 05:40:00,0.02,0.0875
33,2022-05-03 05:45:00,0.005,0.5693
33,2022-05-03 05:50:00,0.003,0.4805
33,2022-05-03 05:55:00,0.001,0.3457
33,2022-05-03 06:00:00,0.0,0.304
33,2022-05-03 06:05:00,0.0,0.2189
33,2022-05-03 06:10:00,0.001,0.1987
33,2022-05-03 06:15:00,0.002,0.1623
33,2022-05-03 06:20:00,0.0,0.1483
33,2022-05-03 06:25:00,0.0,0.1248
33,2022-05-03 06:30:00,0.0,0.1317
33,2022-05-03 06:35:00,0.001,0.1031
33,2022-05-03 06:40:00,0.0,0.1038
33,2022-05-03 06:45:00,0.0,0.0869
33,2022-05-03 06:50:00,0.001,0.0879
33,2022-05-03 06:55:00,0.0,0.09
33,2022-05-03 07:00:00,0.0,0.069
33,2022-05-03 07:05:00,0.0,0.0781
33,2022-05-03 07:10:00,0.0,0.0647
33,2022-05-03 07:15:00,0.001,0.0637
33,2022-05-03 07:20:00,0.003,0.0674
33,2022-05-03 07:25:00,0.002,0.0598
33,2022-05-03 07:30:00,0.002,0.0434
33,2022-05-03 07:35:00,0.005,0.0652
33,2022-05-03 07:40:00,0.013,0.0535
33,2022-05-03 07:45:00,0.02,0.0546
33,2022-05-03 07:50:00,0.015,0.0648
33,2022-05-03 07:55:00,0.014,0.0724
33,2022-05-03 08:00:00,0.024,0.0961
33,2022-05-03 08:05:00,0.03,0.189
33,2022-05-03 08:10:00,0.009,0.2556
33,2022-05-03 08:15:00,0.026,0.602
33,2022-05-03 08:20:00,0.089,0.3606
33,2022-05-03 08:25:00,0.032,0.3027
33,2022-05-03 08:30:00,0.028,0.9099
33,2022-05-03 08:35:00,0.029,1.1723
33,2022-05-03 08:40:00,0.006,1.2428
33,2022-05-03 08:45:00,0.002,0.7842
33,2022-05-03 08:50:00,0.001,0.7621
33,2022-05-03 08:55:00,0.0,0.6111
33,2022-05-03 09:00:00,0.002,0.5415
33,2022-05-03 09:05:00,0.015,0.4622
33,2022-05-03 09:10:00,0.041,0.3884
33,2022-05-03 09:15:00,0.003,0.38
33,2022-05-03 09:20:00,0.0,0.361
33,2022-05-03 09:25:00,0.0,0.5267
33,2022-05-03 09:30:00,0.0,0.457
33,2022-05-03 09:35:00,0.0,0.4087
33,2022-05-03 09:40:00,0.0,0.3612
33,2022-05-03 09:45:00,0.0,0.3895
33,2022-05-03 09:50:00,0.0,0.3409
33,2022-05-03 09:55:00,0.0,0.2913
33,2022-05-03 10:00:00,0.0,0.3021
33,2022-05-03 10:05:00,0.0,0.2796
33,2022-05-03 10:10:00,0.0,0.2786
33,2022-05-03 10:15:00,0.0,0.271
33,2022-05-03 10:20:00,0.0,0.2762
33,2022-05-03 10:25:00,0.0,0.2679
33,2022-05-03 10:30:00,0.0,0.2064
33,2022-05-03 10:35:00,0.0,0.2148
33,2022-05-03 10:40:00,0.0,0.2267
33,2022-05-03 10:45:00,0.0,0.2078
33,2022-05-03 10:50:00,0.0,0.1704
33,2022-05-03 10:55:00,0.0,0.1781
33,2022-05-03 11:00:00,0.0,0.1884
33,2022-05-03 11:05:00,0.0,0.1802
33,2022-05-03 11:10:00,0.0,0.169
33,2022-05-03 11:15:00,0.0,0.1664
33,2022-05-03 11:20:00,0.0,0.1843
33,2022-05-03 11:25:00,0.0,0.1701
33,2022-05-03 11:30:00,0.0,0.1446
33,2022-05-03 11:35:00,0.0,0.1414
33,2022-05-03 11:40:00,0.0,0.1705
33,2022-05-03 11:45:00,0.0,0.2026
33,2022-05-03 11:50:00,0.0,0.1794
33,2022-05-03 11:55:00,0.0,0.1629
33,2022-05-03 12:00:00,0.0,0.1355
33,2022-05-03 12:05:00,0.0,0.1478
33,2022-05-03 12:10:00,0.0,0.1311
33,2022-05-03 12:15:00,0.0,0.1261
33,2022-05-03 12:20:00,0.0,0.1551
33,2022-05-03 12:25:00,0.0,0.1284
33,2022-05-03 12:30:00,0.0,0.1298
33,2022-05-03 12:35:00,0.0,0.1353
33,2022-05-03 12:40:00,0.0,0.124
33,2022-05-03 12:45:00,0.0,0.0945
33,2022-05-03 12:50:00,0.0,0.0854
33,2022-05-03 12:55:00,0.0,0.0991
33,2022-05-03 13:00:00,0.0,0.1117
33,2022-05-03 13:05:00,0.0,0.1176
33,2022-05-03 13:10:00,0.0,0.1245
33,2022-05-03 13:15:00,0.0,0.0978
33,2022-05-03 13:20:00,0.0,0.1164
33,2022-05-03 13:25:00,0.0,0.1099
33,2022-05-03 13:30:00,0.0,0.1149
33,2022-05-03 13:35:00,0.0,0.11
33,2022-05-03 13:40:00,0.0,0.1091
33,2022-05-03 13:45:00,0.0,0.0912
33,2022-05-03 13:50:00,0.0,0.0722
33,2022-05-03 13:55:00,0.0,0.0795
33,2022-05-03 14:00:00,0.0,0.1007
33,2022-05-03 14:05:00,0.0,0.0898
33,2022-05-03 14:10:00,0.0,0.0936
33,2022-05-03 14:15:00,0.0,0.1032
33,2022-05-03 14:20:00,0.0,0.0799
33,2022-05-03 14:25:00,0.0,0.079
33,2022-05-03 14:30:00,0.0,0.0731
33,2022-05-03 14:35:00,0.0,0.0644
33,2022-05-03 14:40:00,0.0,0.0453
33,2022-05-03 14:45:00,0.001,0.0846
33,2022-05-03 14:50:00,0.01,0.0692
33,2022-05-03 14:55:00,0.006,0.0752
33,2022-05-03 15:00:00,0.022,0.045
33,2022-05-03 15:05:00,0.095,0.0545
33,2022-05-03 15:10:00,0.06,0.0855
33,2022-05-03 15:15:00,0.007,0.8837
33,2022-05-03 15:20:00,0.003,0.8818
33,2022-05-03 15:25:00,0.008,0.5377
33,2022-05-03 15:30:00,0.003,0.3683
33,2022-05-03 15:35:00,0.0,0.325
33,2022-05-03 15:40:00,0.0,0.3477
33,2022-05-03 15:45:00,0.0,0.3276
33,2022-05-03 15:50:00,0.0,0.3047
33,2022-05-03 15:55:00,0.0,0.2718
33,2022-05-03 16:00:00,0.0,0.2316
33,2022-05-03 16:05:00,0.0,0.2331
33,2022-05-03 16:10:00,0.0,0.2001
33,2022-05-03 16:15:00,0.0,0.1864
33,2022-05-03 16:20:00,0.0,0.2081
33,2022-05-03 16:25:00,0.0,0.1917
33,2022-05-03 16:30:00,0.0,0.2
33,2022-05-03 16:35:00,0.0,0.1722
33,2022-05-03 16:40:00,0.0,0.1879
33,2022-05-03 16:45:00,0.0,0.168
33,2022-05-03 16:50:00,0.0,0.1941
33,2022-05-03 16:55:00,0.0,0.1785
33,2022-05-03 17:00:00,0.0,0.1563
33,2022-05-03 17:05:00,0.0,0.1854
33,2022-05-03 17:10:00,0.0,0.1533
33,2022-05-03 17:15:00,0.0,0.174
33,2022-05-03 17:20:00,0.0,0.1725
33,2022-05-03 17:25:00,0.0,0.1802
33,2022-05-03 17:30:00,0.0,0.1633
33,2022-05-03 17:35:00,0.0,0.1651
33,2022-05-03 17:40:00,0.0,0.1512
33,2022-05-03 17:45:00,0.0,0.1415
33,2022-05-03 17:50:00,0.0,0.14
33,2022-05-03 17:55:00,0.0,0.1421
33,2022-05-03 18:00:00,0.0,0.1402
33,2022-05-03 18:05:00,0.0,0.1422
33,2022-05-03 18:10:00,0.0,0.128
33,2022-05-03 18:15:00,0.0,0.1123
33,2022-05-03 18:20:00,0.0,0.1169
33,2022-05-03 18:25:00,0.0,0.1122
33,2022-05-03 18:30:00,0.0,0.1245
33,2022-05-03 18:35:00,0.0,0.0859
33,2022-05-03 18:40:00,0.0,0.1021
33,2022-05-03 18:45:00,0.0,0.0927
33,2022-05-03 18:50:00,0.0,0.0833
33,2022-05-03 18:55:00,0.0,0.0946
33,2022-05-03 19:00:00,0.0,0.0946
33,2022-05-03 19:05:00,0.0,0.1169
33,2022-05-03 19:10:00,0.0,0.1046
33,2022-05-03 19:15:00,0.0,0.0762
33,2022-05-03 19:20:00,0.003,0.0804
33,2022-05-03 19:25:00,0.001,0.1045
33,2022-05-03 19:30:00,0.0,0.0985
33,2022-05-03 19:35:00,0.0,0.0713
33,2022-05-03 19:40:00,0.0,0.0779
33,2022-05-03 19:45:00,0.0,0.1117
33,2022-05-03 19:50:00,0.0,0.1043
33,2022-05-03 19:55:00,0.002,0.1007
33,2022-05-03 20:00:00,0.015,0.1061
33,2022-05-03 20:05:00,0.032,0.1231
33,2022-05-03 20:10:00,0.032,0.1007
33,2022-05-03 20:15:00,0.025,0.1194
33,2022-05-03 20:20:00,0.015,0.5156
33,2022-05-03 20:25:00,0.006,0.4873
33,2022-05-03 20:30:00,0.003,0.421
33,2022-05-03 20:35:00,0.004,0.358
33,2022-05-03 20:40:00,0.004,0.3674
33,2022-05-03 20:45:00,0.008,0.3896
33,2022-05-03 20:50:00,0.001,0.3869
33,2022-05-03 20:55:00,0.0,0.4065
33,2022-05-03 21:00:00,0.0,0.3931
33,2022-05-03 21:05:00,0.0,0.3545
33,2022-05-03 21:10:00,0.0,0.3495
33,2022-05-03 21:15:00,0.0,0.31
33,2022-05-03 21:20:00,0.0,0.3388
33,2022-05-03 21:25:00,0.0,0.2712
33,2022-05-03 21:30:00,0.0,0.3163
33,2022-05-03 21:35:00,0.0,0.2652
33,2022-05-03 21:40:00,0.0,0.2766
33,2022-05-03 21:45:00,0.002,0.2308
33,2022-05-03 21:50:00,0.002,0.2492
33,2022-05-03 21:55:00,0.0,0.2552
33,2022-05-03 22:00:00,0.0,0.239
33,2022-05-03 22:05:00,0.0,0.2465
33,2022-05-03 22:10:00,0.0,0.2604
33,2022-05-03 22:15:00,0.0,0.2398
33,2022-05-03 22:20:00,0.0,0.1984
33,2022-05-03 22:25:00,0.0,0.2174
33,2022-05-03 22:30:00,0.0,0.1887
33,2022-05-03 22:35:00,0.0,0.2004
33,2022-05-03 22:40:00,0.0,0.2069
33,2022-05-03 22:45:00,0.0,0.1957
33,2022-05-03 22:50:00,0.0,0.1854
33,2022-05-03 22:55:00,0.0,0.1942
33,2022-05-03 23:00:00,0.0,0.1723
33,2022-05-03 23:05:00,0.0,0.182
33,2022-05-03 23:10:00,0.0,0.162
33,2022-05-03 23:15:00,0.0,0.1615
33,2022-05-03 23:20:00,0.0,0.1732
33,2022-05-03 23:25:00,0.0,0.1743
33,2022-05-03 23:30:00,0.0,0.1902
33,2022-05-03 23:35:00,0.0,0.1718
33,2022-05-03 23:40:00,0.0,0.1799
33,2022-05-03 23:45:00,0.0,0.1798
33,2022-05-03 23:50:00,0.0,0.182
33,2022-05-03 23:55:00,0.0,0.1767
33,2022-05-04 00:00:00,0.0,0.1793
33,2022-05-04 00:05:00,0.0,0.1752
33,2022-05-04 00:10:00,0.0,0.1828
33,2022-05-04 00:15:00,0.0,0.1607
33,2022-05-04 00:20:00,0.0,0.1551
33,2022-05-04 00:25:00,0.0,0.1562
33,2022-05-04 00:30:00,0.0,0.155
33,2022-05-04 00:35:00,0.0,0.1685
33,2022-05-04 00:40:00,0.0,0.1568
33,2022-05-04 00:45:00,0.0,0.1359
33,2022-05-04 00:50:00,0.0,0.1343
33,2022-05-04 00:55:00,0.0,0.1309
33,2022-05-04 01:00:00,0.0,0.1455
33,2022-05-04 01:05:00,0.0,0.1356
33,2022-05-04 01:10:00,0.0,0.1506
33,2022-05-04 01:15:00,0.0,0.1358
33,2022-05-04 01:20:00,0.0,0.1347
33,2022-05-04 01:25:00,0.0,0.1338
33,2022-05-04 01:30:00,0.0,0.1315
33,2022-05-04 01:35:00,0.0,0.1405
33,2022-05-04 01:40:00,0.0,0.1235
33,2022-05-04 01:45:00,0.0,0.126
33,2022-05-04 01:50:00,0.0,0.1244
33,2022-05-04 01:55:00,0.0,0.1359
33,2022-05-04 02:00:00,0.0,0.117
33,2022-05-04 02:05:00,0.0,0.1303
33,2022-05-04 02:10:00,0.0,0.1255
33,2022-05-04 02:15:00,0.0,0.1364
33,2022-05-04 02:20:00,0.0,0.123
33,2022-05-04 02:25:00,0.0,0.095
33,2022-05-04 02:30:00,0.0,0.1016
33,2022-05-04 02:35:00,0.0,0.1154
33,2022-05-04 02:40:00,0.0,0.1083
33,2022-05-04 02:45:00,0.0,0.1108
33,2022-05-04 02:50:00,0.0,0.1017
33,2022-05-04 02:55:00,0.0,0.1032
33,2022-05-04 03:00:00,0.0,0.1171
34,2022-05-05 14:30:00,0.0,-0.0083
34,2022-05-05 14:35:00,0.0,-0.0034
34,2022-05-05 14:40:00,0.0,0.0109
34,2022-05-05 14:45:00,0.004,0.016
34,2022-05-05 14:50:00,0.007,0.0053
34,2022-05-05 14:55:00,0.006,0.0168
34,2022-05-05 15:00:00,0.005,0.0206
34,2022-05-05 15:05:00,0.005,0.0071
34,2022-05-05 15:10:00,0.004,0.0095
34,2022-05-05 15:15:00,0.001,-0.0101
34,2022-05-05 15:20:00,0.001,-0.006
34,2022-05-05 15:25:00,0.002,0.0171
34,2022-05-05 15:30:00,0.002,0.0015
34,2022-05-05 15:35:00,0.001,0.019
34,2022-05-05 15:40:00,0.0,0.0322
34,2022-05-05 15:45:00,0.0,0.03
34,2022-05-05 15:50:00,0.0,0.0368
34,2022-05-05 15:55:00,0.0,0.0646
34,2022-05-05 16:00:00,0.0,0.054
34,2022-05-05 16:05:00,0.0,0.062
34,2022-05-05 16:10:00,0.0,0.0669
34,2022-05-05 16:15:00,0.0,0.0464
34,2022-05-05 16:20:00,0.0,0.0572
34,2022-05-05 16:25:00,0.0,0.0412
34,2022-05-05 16:30:00,0.0,0.0127
34,2022-05-05 16:35:00,0.0,0.0297
34,2022-05-05 16:40:00,0.0,0.0335
34,2022-05-05 16:45:00,0.0,0.0423
34,2022-05-05 16:50:00,0.0,0.0417
34,2022-05-05 16:55:00,0.0,0.0357
34,2022-05-05 17:00:00,0.0,0.0302
34,2022-05-05 17:05:00,0.0,0.0031
34,2022-05-05 17:10:00,0.0,0.0336
34,2022-05-05 17:15:00,0.0,0.0149
34,2022-05-05 17:20:00,0.001,0.0174
34,2022-05-05 17:25:00,0.0,0.0314
34,2022-05-05 17:30:00,0.0,0.0262
34,2022-05-05 17:35:00,0.0,0.0238
34,2022-05-05 17:40:00,0.0,0.0394
34,2022-05-05 17:45:00,0.0,0.0413
34,2022-05-05 17:50:00,0.0,0.0159
34,2022-05-05 17:55:00,0.0,-0.02
34,2022-05-05 18:00:00,0.0,0.0076
34,2022-05-05 18:05:00,0.0,0.0064
34,2022-05-05 18:10:00,0.001,0.0234
34,2022-05-05 18:15:00,0.016,0.0336
34,2022-05-05 18:20:00,0.03,0.0459
34,2022-05-05 18:25:00,0.011,0.0046
34,2022-05-05 18:30:00,0.0,0.0299
34,2022-05-05 18:35:00,0.0,0.0264
34,2022-05-05 18:40:00,0.0,0.174
34,2022-05-05 18:45:00,0.0,0.1318
34,2022-05-05 18:50:00,0.0,0.1113
34,2022-05-05 18:55:00,0.0,0.0731
34,2022-05-05 19:00:00,0.003,0.0614
34,2022-05-05 19:05:00,0.005,0.0742
34,2022-05-05 19:10:00,0.001,0.0777
34,2022-05-05 19:15:00,0.0,0.0708
34,2022-05-05 19:20:00,0.001,0.0786
34,2022-05-05 19:25:00,0.001,0.0691
34,2022-05-05 19:30:00,0.0,0.043
34,2022-05-05 19:35:00,0.0,0.0416
34,2022-05-05 19:40:00,0.004,0.0594
34,2022-05-05 19:45:00,0.005,0.0451
34,2022-05-05 19:50:00,0.006,0.0579
34,2022-05-05 19:55:00,0.007,0.0473
34,2022-05-05 20:00:00,0.0,0.0324
34,2022-05-05 20:05:00,0.0,0.0557
34,2022-05-05 20:10:00,0.0,0.05
34,2022-05-05 20:15:00,0.0,0.0933
34,2022-05-05 20:20:00,0.001,0.1061
34,2022-05-05 20:25:00,0.001,0.1158
34,2022-05-05 20:30:00,0.002,0.0948
34,2022-05-05 20:35:00,0.003,0.1128
34,2022-05-05 20:40:00,0.005,0.0944
34,2022-05-05 20:45:00,0.009,0.0877
34,2022-05-05 20:50:00,0.013,0.0955
34,2022-05-05 20:55:00,0.018,0.0776
34,2022-05-05 21:00:00,0.045,0.0607
34,2022-05-05 21:05:00,0.073,0.0831
34,2022-05-05 21:10:00,0.032,0.0869
34,2022-05-05 21:15:00,0.003,0.8476
34,2022-05-05 21:20:00,0.012,0.8268
34,2022-05-05 21:25:00,0.031,0.399
34,2022-05-05 21:30:00,0.029,0.278
34,2022-05-05 21:35:00,0.022,0.2856
34,2022-05-05 21:40:00,0.01,0.6641
34,2022-05-05 21:45:00,0.003,0.6176
34,2022-05-05 21:50:00,0.0,0.5641
34,2022-05-05 21:55:00,0.0,0.5614
34,2022-05-05 22:00:00,0.0,0.4743
34,2022-05-05 22:05:00,0.0,0.4437
34,2022-05-05 22:10:00,0.0,0.4531
34,2022-05-05 22:15:00,0.0,0.4049
34,2022-05-05 22:20:00,0.0,0.3573
34,2022-05-05 22:25:00,0.0,0.351
34,2022-05-05 22:30:00,0.0,0.3494
34,2022-05-05 22:35:00,0.0,0.3082
34,2022-05-05 22:40:00,0.0,0.2989
34,2022-05-05 22:45:00,0.0,0.2942
34,2022-05-05 22:50:00,0.0,0.2849
34,2022-05-05 22:55:00,0.0,0.2576
34,2022-05-05 23:00:00,0.0,0.2502
34,2022-05-05 23:05:00,0.0,0.2604
34,2022-05-05 23:10:00,0.0,0.2229
34,2022-05-05 23:15:00,0.0,0.2322
34,2022-05-05 23:20:00,0.0,0.2313
34,2022-05-05 23:25:00,0.0,0.1969
34,2022-05-05 23:30:00,0.0,0.2252
34,2022-05-05 23:35:00,0.0,0.1899
34,2022-05-05 23:40:00,0.0,0.2002
34,2022-05-05 23:45:00,0.0,0.2045
34,2022-05-05 23:50:00,0.0,0.2083
34,2022-05-05 23:55:00,0.0,0.1996
34,2022-05-06 00:00:00,0.0,0.1724
34,2022-05-06 00:05:00,0.0,0.1882
34,2022-05-06 00:10:00,0.0,0.1885
34,2022-05-06 00:15:00,0.0,0.178
34,2022-05-06 00:20:00,0.0,0.1767
34,2022-05-06 00:25:00,0.0,0.1668
34,2022-05-06 00:30:00,0.0,0.1801
34,2022-05-06 00:35:00,0.0,0.1687
34,2022-05-06 00:40:00,0.0,0.1829
34,2022-05-06 00:45:00,0.0,0.1792
34,2022-05-06 00:50:00,0.0,0.1896
34,2022-05-06 00:55:00,0.0,0.159
34,2022-05-06 01:00:00,0.0,0.163
34,2022-05-06 01:05:00,0.0,0.155
34,2022-05-06 01:10:00,0.0,0.1543
34,2022-05-06 01:15:00,0.0,0.1576
34,2022-05-06 01:20:00,0.0,0.1471
34,2022-05-06 01:25:00,0.0,0.1372
34,2022-05-06 01:30:00,0.0,0.1388
34,2022-05-06 01:35:00,0.0,0.1494
34,2022-05-06 01:40:00,0.0,0.1484
34,2022-05-06 01:45:00,0.0,0.1882
34,2022-05-06 01:50:00,0.0,0.1457
34,2022-05-06 01:55:00,0.0,0.1341
34,2022-05-06 02:00:00,0.0,0.1346
34,2022-05-06 02:05:00,0.0,0.1272
34,2022-05-06 02:10:00,0.0,0.1345
34,2022-05-06 02:15:00,0.0,0.1346
34,2022-05-06 02:20:00,0.0,0.1154
34,2022-05-06 02:25:00,0.0,0.1249
34,2022-05-06 02:30:00,0.0,0.1245
34,2022-05-06 02:35:00,0.0,0.131
34,2022-05-06 02:40:00,0.0,0.1191
34,2022-05-06 02:45:00,0.0,0.1275
34,2022-05-06 02:50:00,0.0,0.13
34,2022-05-06 02:55:00,0.0,0.1327
34,2022-05-06 03:00:00,0.0,0.1199
34,2022-05-06 03:05:00,0.0,0.1339
34,2022-05-06 03:10:00,0.001,0.1209
34,2022-05-06 03:15:00,0.001,0.1187
34,2022-05-06 03:20:00,0.003,0.0993
34,2022-05-06 03:25:00,0.006,0.1162
34,2022-05-06 03:30:00,0.013,0.1191
34,2022-05-06 03:35:00,0.008,0.1181
34,2022-05-06 03:40:00,0.007,0.1143
34,2022-05-06 03:45:00,0.015,0.1271
34,2022-05-06 03:50:00,0.046,0.1778
34,2022-05-06 03:55:00,0.055,0.2087
34,2022-05-06 04:00:00,0.034,0.2396
34,2022-05-06 04:05:00,0.024,0.8584
34,2022-05-06 04:10:00,0.02,0.6971
34,2022-05-06 04:15:00,0.017,0.6377
34,2022-05-06 04:20:00,0.02,0.6403
34,2022-05-06 04:25:00,0.021,0.6098
34,2022-05-06 04:30:00,0.026,0.6765
34,2022-05-06 04:35:00,0.033,0.6327
34,2022-05-06 04:40:00,0.027,0.7909
34,2022-05-06 04:45:00,0.023,0.8707
34,2022-05-06 04:50:00,0.015,0.8327
34,2022-05-06 04:55:00,0.011,0.7732
34,2022-05-06 05:00:00,0.006,0.7843
34,2022-05-06 05:05:00,0.002,0.784
34,2022-05-06 05:10:00,0.005,0.8059
34,2022-05-06 05:15:00,0.005,0.7514
34,2022-05-06 05:20:00,0.007,0.802
34,2022-05-06 05:25:00,0.009,0.7508
34,2022-05-06 05:30:00,0.006,0.7674
34,2022-05-06 05:35:00,0.002,0.7599
34,2022-05-06 05:40:00,0.002,0.7808
34,2022-05-06 05:45:00,0.005,0.7466
34,2022-05-06 05:50:00,0.004,0.7802
34,2022-05-06 05:55:00,0.005,0.7387
34,2022-05-06 06:00:00,0.005,0.6832
34,2022-05-06 06:05:00,0.002,0.7672
34,2022-05-06 06:10:00,0.007,0.7068
34,2022-05-06 06:15:00,0.009,0.6823
34,2022-05-06 06:20:00,0.006,0.7872
34,2022-05-06 06:25:00,0.002,0.7746
34,2022-05-06 06:30:00,0.0,0.7351
34,2022-05-06 06:35:00,0.0,0.7368
34,2022-05-06 06:40:00,0.0,0.7935
34,2022-05-06 06:45:00,0.0,0.7707
34,2022-05-06 06:50:00,0.0,0.7136
34,2022-05-06 06:55:00,0.0,0.6305
34,2022-05-06 07:00:00,0.0,0.6442
34,2022-05-06 07:05:00,0.0,0.6092
34,2022-05-06 07:10:00,0.0,0.6611
34,2022-05-06 07:15:00,0.0,0.6195
34,2022-05-06 07:20:00,0.0,0.5753
34,2022-05-06 07:25:00,0.0,0.6078
34,2022-05-06 07:30:00,0.0,0.5477
34,2022-05-06 07:35:00,0.0,0.5892
34,2022-05-06 07:40:00,0.0,0.5162
34,2022-05-06 07:45:00,0.0,0.568
34,2022-05-06 07:50:00,0.0,0.5625
34,2022-05-06 07:55:00,0.0,0.5363
34,2022-05-06 08:00:00,0.0,0.5696
34,2022-05-06 08:05:00,0.0,0.524
34,2022-05-06 08:10:00,0.0,0.483
34,2022-05-06 08:15:00,0.0,0.5381
34,2022-05-06 08:20:00,0.0,0.4541
34,2022-05-06 08:25:00,0.0,0.4479
34,2022-05-06 08:30:00,0.0,0.4865
34,2022-05-06 08:35:00,0.0,0.4882
34,2022-05-06 08:40:00,0.0,0.473
34,2022-05-06 08:45:00,0.0,0.4469
34,2022-05-06 08:50:00,0.0,0.4179
34,2022-05-06 08:55:00,0.0,0.4832
34,2022-05-06 09:00:00,0.0,0.4849
34,2022-05-06 09:05:00,0.0,0.4768
34,2022-05-06 09:10:00,0.0,0.3918
34,2022-05-06 09:15:00,0.0,0.4269
34,2022-05-06 09:20:00,0.0,0.4432
34,2022-05-06 09:25:00,0.0,0.3975
34,2022-05-06 09:30:00,0.0,0.4142
34,2022-05-06 09:35:00,0.0,0.4405
34,2022-05-06 09:40:00,0.0,0.3815
34,2022-05-06 09:45:00,0.0,0.4073
34,2022-05-06 09:50:00,0.0,0.3836
34,2022-05-06 09:55:00,0.0,0.4071
34,2022-05-06 10:00:00,0.0,0.4267
34,2022-05-06 10:05:00,0.0,0.4214
34,2022-05-06 10:10:00,0.0,0.4122
34,2022-05-06 10:15:00,0.0,0.3861
34,2022-05-06 10:20:00,0.0,0.3833
34,2022-05-06 10:25:00,0.0,0.3211
34,2022-05-06 10:30:00,0.0,0.3916
34,2022-05-06 10:35:00,0.0,0.3855
34,2022-05-06 10:40:00,0.0,0.411
34,2022-05-06 10:45:00,0.0,0.3207
34,2022-05-06 10:50:00,0.0,0.3669
34,2022-05-06 10:55:00,0.0,0.3598
34,2022-05-06 11:00:00,0.0,0.3607
34,2022-05-06 11:05:00,0.0,0.3038
34,2022-05-06 11:10:00,0.0,0.352
34,2022-05-06 11:15:00,0.0,0.3477
34,2022-05-06 11:20:00,0.0,0.3512
34,2022-05-06 11:25:00,0.0,0.3311
34,2022-05-06 11:30:00,0.0,0.3302
34,2022-05-06 11:35:00,0.0,0.3376
34,2022-05-06 11:40:00,0.0,0.344
34,2022-05-06 11:45:00,0.0,0.3101
34,2022-05-06 11:50:00,0.0,0.3024
34,2022-05-06 11:55:00,0.0,0.2803
34,2022-05-06 12:00:00,0.0,0.3032
34,2022-05-06 12:05:00,0.0,0.3392
34,2022-05-06 12:10:00,0.0,0.3168
34,2022-05-06 12:15:00,0.0,0.3169
34,2022-05-06 12:20:00,0.0,0.3084
34,2022-05-06 12:25:00,0.0,0.2703
34,2022-05-06 12:30:00,0.0,0.289
34,2022-05-06 12:35:00,0.0,0.2782
34,2022-05-06 12:40:00,0.0,0.2772
34,2022-05-06 12:45:00,0.0,0.2782
34,2022-05-06 12:50:00,0.0,0.2773
34,2022-05-06 12:55:00,0.0,0.2746
34,2022-05-06 13:00:00,0.0,0.2676
34,2022-05-06 13:05:00,0.0,0.2758
34,2022-05-06 13:10:00,0.0,0.3133
34,2022-05-06 13:15:00,0.0,0.2663
34,2022-05-06 13:20:00,0.0,0.2626
34,2022-05-06 13:25:00,0.0,0.2791
34,2022-05-06 13:30:00,0.0,0.2511
34,2022-05-06 13:35:00,0.0,0.27
34,2022-05-06 13:40:00,0.0,0.237
34,2022-05-06 13:45:00,0.0,0.2716
34,2022-05-06 13:50:00,0.0,0.2563
34,2022-05-06 13:55:00,0.0,0.2534
34,2022-05-06 14:00:00,0.0,0.255
34,2022-05-06 14:05:00,0.0,0.2367
34,2022-05-06 14:10:00,0.0,0.245
35,2022-05-06 14:10:00,0.0,0.245
35,2022-05-06 14:15:00,0.0,0.2678
35,2022-05-06 14:20:00,0.0,0.2475
35,2022-05-06 14:25:00,0.001,0.2586
35,2022-05-06 14:30:00,0.002,0.2423
35,2022-05-06 14:35:00,0.001,0.2522
35,2022-05-06 14:40:00,0.0,0.2392
35,2022-05-06 14:45:00,0.0,0.2389
35,2022-05-06 14:50:00,0.0,0.2307
35,2022-05-06 14:55:00,0.0,0.2428
35,2022-05-06 15:00:00,0.0,0.2357
35,2022-05-06 15:05:00,0.0,0.2156
35,2022-05-06 15:10:00,0.0,0.1977
35,2022-05-06 15:15:00,0.0,0.2359
35,2022-05-06 15:20:00,0.0,0.2262
35,2022-05-06 15:25:00,0.0,0.2149
35,2022-05-06 15:30:00,0.0,0.2399
35,2022-05-06 15:35:00,0.0,0.2195
35,2022-05-06 15:40:00,0.001,0.2548
35,2022-05-06 15:45:00,0.0,0.21
35,2022-05-06 15:50:00,0.001,0.2015
35,2022-05-06 15:55:00,0.002,0.182
35,2022-05-06 16:00:00,0.002,0.192
35,2022-05-06 16:05:00,0.002,0.2264
35,2022-05-06 16:10:00,0.002,0.1742
35,2022-05-06 16:15:00,0.001,0.1993
35,2022-05-06 16:20:00,0.003,0.1783
35,2022-05-06 16:25:00,0.001,0.2304
35,2022-05-06 16:30:00,0.0,0.221
35,2022-05-06 16:35:00,0.001,0.2088
35,2022-05-06 16:40:00,0.002,0.2565
35,2022-05-06 16:45:00,0.0,0.2482
35,2022-05-06 16:50:00,0.0,0.2754
35,2022-05-06 16:55:00,0.0,0.2427
35,2022-05-06 17:00:00,0.0,0.2485
35,2022-05-06 17:05:00,0.0,0.2186
35,2022-05-06 17:10:00,0.0,0.2442
35,2022-05-06 17:15:00,0.001,0.2402
35,2022-05-06 17:20:00,0.016,0.2352
35,2022-05-06 17:25:00,0.052,0.2105
35,2022-05-06 17:30:00,0.102,0.2306
35,2022-05-06 17:35:00,0.157,0.9495
35,2022-05-06 17:40:00,0.168,1.1427
35,2022-05-06 17:45:00,0.149,1.7524
35,2022-05-06 17:50:00,0.054,2.2363
35,2022-05-06 17:55:00,0.021,2.1727
35,2022-05-06 18:00:00,0.008,2.5971
35,2022-05-06 18:05:00,0.003,2.2676
35,2022-05-06 18:10:00,0.001,2.4477
35,2022-05-06 18:15:00,0.0,2.2096
35,2022-05-06 18:20:00,0.0,2.4058
35,2022-05-06 18:25:00,0.0,2.13
35,2022-05-06 18:30:00,0.0,1.7208
35,2022-05-06 18:35:00,0.001,1.5386
35,2022-05-06 18:40:00,0.001,1.4363
35,2022-05-06 18:45:00,0.0,1.3841
35,2022-05-06 18:50:00,0.0,1.2792
35,2022-05-06 18:55:00,0.0,1.3012
35,2022-05-06 19:00:00,0.0,0.9948
35,2022-05-06 19:05:00,0.0,1.1237
35,2022-05-06 19:10:00,0.0,0.8863
35,2022-05-06 19:15:00,0.0,1.0581
35,2022-05-06 19:20:00,0.0,1.1844
35,2022-05-06 19:25:00,0.0,1.2143
35,2022-05-06 19:30:00,0.0,1.0248
35,2022-05-06 19:35:00,0.0,0.8648
35,2022-05-06 19:40:00,0.0,0.9434
35,2022-05-06 19:45:00,0.0,0.9971
35,2022-05-06 19:50:00,0.0,0.8854
35,2022-05-06 19:55:00,0.0,0.8007
35,2022-05-06 20:00:00,0.0,0.8426
35,2022-05-06 20:05:00,0.0,0.8666
35,2022-05-06 20:10:00,0.0,0.8441
35,2022-05-06 20:15:00,0.0,0.7991
35,2022-05-06 20:20:00,0.0,0.7614
35,2022-05-06 20:25:00,0.0,0.8054
35,2022-05-06 20:30:00,0.0,0.8029
35,2022-05-06 20:35:00,0.0,0.8049
35,2022-05-06 20:40:00,0.0,0.804
35,2022-05-06 20:45:00,0.0,0.7444
35,2022-05-06 20:50:00,0.0,0.6893
35,2022-05-06 20:55:00,0.0,0.686
35,2022-05-06 21:00:00,0.0,0.7631
35,2022-05-06 21:05:00,0.0,0.7096
35,2022-05-06 21:10:00,0.0,0.711
35,2022-05-06 21:15:00,0.0,0.734
35,2022-05-06 21:20:00,0.0,0.7011
35,2022-05-06 21:25:00,0.0,0.7017
35,2022-05-06 21:30:00,0.0,0.7111
35,2022-05-06 21:35:00,0.0,0.6902
35,2022-05-06 21:40:00,0.002,0.6558
35,2022-05-06 21:45:00,0.006,0.6779
35,2022-05-06 21:50:00,0.004,0.6514
35,2022-05-06 21:55:00,0.001,0.6293
35,2022-05-06 22:00:00,0.0,0.6532
35,2022-05-06 22:05:00,0.0,0.6413
35,2022-05-06 22:10:00,0.0,0.6611
35,2022-05-06 22:15:00,0.0,0.6228
35,2022-05-06 22:20:00,0.0,0.6629
35,2022-05-06 22:25:00,0.0,0.6516
35,2022-05-06 22:30:00,0.0,0.6309
35,2022-05-06 22:35:00,0.0,0.6051
35,2022-05-06 22:40:00,0.0,0.6293
35,2022-05-06 22:45:00,0.0,0.619
35,2022-05-06 22:50:00,0.0,0.6235
35,2022-05-06 22:55:00,0.0,0.6643
35,2022-05-06 23:00:00,0.0,0.57
35,2022-05-06 23:05:00,0.0,0.5754
35,2022-05-06 23:10:00,0.0,0.6339
35,2022-05-06 23:15:00,0.0,0.5246
35,2022-05-06 23:20:00,0.0,0.5528
35,2022-05-06 23:25:00,0.0,0.5713
35,2022-05-06 23:30:00,0.0,0.5499
35,2022-05-06 23:35:00,0.0,0.5565
35,2022-05-06 23:40:00,0.0,0.5466
35,2022-05-06 23:45:00,0.0,0.5749
35,2022-05-06 23:50:00,0.0,0.522
35,2022-05-06 23:55:00,0.0,0.5717
35,2022-05-07 00:00:00,0.0,0.5756
35,2022-05-07 00:05:00,0.0,0.5192
35,2022-05-07 00:10:00,0.0,0.5428
35,2022-05-07 00:15:00,0.0,0.4959
35,2022-05-07 00:20:00,0.0,0.5359
35,2022-05-07 00:25:00,0.0,0.5292
35,2022-05-07 00:30:00,0.0,0.532
35,2022-05-07 00:35:00,0.0,0.4753
35,2022-05-07 00:40:00,0.0,0.4813
35,2022-05-07 00:45:00,0.0,0.5193
35,2022-05-07 00:50:00,0.0,0.5004
35,2022-05-07 00:55:00,0.0,0.5076
35,2022-05-07 01:00:00,0.0,0.4675
35,2022-05-07 01:05:00,0.0,0.4887
35,2022-05-07 01:10:00,0.0,0.4859
35,2022-05-07 01:15:00,0.0,0.4677
35,2022-05-07 01:20:00,0.0,0.4436
35,2022-05-07 01:25:00,0.0,0.4564
35,2022-05-07 01:30:00,0.0,0.4433
35,2022-05-07 01:35:00,0.0,0.4428
35,2022-05-07 01:40:00,0.0,0.4254
35,2022-05-07 01:45:00,0.0,0.4693
35,2022-05-07 01:50:00,0.0,0.4657
35,2022-05-07 01:55:00,0.0,0.4346
35,2022-05-07 02:00:00,0.0,0.4655
35,2022-05-07 02:05:00,0.0,0.4484
35,2022-05-07 02:10:00,0.0,0.4344
35,2022-05-07 02:15:00,0.0,0.427
35,2022-05-07 02:20:00,0.0,0.4152
35,2022-05-07 02:25:00,0.0,0.4391
35,2022-05-07 02:30:00,0.0,0.422
35,2022-05-07 02:35:00,0.0,0.4214
35,2022-05-07 02:40:00,0.0,0.4427
35,2022-05-07 02:45:00,0.0,0.3976
35,2022-05-07 02:50:00,0.0,0.4246
35,2022-05-07 02:55:00,0.0,0.446
35,2022-05-07 03:00:00,0.0,0.422
35,2022-05-07 03:05:00,0.0,0.3915
35,2022-05-07 03:10:00,0.0,0.385
35,2022-05-07 03:15:00,0.0,0.4132
35,2022-05-07 03:20:00,0.0,0.4075
35,2022-05-07 03:25:00,0.0,0.405
35,2022-05-07 03:30:00,0.0,0.4109
35,2022-05-07 03:35:00,0.0,0.4295
35,2022-05-07 03:40:00,0.0,0.39
35,2022-05-07 03:45:00,0.0,0.401
35,2022-05-07 03:50:00,0.0,0.3678
35,2022-05-07 03:55:00,0.0,0.381
35,2022-05-07 04:00:00,0.0,0.3961
35,2022-05-07 04:05:00,0.0,0.3707
35,2022-05-07 04:10:00,0.0,0.3499
35,2022-05-07 04:15:00,0.0,0.3926
35,2022-05-07 04:20:00,0.0,0.3777
35,2022-05-07 04:25:00,0.0,0.3588
35,2022-05-07 04:30:00,0.0,0.3501
35,2022-05-07 04:35:00,0.0,0.3702
35,2022-05-07 04:40:00,0.0,0.3477
35,2022-05-07 04:45:00,0.0,0.3764
35,2022-05-07 04:50:00,0.0,0.3859
35,2022-05-07 04:55:00,0.0,0.3955
35,2022-05-07 05:00:00,0.0,0.3308
35,2022-05-07 05:05:00,0.0,0.3263
35,2022-05-07 05:10:00,0.0,0.3359
35,2022-05-07 05:15:00,0.0,0.3629
35,2022-05-07 05:20:00,0.0,0.3344
35,2022-05-07 05:25:00,0.0,0.366
35,2022-05-07 05:30:00,0.0,0.3454
35,2022-05-07 05:35:00,0.0,0.3849
35,2022-05-07 05:40:00,0.0,0.2952
35,2022-05-07 05:45:00,0.0,0.328
35,2022-05-07 05:50:00,0.0,0.372
35,2022-05-07 05:55:00,0.0,0.338
35,2022-05-07 06:00:00,0.0,0.3466
35,2022-05-07 06:05:00,0.0,0.3451
35,2022-05-07 06:10:00,0.0,0.3275
35,2022-05-07 06:15:00,0.0,0.3145
35,2022-05-07 06:20:00,0.0,0.366
35,2022-05-07 06:25:00,0.0,0.3908
35,2022-05-07 06:30:00,0.0,0.3189
35,2022-05-07 06:35:00,0.0,0.3331
35,2022-05-07 06:40:00,0.0,0.3189
35,2022-05-07 06:45:00,0.0,0.3304
35,2022-05-07 06:50:00,0.0,0.323
35,2022-05-07 06:55:00,0.0,0.3394
35,2022-05-07 07:00:00,0.0,0.2908
35,2022-05-07 07:05:00,0.0,0.3072
35,2022-05-07 07:10:00,0.0,0.3306
35,2022-05-07 07:15:00,0.0,0.3327
35,2022-05-07 07:20:00,0.0,0.3123
35,2022-05-07 07:25:00,0.0,0.3039
35,2022-05-07 07:30:00,0.0,0.3428
35,2022-05-07 07:35:00,0.0,0.3109
35,2022-05-07 07:40:00,0.0,0.2699
35,2022-05-07 07:45:00,0.0,0.3049
35,2022-05-07 07:50:00,0.0,0.2741
35,2022-05-07 07:55:00,0.0,0.2734
35,2022-05-07 08:00:00,0.0,0.3037
35,2022-05-07 08:05:00,0.0,0.3024
35,2022-05-07 08:10:00,0.0,0.2976
35,2022-05-07 08:15:00,0.0,0.2632
35,2022-05-07 08:20:00,0.0,0.2585
35,2022-05-07 08:25:00,0.0,0.2774
35,2022-05-07 08:30:00,0.0,0.2624
35,2022-05-07 08:35:00,0.0,0.2709
35,2022-05-07 08:40:00,0.0,0.2474
35,2022-05-07 08:45:00,0.0,0.2661
35,2022-05-07 08:50:00,0.0,0.3087
35,2022-05-07 08:55:00,0.0,0.2771
35,2022-05-07 09:00:00,0.0,0.2592
35,2022-05-07 09:05:00,0.0,0.245
35,2022-05-07 09:10:00,0.0,0.2649
35,2022-05-07 09:15:00,0.0,0.2685
35,2022-05-07 09:20:00,0.0,0.2453
35,2022-05-07 09:25:00,0.0,0.278
35,2022-05-07 09:30:00,0.0,0.2784
35,2022-05-07 09:35:00,0.0,0.2681
35,2022-05-07 09:40:00,0.0,0.2716
35,2022-05-07 09:45:00,0.0,0.2786
35,2022-05-07 09:50:00,0.0,0.2755
35,2022-05-07 09:55:00,0.0,0.2703
35,2022-05-07 10:00:00,0.0,0.1906
35,2022-05-07 10:05:00,0.0,0.268
35,2022-05-07 10:10:00,0.0,0.2739
35,2022-05-07 10:15:00,0.0,0.2601
35,2022-05-07 10:20:00,0.0,0.2458
35,2022-05-07 10:25:00,0.0,0.2219
35,2022-05-07 10:30:00,0.0,0.2368
35,2022-05-07 10:35:00,0.0,0.2319
35,2022-05-07 10:40:00,0.0,0.2441
35,2022-05-07 10:45:00,0.0,0.2291
35,2022-05-07 10:50:00,0.0,0.2089
35,2022-05-07 10:55:00,0.0,0.2307
35,2022-05-07 11:00:00,0.0,0.2154
35,2022-05-07 11:05:00,0.0,0.1954
35,2022-05-07 11:10:00,0.0,0.2013
35,2022-05-07 11:15:00,0.0,0.1877
35,2022-05-07 11:20:00,0.0,0.2068
35,2022-05-07 11:25:00,0.0,0.201
35,2022-05-07 11:30:00,0.0,0.2202
35,2022-05-07 11:35:00,0.0,0.2242
35,2022-05-07 11:40:00,0.0,0.2186
35,2022-05-07 11:45:00,0.0,0.1828
35,2022-05-07 11:50:00,0.0,0.1799
35,2022-05-07 11:55:00,0.0,0.17
35,2022-05-07 12:00:00,0.0,0.1698
35,2022-05-07 12:05:00,0.0,0.1832
35,2022-05-07 12:10:00,0.0,0.1784
35,2022-05-07 12:15:00,0.0,0.213
35,2022-05-07 12:20:00,0.0,0.1982
35,2022-05-07 12:25:00,0.0,0.1943
35,2022-05-07 12:30:00,0.0,0.2082
35,2022-05-07 12:35:00,0.0,0.2208
35,2022-05-07 12:40:00,0.0,0.2127
35,2022-05-07 12:45:00,0.0,0.1533
35,2022-05-07 12:50:00,0.0,0.1864
35,2022-05-07 12:55:00,0.0,0.2089
35,2022-05-07 13:00:00,0.0,0.205
35,2022-05-07 13:05:00,0.0,0.1728
35,2022-05-07 13:10:00,0.0,0.1824
35,2022-05-07 13:15:00,0.0,0.1647
35,2022-05-07 13:20:00,0.0,0.1767
35,2022-05-07 13:25:00,0.0,0.1429
35,2022-05-07 13:30:00,0.0,0.1313
35,2022-05-07 13:35:00,0.0,0.1723
35,2022-05-07 13:40:00,0.0,0.1619
35,2022-05-07 13:45:00,0.0,0.1921
35,2022-05-07 13:50:00,0.0,0.1508
35,2022-05-07 13:55:00,0.0,0.1328
35,2022-05-07 14:00:00,0.0,0.1616
35,2022-05-07 14:05:00,0.0,0.1753
35,2022-05-07 14:10:00,0.0,0.1603
35,2022-05-07 14:15:00,0.0,0.1786
35,2022-05-07 14:20:00,0.0,0.1737
35,2022-05-07 14:25:00,0.0,0.1713
35,2022-05-07 14:30:00,0.0,0.1288
35,2022-05-07 14:35:00,0.0,0.155
35,2022-05-07 14:40:00,0.0,0.1306
35,2022-05-07 14:45:00,0.0,0.1714
35,2022-05-07 14:50:00,0.0,0.177
35,2022-05-07 14:55:00,0.0,0.1727
35,2022-05-07 15:00:00,0.0,0.1715
35,2022-05-07 15:05:00,0.0,0.165
35,2022-05-07 15:10:00,0.0,0.1477
35,2022-05-07 15:15:00,0.0,0.1725
35,2022-05-07 15:20:00,0.0,0.0977
35,2022-05-07 15:25:00,0.0,0.1485
35,2022-05-07 15:30:00,0.0,0.1578
35,2022-05-07 15:35:00,0.0,0.1621
35,2022-05-07 15:40:00,0.0,0.1706
35,2022-05-07 15:45:00,0.0,0.1589
35,2022-05-07 15:50:00,0.0,0.1567
35,2022-05-07 15:55:00,0.0,0.1408
35,2022-05-07 16:00:00,0.0,0.1502
35,2022-05-07 16:05:00,0.0,0.1612
35,2022-05-07 16:10:00,0.0,0.1232
35,2022-05-07 16:15:00,0.0,0.1589
35,2022-05-07 16:20:00,0.0,0.2026
35,2022-05-07 16:25:00,0.0,0.1529
35,2022-05-07 16:30:00,0.0,0.135
35,2022-05-07 16:35:00,0.0,0.1309
35,2022-05-07 16:40:00,0.0,0.1568
35,2022-05-07 16:45:00,0.0,0.1267
35,2022-05-07 16:50:00,0.0,0.1056
35,2022-05-07 16:55:00,0.0,0.1206
35,2022-05-07 17:00:00,0.0,0.1048
35,2022-05-07 17:05:00,0.0,0.1308
35,2022-05-07 17:10:00,0.0,0.167
35,2022-05-07 17:15:00,0.0,0.1506
35,2022-05-07 17:20:00,0.0,0.1363
35,2022-05-07 17:25:00,0.0,0.1616
35,2022-05-07 17:30:00,0.0,0.1265
35,2022-05-07 17:35:00,0.0,0.1524
35,2022-05-07 17:40:00,0.0,0.1297
35,2022-05-07 17:45:00,0.0,0.1293
35,2022-05-07 17:50:00,0.0,0.1286
35,2022-05-07 17:55:00,0.0,0.1099
35,2022-05-07 18:00:00,0.0,0.1237
35,2022-05-07 18:05:00,0.0,0.0998
35,2022-05-07 18:10:00,0.0,0.1129
35,2022-05-07 18:15:00,0.0,0.1162
35,2022-05-07 18:20:00,0.0,0.0956
35,2022-05-07 18:25:00,0.0,0.1108
35,2022-05-07 18:30:00,0.0,0.099
35,2022-05-07 18:35:00,0.0,0.0881
35,2022-05-07 18:40:00,0.0,0.1108
35,2022-05-07 18:45:00,0.0,0.1177
35,2022-05-07 18:50:00,0.0,0.116
35,2022-05-07 18:55:00,0.0,0.1069
35,2022-05-07 19:00:00,0.0,0.1002
35,2022-05-07 19:05:00,0.0,0.0901
35,2022-05-07 19:10:00,0.0,0.0893
35,2022-05-07 19:15:00,0.0,0.0954
35,2022-05-07 19:20:00,0.0,0.1127
35,2022-05-07 19:25:00,0.0,0.1345
35,2022-05-07 19:30:00,0.0,0.1032
35,2022-05-07 19:35:00,0.0,0.1389
35,2022-05-07 19:40:00,0.0,0.1379
35,2022-05-07 19:45:00,0.0,0.1035
35,2022-05-07 19:50:00,0.0,0.1025
35,2022-05-07 19:55:00,0.0,0.1094
35,2022-05-07 20:00:00,0.0,0.0841
35,2022-05-07 20:05:00,0.0,0.1076
35,2022-05-07 20:10:00,0.0,0.0829
35,2022-05-07 20:15:00,0.0,0.1092
35,2022-05-07 20:20:00,0.0,0.0988
35,2022-05-07 20:25:00,0.0,0.1108
35,2022-05-07 20:30:00,0.0,0.1392
35,2022-05-07 20:35:00,0.0,0.1378
35,2022-05-07 20:40:00,0.0,0.1324
35,2022-05-07 20:45:00,0.0,0.1038
35,2022-05-07 20:50:00,0.0,0.1339
35,2022-05-07 20:55:00,0.0,0.131
35,2022-05-07 21:00:00,0.0,0.1082
35,2022-05-07 21:05:00,0.0,0.1325
35,2022-05-07 21:10:00,0.0,0.1407
35,2022-05-07 21:15:00,0.0,0.1305
35,2022-05-07 21:20:00,0.0,0.1141
35,2022-05-07 21:25:00,0.0,0.1193
35,2022-05-07 21:30:00,0.0,0.1466
35,2022-05-07 21:35:00,0.0,0.1476
35,2022-05-07 21:40:00,0.0,0.1548
35,2022-05-07 21:45:00,0.0,0.1339
35,2022-05-07 21:50:00,0.0,0.1244
35,2022-05-07 21:55:00,0.0,0.1285
35,2022-05-07 22:00:00,0.0,0.1203
35,2022-05-07 22:05:00,0.0,0.1223
35,2022-05-07 22:10:00,0.0,0.1312
35,2022-05-07 22:15:00,0.0,0.1364
35,2022-05-07 22:20:00,0.0,0.092
35,2022-05-07 22:25:00,0.0,0.0692
35,2022-05-07 22:30:00,0.0,0.1098
35,2022-05-07 22:35:00,0.0,0.1174
35,2022-05-07 22:40:00,0.0,0.0984
35,2022-05-07 22:45:00,0.0,0.1027
35,2022-05-07 22:50:00,0.0,0.0973
35,2022-05-07 22:55:00,0.0,0.107
35,2022-05-07 23:00:00,0.0,0.0973
35,2022-05-07 23:05:00,0.0,0.0986
35,2022-05-07 23:10:00,0.0,0.0974
35,2022-05-07 23:15:00,0.0,0.094
35,2022-05-07 23:20:00,0.0,0.1089
35,2022-05-07 23:25:00,0.0,0.0947
35,2022-05-07 23:30:00,0.0,0.0963
35,2022-05-07 23:35:00,0.0,0.1077
35,2022-05-07 23:40:00,0.0,0.1059
35,2022-05-07 23:45:00,0.0,0.0974
35,2022-05-07 23:50:00,0.0,0.0942
35,2022-05-07 23:55:00,0.0,0.0875
35,2022-05-08 00:00:00,0.0,0.0976
35,2022-05-08 00:05:00,0.0,0.1084
35,2022-05-08 00:10:00,0.0,0.1014
35,2022-05-08 00:15:00,0.0,0.0941
35,2022-05-08 00:20:00,0.0,0.1044
35,2022-05-08 00:25:00,0.0,0.0823
35,2022-05-08 00:30:00,0.0,0.1027
35,2022-05-08 00:35:00,0.0,0.0863
35,2022-05-08 00:40:00,0.0,0.0971
35,2022-05-08 00:45:00,0.0,0.1056
35,2022-05-08 00:50:00,0.0,0.1097
35,2022-05-08 00:55:00,0.0,0.1075
35,2022-05-08 01:00:00,0.0,0.1012
35,2022-05-08 01:05:00,0.0,0.1076
35,2022-05-08 01:10:00,0.0,0.1151
35,2022-05-08 01:15:00,0.0,0.106
35,2022-05-08 01:20:00,0.0,0.0938
35,2022-05-08 01:25:00,0.0,0.1102
35,2022-05-08 01:30:00,0.0,0.0895
35,2022-05-08 01:35:00,0.0,0.0994
35,2022-05-08 01:40:00,0.0,0.1051
35,2022-05-08 01:45:00,0.0,0.1113
35,2022-05-08 01:50:00,0.0,0.1021
35,2022-05-08 01:55:00,0.0,0.1052
35,2022-05-08 02:00:00,0.0,0.1143
35,2022-05-08 02:05:00,0.0,0.1157
35,2022-05-08 02:10:00,0.0,0.1062
35,2022-05-08 02:15:00,0.0,0.1169
35,2022-05-08 02:20:00,0.0,0.1011
35,2022-05-08 02:25:00,0.0,0.1428
35,2022-05-08 02:30:00,0.0,0.105
35,2022-05-08 02:35:00,0.0,0.1038
35,2022-05-08 02:40:00,0.0,0.099
35,2022-05-08 02:45:00,0.0,0.0967
35,2022-05-08 02:50:00,0.0,0.0999
35,2022-05-08 02:55:00,0.0,0.0915
35,2022-05-08 03:00:00,0.0,0.1146
35,2022-05-08 03:05:00,0.0,0.1094
35,2022-05-08 03:10:00,0.0,0.0903
35,2022-05-08 03:15:00,0.0,0.0879
35,2022-05-08 03:20:00,0.0,0.1
35,2022-05-08 03:25:00,0.0,0.1064
35,2022-05-08 03:30:00,0.0,0.0936
35,2022-05-08 03:35:00,0.0,0.1085
35,2022-05-08 03:40:00,0.0,0.0879
35,2022-05-08 03:45:00,0.0,0.0974
35,2022-05-08 03:50:00,0.0,0.1008
35,2022-05-08 03:55:00,0.0,0.0905
35,2022-05-08 04:00:00,0.0,0.1124
35,2022-05-08 04:05:00,0.0,0.0966
35,2022-05-08 04:10:00,0.0,0.1017
35,2022-05-08 04:15:00,0.0,0.1126
35,2022-05-08 04:20:00,0.0,0.0998
35,2022-05-08 04:25:00,0.0,0.1006
35,2022-05-08 04:30:00,0.0,0.1025
35,2022-05-08 04:35:00,0.0,0.0971
35,2022-05-08 04:40:00,0.0,0.0995
35,2022-05-08 04:45:00,0.0,0.1007
35,2022-05-08 04:50:00,0.0,0.0988
35,2022-05-08 04:55:00,0.0,0.103
35,2022-05-08 05:00:00,0.0,0.1003
35,2022-05-08 05:05:00,0.0,0.1137
35,2022-05-08 05:10:00,0.0,0.091
35,2022-05-08 05:15:00,0.0,0.0999
35,2022-05-08 05:20:00,0.0,0.0924
35,2022-05-08 05:25:00,0.0,0.0896
35,2022-05-08 05:30:00,0.0,0.1048
35,2022-05-08 05:35:00,0.0,0.0933
35,2022-05-08 05:40:00,0.0,0.1131
35,2022-05-08 05:45:00,0.0,0.0859
35,2022-05-08 05:50:00,0.0,0.1051
35,2022-05-08 05:55:00,0.0,0.1003
35,2022-05-08 06:00:00,0.0,0.0921
35,2022-05-08 06:05:00,0.0,0.0838
35,2022-05-08 06:10:00,0.0,0.0955
35,2022-05-08 06:15:00,0.0,0.1064
35,2022-05-08 06:20:00,0.0,0.0905
35,2022-05-08 06:25:00,0.0,0.1133
35,2022-05-08 06:30:00,0.0,0.1147
35,2022-05-08 06:35:00,0.0,0.1001
35,2022-05-08 06:40:00,0.0,0.0884
35,2022-05-08 06:45:00,0.0,0.0922
35,2022-05-08 06:50:00,0.0,0.1308
35,2022-05-08 06:55:00,0.0,0.1041
35,2022-05-08 07:00:00,0.0,0.1077
35,2022-05-08 07:05:00,0.0,0.124
35,2022-05-08 07:10:00,0.0,0.1323
35,2022-05-08 07:15:00,0.0,0.1101
35,2022-05-08 07:20:00,0.0,0.0913
35,2022-05-08 07:25:00,0.0,0.0935
35,2022-05-08 07:30:00,0.0,0.0709
35,2022-05-08 07:35:00,0.0,0.092
35,2022-05-08 07:40:00,0.0,0.1012
35,2022-05-08 07:45:00,0.0,0.1035
35,2022-05-08 07:50:00,0.0,0.091
35,2022-05-08 07:55:00,0.0,0.1023
35,2022-05-08 08:00:00,0.0,0.0993
35,2022-05-08 08:05:00,0.0,0.0906
35,2022-05-08 08:10:00,0.0,0.1006
35,2022-05-08 08:15:00,0.0,0.0833
35,2022-05-08 08:20:00,0.0,0.0976
35,2022-05-08 08:25:00,0.0,0.0912
35,2022-05-08 08:30:00,0.0,0.0892
35,2022-05-08 08:35:00,0.0,0.1093
35,2022-05-08 08:40:00,0.0,0.0779
35,2022-05-08 08:45:00,0.0,0.1204
35,2022-05-08 08:50:00,0.0,0.0755
35,2022-05-08 08:55:00,0.0,0.0731
35,2022-05-08 09:00:00,0.0,0.0751
35,2022-05-08 09:05:00,0.0,0.0775
35,2022-05-08 09:10:00,0.0,0.0683
35,2022-05-08 09:15:00,0.0,0.074
35,2022-05-08 09:20:00,0.0,0.0618
35,2022-05-08 09:25:00,0.0,0.1279
35,2022-05-08 09:30:00,0.0,0.1215
35,2022-05-08 09:35:00,0.0,0.0448
35,2022-05-08 09:40:00,0.0,0.0682
35,2022-05-08 09:45:00,0.0,0.0484
35,2022-05-08 09:50:00,0.0,0.0568
35,2022-05-08 09:55:00,0.0,0.0494
35,2022-05-08 10:00:00,0.0,0.0515
35,2022-05-08 10:05:00,0.0,0.075
35,2022-05-08 10:10:00,0.0,0.0542
35,2022-05-08 10:15:00,0.0,0.0362
35,2022-05-08 10:20:00,0.0,0.0748
35,2022-05-08 10:25:00,0.0,0.0776
35,2022-05-08 10:30:00,0.0,0.0689
35,2022-05-08 10:35:00,0.0,0.08
35,2022-05-08 10:40:00,0.0,0.064
35,2022-05-08 10:45:00,0.0,0.0415
35,2022-05-08 10:50:00,0.0,0.0713
35,2022-05-08 10:55:00,0.0,0.0523
35,2022-05-08 11:00:00,0.0,0.0674
35,2022-05-08 11:05:00,0.0,0.0521
35,2022-05-08 11:10:00,0.0,0.0542
35,2022-05-08 11:15:00,0.0,0.0627
35,2022-05-08 11:20:00,0.0,0.0863
35,2022-05-08 11:25:00,0.0,0.0643
35,2022-05-08 11:30:00,0.0,0.0516
35,2022-05-08 11:35:00,0.0,0.023
35,2022-05-08 11:40:00,0.0,0.0233
35,2022-05-08 11:45:00,0.0,0.025
35,2022-05-08 11:50:00,0.0,0.0529
35,2022-05-08 11:55:00,0.0,0.0184
35,2022-05-08 12:00:00,0.0,0.0292
35,2022-05-08 12:05:00,0.0,0.0639
35,2022-05-08 12:10:00,0.0,0.0479
35,2022-05-08 12:15:00,0.0,0.0232
35,2022-05-08 12:20:00,0.0,0.0626
35,2022-05-08 12:25:00,0.0,0.0443
35,2022-05-08 12:30:00,0.0,0.0111
35,2022-05-08 12:35:00,0.0,0.0399
35,2022-05-08 12:40:00,0.0,0.0237
35,2022-05-08 12:45:00,0.0,0.047
35,2022-05-08 12:50:00,0.0,0.0255
35,2022-05-08 12:55:00,0.0,0.0334
35,2022-05-08 13:00:00,0.0,0.0451
35,2022-05-08 13:05:00,0.0,0.0124
35,2022-05-08 13:10:00,0.0,0.0072
35,2022-05-08 13:15:00,0.0,0.0479
35,2022-05-08 13:20:00,0.0,0.0603
35,2022-05-08 13:25:00,0.0,0.0488
35,2022-05-08 13:30:00,0.0,0.0687
35,2022-05-08 13:35:00,0.0,0.0441
35,2022-05-08 13:40:00,0.0,0.0311
35,2022-05-08 13:45:00,0.0,0.0333
35,2022-05-08 13:50:00,0.0,0.032
35,2022-05-08 13:55:00,0.0,0.043
36,2022-05-14 17:30:00,0.0,-0.02
36,2022-05-14 17:35:00,0.0,-0.0094
36,2022-05-14 17:40:00,0.0,-0.023
36,2022-05-14 17:45:00,0.001,-0.0173
36,2022-05-14 17:50:00,0.004,-0.0189
36,2022-05-14 17:55:00,0.007,-0.0069
36,2022-05-14 18:00:00,0.015,-0.0102
36,2022-05-14 18:05:00,0.041,-0.0188
36,2022-05-14 18:10:00,0.071,-0.0098
36,2022-05-14 18:15:00,0.068,0.0052
36,2022-05-14 18:20:00,0.073,0.5711
36,2022-05-14 18:25:00,0.054,0.6923
36,2022-05-14 18:30:00,0.03,0.4968
36,2022-05-14 18:35:00,0.022,0.4455
36,2022-05-14 18:40:00,0.01,0.4265
36,2022-05-14 18:45:00,0.006,0.3788
36,2022-05-14 18:50:00,0.005,0.3458
36,2022-05-14 18:55:00,0.003,0.3754
36,2022-05-14 19:00:00,0.002,0.4169
36,2022-05-14 19:05:00,0.002,0.3585
36,2022-05-14 19:10:00,0.001,0.3683
36,2022-05-14 19:15:00,0.004,0.3247
36,2022-05-14 19:20:00,0.003,0.2926
36,2022-05-14 19:25:00,0.001,0.2468
36,2022-05-14 19:30:00,0.007,0.2056
36,2022-05-14 19:35:00,0.012,0.2065
36,2022-05-14 19:40:00,0.004,0.2295
36,2022-05-14 19:45:00,0.001,0.1673
36,2022-05-14 19:50:00,0.003,0.1947
36,2022-05-14 19:55:00,0.0,0.2439
36,2022-05-14 20:00:00,0.0,0.1995
36,2022-05-14 20:05:00,0.0,0.188
36,2022-05-14 20:10:00,0.0,0.1653
36,2022-05-14 20:15:00,0.0,0.1887
36,2022-05-14 20:20:00,0.0,0.1724
36,2022-05-14 20:25:00,0.0,0.1543
36,2022-05-14 20:30:00,0.0,0.164
36,2022-05-14 20:35:00,0.0,0.1413
36,2022-05-14 20:40:00,0.0,0.1406
36,2022-05-14 20:45:00,0.0,0.1053
36,2022-05-14 20:50:00,0.0,0.1058
36,2022-05-14 20:55:00,0.0,0.1178
36,2022-05-14 21:00:00,0.0,0.1121
36,2022-05-14 21:05:00,0.0,0.114
36,2022-05-14 21:10:00,0.0,0.1167
36,2022-05-14 21:15:00,0.0,0.1167
36,2022-05-14 21:20:00,0.0,0.1394
36,2022-05-14 21:25:00,0.0,0.1125
36,2022-05-14 21:30:00,0.0,0.1202
36,2022-05-14 21:35:00,0.0,0.106
36,2022-05-14 21:40:00,0.0,0.0814
36,2022-05-14 21:45:00,0.0,0.1072
36,2022-05-14 21:50:00,0.0,0.0984
36,2022-05-14 21:55:00,0.0,0.0868
36,2022-05-14 22:00:00,0.0,0.0941
36,2022-05-14 22:05:00,0.0,0.0924
36,2022-05-14 22:10:00,0.0,0.0847
36,2022-05-14 22:15:00,0.0,0.0744
36,2022-05-14 22:20:00,0.0,0.0567
36,2022-05-14 22:25:00,0.0,0.044
36,2022-05-14 22:30:00,0.0,0.0654
36,2022-05-14 22:35:00,0.0,0.0477
36,2022-05-14 22:40:00,0.0,0.0443
36,2022-05-14 22:45:00,0.0,0.0327
36,2022-05-14 22:50:00,0.0,0.0571
36,2022-05-14 22:55:00,0.0,0.0244
36,2022-05-14 23:00:00,0.0,0.0537
36,2022-05-14 23:05:00,0.0,0.0347
36,2022-05-14 23:10:00,0.0,0.0327
36,2022-05-14 23:15:00,0.0,0.0489
36,2022-05-14 23:20:00,0.0,0.0609
36,2022-05-14 23:25:00,0.0,0.0447
36,2022-05-14 23:30:00,0.0,0.048
36,2022-05-14 23:35:00,0.0,0.0376
36,2022-05-14 23:40:00,0.0,0.0348
36,2022-05-14 23:45:00,0.0,0.044
36,2022-05-14 23:50:00,0.0,0.0236
36,2022-05-14 23:55:00,0.0,0.0189
36,2022-05-15 00:00:00,0.0,0.0304
36,2022-05-15 00:05:00,0.0,0.0281
36,2022-05-15 00:10:00,0.0,0.0262
36,2022-05-15 00:15:00,0.0,0.0191
36,2022-05-15 00:20:00,0.0,0.0195
36,2022-05-15 00:25:00,0.0,0.0295
36,2022-05-15 00:30:00,0.0,0.0276
36,2022-05-15 00:35:00,0.0,0.0317
36,2022-05-15 00:40:00,0.0,0.0314
36,2022-05-15 00:45:00,0.0,0.0282
36,2022-05-15 00:50:00,0.0,0.0345
36,2022-05-15 00:55:00,0.0,0.0281
36,2022-05-15 01:00:00,0.0,0.0278
36,2022-05-15 01:05:00,0.0,0.0358
36,2022-05-15 01:10:00,0.0,0.035
36,2022-05-15 01:15:00,0.0,0.0203
36,2022-05-15 01:20:00,0.0,0.0226
36,2022-05-15 01:25:00,0.0,0.035
36,2022-05-15 01:30:00,0.0,0.0167
36,2022-05-15 01:35:00,0.0,0.0262
36,2022-05-15 01:40:00,0.0,0.0396
37,2022-05-16 00:25:00,0.0,-0.0128
37,2022-05-16 00:30:00,0.0,-0.0092
37,2022-05-16 00:35:00,0.002,-0.0171
37,2022-05-16 00:40:00,0.009,-0.0094
37,2022-05-16 00:45:00,0.012,-0.0068
37,2022-05-16 00:50:00,0.014,-0.0095
37,2022-05-16 00:55:00,0.007,-0.0069
37,2022-05-16 01:00:00,0.003,-0.0153
37,2022-05-16 01:05:00,0.007,-0.0182
37,2022-05-16 01:10:00,0.017,-0.0076
37,2022-05-16 01:15:00,0.025,-0.0079
37,2022-05-16 01:20:00,0.03,0.0374
37,2022-05-16 01:25:00,0.03,0.2714
37,2022-05-16 01:30:00,0.039,0.298
37,2022-05-16 01:35:00,0.045,0.3183
37,2022-05-16 01:40:00,0.045,0.3461
37,2022-05-16 01:45:00,0.039,0.5058
37,2022-05-16 01:50:00,0.032,0.6193
37,2022-05-16 01:55:00,0.033,0.5178
37,2022-05-16 02:00:00,0.043,0.6109
37,2022-05-16 02:05:00,0.023,0.6058
37,2022-05-16 02:10:00,0.002,0.6761
37,2022-05-16 02:15:00,0.0,0.7722
37,2022-05-16 02:20:00,0.0,0.5793
37,2022-05-16 02:25:00,0.001,0.5259
37,2022-05-16 02:30:00,0.0,0.479
37,2022-05-16 02:35:00,0.0,0.434
37,2022-05-16 02:40:00,0.0,0.4218
37,2022-05-16 02:45:00,0.0,0.3798
37,2022-05-16 02:50:00,0.0,0.3568
37,2022-05-16 02:55:00,0.0,0.3553
37,2022-05-16 03:00:00,0.0,0.313
37,2022-05-16 03:05:00,0.0,0.2808
37,2022-05-16 03:10:00,0.0,0.2697
37,2022-05-16 03:15:00,0.0,0.2481
37,2022-05-16 03:20:00,0.0,0.2471
37,2022-05-16 03:25:00,0.0,0.2274
37,2022-05-16 03:30:00,0.0,0.2443
37,2022-05-16 03:35:00,0.0,0.2057
37,2022-05-16 03:40:00,0.0,0.2207
37,2022-05-16 03:45:00,0.0,0.2125
37,2022-05-16 03:50:00,0.0,0.2076
37,2022-05-16 03:55:00,0.0,0.206
37,2022-05-16 04:00:00,0.0,0.196
37,2022-05-16 04:05:00,0.0,0.1976
37,2022-05-16 04:10:00,0.0,0.1955
37,2022-05-16 04:15:00,0.0,0.1657
37,2022-05-16 04:20:00,0.0,0.191
37,2022-05-16 04:25:00,0.0,0.1821
37,2022-05-16 04:30:00,0.0,0.1675
37,2022-05-16 04:35:00,0.0,0.1977
37,2022-05-16 04:40:00,0.0,0.1667
37,2022-05-16 04:45:00,0.0,0.1728
37,2022-05-16 04:50:00,0.0,0.165
37,2022-05-16 04:55:00,0.0,0.1717
37,2022-05-16 05:00:00,0.0,0.1699
37,2022-05-16 05:05:00,0.0,0.1487
37,2022-05-16 05:10:00,0.0,0.1789
37,2022-05-16 05:15:00,0.0,0.1625
37,2022-05-16 05:20:00,0.0,0.1787
37,2022-05-16 05:25:00,0.0,0.162
37,2022-05-16 05:30:00,0.0,0.1706
37,2022-05-16 05:35:00,0.0,0.1703
37,2022-05-16 05:40:00,0.0,0.1567
37,2022-05-16 05:45:00,0.0,0.1647
37,2022-05-16 05:50:00,0.0,0.1771
37,2022-05-16 05:55:00,0.0,0.1765
37,2022-05-16 06:00:00,0.0,0.1992
37,2022-05-16 06:05:00,0.0,0.1966
37,2022-05-16 06:10:00,0.0,0.154
37,2022-05-16 06:15:00,0.0,0.1519
37,2022-05-16 06:20:00,0.0,0.1368
37,2022-05-16 06:25:00,0.0,0.1508
37,2022-05-16 06:30:00,0.0,0.1489
37,2022-05-16 06:35:00,0.0,0.129
37,2022-05-16 06:40:00,0.0,0.1314
37,2022-05-16 06:45:00,0.0,0.1181
37,2022-05-16 06:50:00,0.0,0.0861
37,2022-05-16 06:55:00,0.0,0.0884
37,2022-05-16 07:00:00,0.0,0.0942
37,2022-05-16 07:05:00,0.0,0.0855
37,2022-05-16 07:10:00,0.0,0.0973
37,2022-05-16 07:15:00,0.0,0.0948
37,2022-05-16 07:20:00,0.0,0.107
37,2022-05-16 07:25:00,0.0,0.1033
37,2022-05-16 07:30:00,0.0,0.0822
37,2022-05-16 07:35:00,0.0,0.0841
37,2022-05-16 07:40:00,0.0,0.0878
37,2022-05-16 07:45:00,0.0,0.0721
37,2022-05-16 07:50:00,0.0,0.0807
37,2022-05-16 07:55:00,0.0,0.0652
37,2022-05-16 08:00:00,0.0,0.0663
37,2022-05-16 08:05:00,0.0,0.068
37,2022-05-16 08:10:00,0.0,0.0672
37,2022-05-16 08:15:00,0.0,0.0657
37,2022-05-16 08:20:00,0.0,0.057
37,2022-05-16 08:25:00,0.0,0.0571
37,2022-05-16 08:30:00,0.0,0.0764
37,2022-05-16 08:35:00,0.0,0.0929
37,2022-05-16 08:40:00,0.0,0.0623
37,2022-05-16 08:45:00,0.0,0.0733
37,2022-05-16 08:50:00,0.0,0.0702
37,2022-05-16 08:55:00,0.0,0.0855
37,2022-05-16 09:00:00,0.0,0.0914
37,2022-05-16 09:05:00,0.0,0.0709
37,2022-05-16 09:10:00,0.0,0.0655
37,2022-05-16 09:15:00,0.0,0.0698
37,2022-05-16 09:20:00,0.0,0.087
37,2022-05-16 09:25:00,0.0,0.07
37,2022-05-16 09:30:00,0.0,0.0819
37,2022-05-16 09:35:00,0.0,0.0894
37,2022-05-16 09:40:00,0.0,0.0891
37,2022-05-16 09:45:00,0.0,0.0889
37,2022-05-16 09:50:00,0.0,0.1023
37,2022-05-16 09:55:00,0.0,0.0793
37,2022-05-16 10:00:00,0.0,0.0661
37,2022-05-16 10:05:00,0.0,0.0679
37,2022-05-16 10:10:00,0.0,0.078
37,2022-05-16 10:15:00,0.0,0.067
37,2022-05-16 10:20:00,0.0,0.0628
37,2022-05-16 10:25:00,0.0,0.0856
37,2022-05-16 10:30:00,0.0,0.0767
37,2022-05-16 10:35:00,0.0,0.0513
37,2022-05-16 10:40:00,0.0,0.0727
37,2022-05-16 10:45:00,0.0,0.0739
37,2022-05-16 10:50:00,0.0,0.0699
37,2022-05-16 10:55:00,0.0,0.067
37,2022-05-16 11:00:00,0.0,0.0721
37,2022-05-16 11:05:00,0.0,0.0642
37,2022-05-16 11:10:00,0.0,0.0645
37,2022-05-16 11:15:00,0.0,0.0742
37,2022-05-16 11:20:00,0.0,0.0872
37,2022-05-16 11:25:00,0.0,0.092
37,2022-05-16 11:30:00,0.0,0.0722
37,2022-05-16 11:35:00,0.0,0.0617
37,2022-05-16 11:40:00,0.0,0.0612
37,2022-05-16 11:45:00,0.0,0.0679
37,2022-05-16 11:50:00,0.0,0.0704
37,2022-05-16 11:55:00,0.0,0.0758
37,2022-05-16 12:00:00,0.0,0.0598
37,2022-05-16 12:05:00,0.0,0.0462
37,2022-05-16 12:10:00,0.0,0.0511
37,2022-05-16 12:15:00,0.0,0.0487
37,2022-05-16 12:20:00,0.0,0.0709
37,2022-05-16 12:25:00,0.0,0.0696
37,2022-05-16 12:30:00,0.0,0.0564
37,2022-05-16 12:35:00,0.0,0.0822
37,2022-05-16 12:40:00,0.0,0.0872
37,2022-05-16 12:45:00,0.0,0.0614
37,2022-05-16 12:50:00,0.0,0.0486
37,2022-05-16 12:55:00,0.0,0.0738
37,2022-05-16 13:00:00,0.0,0.0474
37,2022-05-16 13:05:00,0.0,0.0507
37,2022-05-16 13:10:00,0.0,0.0559
37,2022-05-16 13:15:00,0.0,0.0465
37,2022-05-16 13:20:00,0.0,0.0404
37,2022-05-16 13:25:00,0.0,0.0558
37,2022-05-16 13:30:00,0.0,0.0488
37,2022-05-16 13:35:00,0.0,0.0778
37,2022-05-16 13:40:00,0.0,0.0702
37,2022-05-16 13:45:00,0.0,0.0713
37,2022-05-16 13:50:00,0.0,0.066
37,2022-05-16 13:55:00,0.0,0.0284
37,2022-05-16 14:00:00,0.0,0.0478
37,2022-05-16 14:05:00,0.0,0.0267
37,2022-05-16 14:10:00,0.0,0.0317
37,2022-05-16 14:15:00,0.0,0.0523
37,2022-05-16 14:20:00,0.0,0.05
37,2022-05-16 14:25:00,0.0,0.0573
37,2022-05-16 14:30:00,0.0,0.0649
37,2022-05-16 14:35:00,0.0,0.0556
37,2022-05-16 14:40:00,0.0,0.0659
37,2022-05-16 14:45:00,0.0,0.0327
37,2022-05-16 14:50:00,0.0,0.0506
37,2022-05-16 14:55:00,0.0,0.049
37,2022-05-16 15:00:00,0.0,0.0476
37,2022-05-16 15:05:00,0.0,0.0565
37,2022-05-16 15:10:00,0.0,0.0457
37,2022-05-16 15:15:00,0.0,0.0669
37,2022-05-16 15:20:00,0.0,0.0668
37,2022-05-16 15:25:00,0.0,0.047
37,2022-05-16 15:30:00,0.0,0.0448
37,2022-05-16 15:35:00,0.0,0.0418
37,2022-05-16 15:40:00,0.0,0.0244
37,2022-05-16 15:45:00,0.0,0.024
37,2022-05-16 15:50:00,0.0,0.0545
37,2022-05-16 15:55:00,0.0,0.0271
37,2022-05-16 16:00:00,0.0,0.0428
37,2022-05-16 16:05:00,0.0,0.0431
37,2022-05-16 16:10:00,0.0,0.0414
38,2022-05-18 15:25:00,0.001,-0.038
38,2022-05-18 15:30:00,0.002,-0.0426
38,2022-05-18 15:35:00,0.002,-0.0328
38,2022-05-18 15:40:00,0.002,-0.0361
38,2022-05-18 15:45:00,0.003,-0.0301
38,2022-05-18 15:50:00,0.004,-0.0292
38,2022-05-18 15:55:00,0.004,-0.0346
38,2022-05-18 16:00:00,0.004,-0.0267
38,2022-05-18 16:05:00,0.004,-0.016
38,2022-05-18 16:10:00,0.004,-0.0098
38,2022-05-18 16:15:00,0.002,-0.0271
38,2022-05-18 16:20:00,0.001,-0.0372
38,2022-05-18 16:25:00,0.002,-0.0433
38,2022-05-18 16:30:00,0.004,-0.006
38,2022-05-18 16:35:00,0.006,-0.0134
38,2022-05-18 16:40:00,0.006,-0.0057
38,2022-05-18 16:45:00,0.003,-0.0053
38,2022-05-18 16:50:00,0.004,-0.0138
38,2022-05-18 16:55:00,0.006,0.019
38,2022-05-18 17:00:00,0.008,0.0324
38,2022-05-18 17:05:00,0.009,0.0407
38,2022-05-18 17:10:00,0.007,0.0635
38,2022-05-18 17:15:00,0.005,0.0594
38,2022-05-18 17:20:00,0.005,0.117
38,2022-05-18 17:25:00,0.004,0.2105
38,2022-05-18 17:30:00,0.003,0.1731
38,2022-05-18 17:35:00,0.014,0.1974
38,2022-05-18 17:40:00,0.014,0.1834
38,2022-05-18 17:45:00,0.014,0.2258
38,2022-05-18 17:50:00,0.013,0.2092
38,2022-05-18 17:55:00,0.009,0.1908
38,2022-05-18 18:00:00,0.004,0.1934
38,2022-05-18 18:05:00,0.003,0.1573
38,2022-05-18 18:10:00,0.002,0.1533
38,2022-05-18 18:15:00,0.0,0.1614
38,2022-05-18 18:20:00,0.002,0.1883
38,2022-05-18 18:25:00,0.004,0.1627
38,2022-05-18 18:30:00,0.003,0.1663
38,2022-05-18 18:35:00,0.0,0.1602
38,2022-05-18 18:40:00,0.0,0.157
38,2022-05-18 18:45:00,0.037,0.1949
38,2022-05-18 18:50:00,0.0,0.1488
38,2022-05-18 18:55:00,0.002,0.1611
38,2022-05-18 19:00:00,0.0,0.205
38,2022-05-18 19:05:00,0.038,0.2345
38,2022-05-18 19:10:00,0.0,0.2184
38,2022-05-18 19:15:00,0.0,0.2342
38,2022-05-18 19:20:00,0.0,0.2682
38,2022-05-18 19:25:00,0.0,0.2239
38,2022-05-18 19:30:00,0.0,0.2147
38,2022-05-18 19:35:00,0.0,0.2039
38,2022-05-18 19:40:00,0.0,0.1609
38,2022-05-18 19:45:00,0.0,0.1814
38,2022-05-18 19:50:00,0.0,0.1474
38,2022-05-18 19:55:00,0.0,0.1295
38,2022-05-18 20:00:00,0.0,0.1319
38,2022-05-18 20:05:00,0.0,0.1426
38,2022-05-18 20:10:00,0.0,0.1254
38,2022-05-18 20:15:00,0.0,0.093
38,2022-05-18 20:20:00,0.0,0.1101
38,2022-05-18 20:25:00,0.0,0.1351
38,2022-05-18 20:30:00,0.002,0.1174
38,2022-05-18 20:35:00,0.0,0.1132
38,2022-05-18 20:40:00,0.0,0.108
38,2022-05-18 20:45:00,0.0,0.0909
38,2022-05-18 20:50:00,0.0,0.0789
38,2022-05-18 20:55:00,0.0,0.0679
38,2022-05-18 21:00:00,0.0,0.0579
38,2022-05-18 21:05:00,0.0,0.0523
38,2022-05-18 21:10:00,0.0,0.0736
38,2022-05-18 21:15:00,0.0,0.0509
38,2022-05-18 21:20:00,0.0,0.0784
38,2022-05-18 21:25:00,0.0,0.0629
38,2022-05-18 21:30:00,0.0,0.0657
38,2022-05-18 21:35:00,0.0,0.0739
38,2022-05-18 21:40:00,0.0,0.0449
38,2022-05-18 21:45:00,0.0,0.0848
38,2022-05-18 21:50:00,0.0,0.0607
38,2022-05-18 21:55:00,0.0,0.067
38,2022-05-18 22:00:00,0.0,0.0476
38,2022-05-18 22:05:00,0.0,0.0381
38,2022-05-18 22:10:00,0.0,0.0571
38,2022-05-18 22:15:00,0.0,0.0692
38,2022-05-18 22:20:00,0.0,0.0331
38,2022-05-18 22:25:00,0.0,0.0482
38,2022-05-18 22:30:00,0.0,0.0283
38,2022-05-18 22:35:00,0.0,0.0349
38,2022-05-18 22:40:00,0.0,0.0463
38,2022-05-18 22:45:00,0.0,0.0449
38,2022-05-18 22:50:00,0.0,0.0338
38,2022-05-18 22:55:00,0.0,0.0358
38,2022-05-18 23:00:00,0.0,0.0385
38,2022-05-18 23:05:00,0.0,0.0149
38,2022-05-18 23:10:00,0.0,0.0389
38,2022-05-18 23:15:00,0.0,0.0204
38,2022-05-18 23:20:00,0.0,0.0215
38,2022-05-18 23:25:00,0.0,0.0268
38,2022-05-18 23:30:00,0.0,0.0178
38,2022-05-18 23:35:00,0.0,0.0137
38,2022-05-18 23:40:00,0.0,0.0078
38,2022-05-18 23:45:00,0.0,0.0164
38,2022-05-18 23:50:00,0.0,0.0227
38,2022-05-18 23:55:00,0.0,0.0109
39,2022-05-19 18:40:00,0.001,-0.0265
39,2022-05-19 18:45:00,0.001,-0.0528
39,2022-05-19 18:50:00,0.002,-0.0507
39,2022-05-19 18:55:00,0.002,-0.0471
39,2022-05-19 19:00:00,0.003,-0.0389
39,2022-05-19 19:05:00,0.001,-0.0444
39,2022-05-19 19:10:00,0.0,-0.0482
39,2022-05-19 19:15:00,0.001,-0.0436
39,2022-05-19 19:20:00,0.002,-0.041
39,2022-05-19 19:25:00,0.002,-0.0204
39,2022-05-19 19:30:00,0.004,-0.0129
39,2022-05-19 19:35:00,0.004,-0.0395
39,2022-05-19 19:40:00,0.004,-0.0322
39,2022-05-19 19:45:00,0.006,-0.0313
39,2022-05-19 19:50:00,0.005,-0.0177
39,2022-05-19 19:55:00,0.003,-0.0035
39,2022-05-19 20:00:00,0.025,-0.0172
39,2022-05-19 20:05:00,0.108,0.0023
39,2022-05-19 20:10:00,0.041,0.0405
39,2022-05-19 20:15:00,0.014,0.8903
39,2022-05-19 20:20:00,0.011,0.5574
39,2022-05-19 20:25:00,0.009,0.3988
39,2022-05-19 20:30:00,0.005,0.3096
39,2022-05-19 20:35:00,0.002,0.2739
39,2022-05-19 20:40:00,0.003,0.2873
39,2022-05-19 20:45:00,0.003,0.2687
39,2022-05-19 20:50:00,0.002,0.2542
39,2022-05-19 20:55:00,0.002,0.2288
39,2022-05-19 21:00:00,0.004,0.2362
39,2022-05-19 21:05:00,0.006,0.2406
39,2022-05-19 21:10:00,0.0,0.201
39,2022-05-19 21:15:00,0.0,0.1554
39,2022-05-19 21:20:00,0.0,0.1488
39,2022-05-19 21:25:00,0.0,0.1637
39,2022-05-19 21:30:00,0.0,0.1521
39,2022-05-19 21:35:00,0.0,0.1261
39,2022-05-19 21:40:00,0.0,0.1314
39,2022-05-19 21:45:00,0.0,0.1149
39,2022-05-19 21:50:00,0.0,0.1273
39,2022-05-19 21:55:00,0.001,0.1024
39,2022-05-19 22:00:00,0.001,0.0859
39,2022-05-19 22:05:00,0.001,0.1025
39,2022-05-19 22:10:00,0.001,0.0745
39,2022-05-19 22:15:00,0.002,0.0789
39,2022-05-19 22:20:00,0.003,0.0852
39,2022-05-19 22:25:00,0.003,0.0913
39,2022-05-19 22:30:00,0.002,0.0791
39,2022-05-19 22:35:00,0.0,0.072
39,2022-05-19 22:40:00,0.0,0.0825
39,2022-05-19 22:45:00,0.0,0.1212
39,2022-05-19 22:50:00,0.0,0.0888
39,2022-05-19 22:55:00,0.0,0.0815
39,2022-05-19 23:00:00,0.0,0.0699
39,2022-05-19 23:05:00,0.0,0.0837
39,2022-05-19 23:10:00,0.0,0.0863
39,2022-05-19 23:15:00,0.0,0.0786
39,2022-05-19 23:20:00,0.0,0.1073
39,2022-05-19 23:25:00,0.0,0.075
39,2022-05-19 23:30:00,0.0,0.0846
39,2022-05-19 23:35:00,0.0,0.0796
39,2022-05-19 23:40:00,0.0,0.0818
39,2022-05-19 23:45:00,0.0,0.0701
39,2022-05-19 23:50:00,0.0,0.0935
39,2022-05-19 23:55:00,0.0,0.0813
39,2022-05-20 00:00:00,0.0,0.0832
39,2022-05-20 00:05:00,0.0,0.077
39,2022-05-20 00:10:00,0.0,0.0872
39,2022-05-20 00:15:00,0.0,0.0711
39,2022-05-20 00:20:00,0.0,0.0955
39,2022-05-20 00:25:00,0.0,0.0804
39,2022-05-20 00:30:00,0.0,0.0863
39,2022-05-20 00:35:00,0.0,0.0729
39,2022-05-20 00:40:00,0.0,0.0697
39,2022-05-20 00:45:00,0.0,0.0589
39,2022-05-20 00:50:00,0.0,0.0688
39,2022-05-20 00:55:00,0.0,0.0609
39,2022-05-20 01:00:00,0.0,0.0487
39,2022-05-20 01:05:00,0.0,0.0545
39,2022-05-20 01:10:00,0.0,0.0621
39,2022-05-20 01:15:00,0.0,0.0639
39,2022-05-20 01:20:00,0.0,0.064
39,2022-05-20 01:25:00,0.0,0.0464
39,2022-05-20 01:30:00,0.0,0.058
39,2022-05-20 01:35:00,0.002,0.0537
39,2022-05-20 01:40:00,0.01,0.0471
39,2022-05-20 01:45:00,0.011,0.0485
39,2022-05-20 01:50:00,0.001,0.0615
39,2022-05-20 01:55:00,0.001,0.0482
39,2022-05-20 02:00:00,0.003,0.0577
39,2022-05-20 02:05:00,0.008,0.0547
39,2022-05-20 02:10:00,0.007,0.0751
39,2022-05-20 02:15:00,0.004,0.0834
39,2022-05-20 02:20:00,0.004,0.0951
39,2022-05-20 02:25:00,0.004,0.1319
39,2022-05-20 02:30:00,0.003,0.1631
39,2022-05-20 02:35:00,0.0,0.1631
39,2022-05-20 02:40:00,0.0,0.1549
39,2022-05-20 02:45:00,0.0,0.1361
39,2022-05-20 02:50:00,0.002,0.1477
39,2022-05-20 02:55:00,0.003,0.1141
39,2022-05-20 03:00:00,0.067,0.1366
39,2022-05-20 03:05:00,0.079,0.1163
39,2022-05-20 03:10:00,0.014,0.1247
39,2022-05-20 03:15:00,0.01,0.8237
39,2022-05-20 03:20:00,0.008,0.5466
39,2022-05-20 03:25:00,0.013,0.5184
39,2022-05-20 03:30:00,0.018,0.5165
39,2022-05-20 03:35:00,0.022,0.5354
39,2022-05-20 03:40:00,0.024,0.5386
39,2022-05-20 03:45:00,0.024,0.5833
39,2022-05-20 03:50:00,0.028,0.6935
39,2022-05-20 03:55:00,0.008,0.6856
39,2022-05-20 04:00:00,0.022,0.7133
39,2022-05-20 04:05:00,0.086,0.6784
39,2022-05-20 04:10:00,0.218,0.6099
39,2022-05-20 04:15:00,0.177,1.2199
39,2022-05-20 04:20:00,0.117,1.632
39,2022-05-20 04:25:00,0.139,2.2492
39,2022-05-20 04:30:00,0.064,2.5669
39,2022-05-20 04:35:00,0.012,2.8491
39,2022-05-20 04:40:00,0.002,2.4481
39,2022-05-20 04:45:00,0.0,2.791
39,2022-05-20 04:50:00,0.0,2.548
39,2022-05-20 04:55:00,0.0,2.3777
39,2022-05-20 05:00:00,0.0,2.351
39,2022-05-20 05:05:00,0.0,1.8207
39,2022-05-20 05:10:00,0.0,1.7741
39,2022-05-20 05:15:00,0.0,1.4263
39,2022-05-20 05:20:00,0.0,1.3148
39,2022-05-20 05:25:00,0.0,1.2739
39,2022-05-20 05:30:00,0.0,1.1901
39,2022-05-20 05:35:00,0.0,1.2729
39,2022-05-20 05:40:00,0.0,1.1801
39,2022-05-20 05:45:00,0.0,1.1138
39,2022-05-20 05:50:00,0.0,1.082
39,2022-05-20 05:55:00,0.0,1.0776
39,2022-05-20 06:00:00,0.0,1.0131
39,2022-05-20 06:05:00,0.0,0.9162
39,2022-05-20 06:10:00,0.0,0.907
39,2022-05-20 06:15:00,0.0,0.8835
39,2022-05-20 06:20:00,0.0,0.9124
39,2022-05-20 06:25:00,0.0,0.9497
39,2022-05-20 06:30:00,0.0,0.7861
39,2022-05-20 06:35:00,0.0,0.841
39,2022-05-20 06:40:00,0.0,0.8212
39,2022-05-20 06:45:00,0.0,0.7977
39,2022-05-20 06:50:00,0.0,0.7434
39,2022-05-20 06:55:00,0.0,0.7396
39,2022-05-20 07:00:00,0.0,0.7854
39,2022-05-20 07:05:00,0.0,0.6807
39,2022-05-20 07:10:00,0.0,0.6952
39,2022-05-20 07:15:00,0.0,0.6759
39,2022-05-20 07:20:00,0.0,0.6301
39,2022-05-20 07:25:00,0.0,0.6743
39,2022-05-20 07:30:00,0.0,0.6975
39,2022-05-20 07:35:00,0.0,0.6399
39,2022-05-20 07:40:00,0.0,0.6487
39,2022-05-20 07:45:00,0.0,0.6832
39,2022-05-20 07:50:00,0.0,0.605
39,2022-05-20 07:55:00,0.0,0.6192
39,2022-05-20 08:00:00,0.0,0.6656
39,2022-05-20 08:05:00,0.0,0.6363
39,2022-05-20 08:10:00,0.0,0.6141
39,2022-05-20 08:15:00,0.0,0.6336
39,2022-05-20 08:20:00,0.0,0.6099
39,2022-05-20 08:25:00,0.0,0.5807
39,2022-05-20 08:30:00,0.0,0.5829
39,2022-05-20 08:35:00,0.0,0.5613
39,2022-05-20 08:40:00,0.0,0.5384
39,2022-05-20 08:45:00,0.0,0.5167
39,2022-05-20 08:50:00,0.0,0.6036
39,2022-05-20 08:55:00,0.0,0.5246
39,2022-05-20 09:00:00,0.0,0.5338
39,2022-05-20 09:05:00,0.0,0.5672
39,2022-05-20 09:10:00,0.0,0.5409
39,2022-05-20 09:15:00,0.0,0.4852
39,2022-05-20 09:20:00,0.0,0.4667
39,2022-05-20 09:25:00,0.0,0.4702
39,2022-05-20 09:30:00,0.0,0.4831
39,2022-05-20 09:35:00,0.0,0.4503
39,2022-05-20 09:40:00,0.0,0.4614
39,2022-05-20 09:45:00,0.0,0.469
39,2022-05-20 09:50:00,0.0,0.4664
39,2022-05-20 09:55:00,0.0,0.4134
39,2022-05-20 10:00:00,0.0,0.4408
39,2022-05-20 10:05:00,0.0,0.4416
39,2022-05-20 10:10:00,0.0,0.4472
39,2022-05-20 10:15:00,0.0,0.4232
39,2022-05-20 10:20:00,0.0,0.399
39,2022-05-20 10:25:00,0.0,0.4183
39,2022-05-20 10:30:00,0.0,0.4292
39,2022-05-20 10:35:00,0.0,0.432
39,2022-05-20 10:40:00,0.0,0.4379
39,2022-05-20 10:45:00,0.0,0.3838
39,2022-05-20 10:50:00,0.0,0.384
39,2022-05-20 10:55:00,0.0,0.4038
39,2022-05-20 11:00:00,0.0,0.4035
39,2022-05-20 11:05:00,0.0,0.3866
39,2022-05-20 11:10:00,0.0,0.3532
39,2022-05-20 11:15:00,0.0,0.3926
39,2022-05-20 11:20:00,0.0,0.3777
39,2022-05-20 11:25:00,0.0,0.3341
39,2022-05-20 11:30:00,0.0,0.319
39,2022-05-20 11:35:00,0.0,0.386
39,2022-05-20 11:40:00,0.0,0.3275
39,2022-05-20 11:45:00,0.0,0.3493
39,2022-05-20 11:50:00,0.0,0.3311
39,2022-05-20 11:55:00,0.0,0.3274
39,2022-05-20 12:00:00,0.0,0.3056
39,2022-05-20 12:05:00,0.0,0.3509
39,2022-05-20 12:10:00,0.0,0.3088
39,2022-05-20 12:15:00,0.0,0.3077
39,2022-05-20 12:20:00,0.0,0.3262
39,2022-05-20 12:25:00,0.0,0.2838
39,2022-05-20 12:30:00,0.0,0.3492
39,2022-05-20 12:35:00,0.0,0.3041
39,2022-05-20 12:40:00,0.0,0.2366
39,2022-05-20 12:45:00,0.0,0.305
39,2022-05-20 12:50:00,0.0,0.2969
39,2022-05-20 12:55:00,0.0,0.3016
39,2022-05-20 13:00:00,0.0,0.2842
39,2022-05-20 13:05:00,0.0,0.2979
39,2022-05-20 13:10:00,0.0,0.2859
39,2022-05-20 13:15:00,0.0,0.244
39,2022-05-20 13:20:00,0.0,0.2579
39,2022-05-20 13:25:00,0.0,0.2619
39,2022-05-20 13:30:00,0.0,0.2675
39,2022-05-20 13:35:00,0.0,0.2647
39,2022-05-20 13:40:00,0.0,0.2818
39,2022-05-20 13:45:00,0.0,0.2787
39,2022-05-20 13:50:00,0.0,0.2718
39,2022-05-20 13:55:00,0.0,0.233
39,2022-05-20 14:00:00,0.0,0.2299
39,2022-05-20 14:05:00,0.0,0.2154
39,2022-05-20 14:10:00,0.0,0.2087
39,2022-05-20 14:15:00,0.0,0.2259
39,2022-05-20 14:20:00,0.0,0.1957
39,2022-05-20 14:25:00,0.0,0.25
39,2022-05-20 14:30:00,0.0,0.1934
39,2022-05-20 14:35:00,0.0,0.2462
39,2022-05-20 14:40:00,0.0,0.2305
39,2022-05-20 14:45:00,0.0,0.2358
39,2022-05-20 14:50:00,0.0,0.1988
39,2022-05-20 14:55:00,0.0,0.2136
39,2022-05-20 15:00:00,0.0,0.2233
39,2022-05-20 15:05:00,0.0,0.2217
39,2022-05-20 15:10:00,0.0,0.1945
39,2022-05-20 15:15:00,0.0,0.1812
39,2022-05-20 15:20:00,0.0,0.2029
39,2022-05-20 15:25:00,0.0,0.2267
39,2022-05-20 15:30:00,0.0,0.2246
39,2022-05-20 15:35:00,0.0,0.1905
39,2022-05-20 15:40:00,0.0,0.2153
39,2022-05-20 15:45:00,0.0,0.1871
39,2022-05-20 15:50:00,0.0,0.1632
39,2022-05-20 15:55:00,0.0,0.1867
39,2022-05-20 16:00:00,0.0,0.1811
39,2022-05-20 16:05:00,0.0,0.1718
39,2022-05-20 16:10:00,0.0,0.2365
39,2022-05-20 16:15:00,0.0,0.1765
39,2022-05-20 16:20:00,0.0,0.1988
39,2022-05-20 16:25:00,0.0,0.2274
39,2022-05-20 16:30:00,0.0,0.1594
39,2022-05-20 16:35:00,0.0,0.1887
39,2022-05-20 16:40:00,0.0,0.1919
39,2022-05-20 16:45:00,0.0,0.1856
39,2022-05-20 16:50:00,0.0,0.1973
39,2022-05-20 16:55:00,0.0,0.173
39,2022-05-20 17:00:00,0.0,0.181
39,2022-05-20 17:05:00,0.0,0.1517
39,2022-05-20 17:10:00,0.0,0.2039
39,2022-05-20 17:15:00,0.0,0.2234
39,2022-05-20 17:20:00,0.0,0.1597
39,2022-05-20 17:25:00,0.0,0.1681
39,2022-05-20 17:30:00,0.0,0.1388
39,2022-05-20 17:35:00,0.0,0.1542
39,2022-05-20 17:40:00,0.0,0.1606
39,2022-05-20 17:45:00,0.0,0.135
39,2022-05-20 17:50:00,0.0,0.1409
39,2022-05-20 17:55:00,0.0,0.152
39,2022-05-20 18:00:00,0.0,0.127
39,2022-05-20 18:05:00,0.0,0.0871
39,2022-05-20 18:10:00,0.0,0.0997
39,2022-05-20 18:15:00,0.0,0.1181
39,2022-05-20 18:20:00,0.0,0.1055
39,2022-05-20 18:25:00,0.0,0.0841
39,2022-05-20 18:30:00,0.0,0.0752
39,2022-05-20 18:35:00,0.0,0.1344
39,2022-05-20 18:40:00,0.0,0.1119
39,2022-05-20 18:45:00,0.0,0.1034
39,2022-05-20 18:50:00,0.0,0.1374
39,2022-05-20 18:55:00,0.0,0.1061
39,2022-05-20 19:00:00,0.0,0.117
39,2022-05-20 19:05:00,0.0,0.1356
39,2022-05-20 19:10:00,0.0,0.1065
39,2022-05-20 19:15:00,0.0,0.1109
39,2022-05-20 19:20:00,0.0,0.0835
39,2022-05-20 19:25:00,0.0,0.0941
39,2022-05-20 19:30:00,0.0,0.0838
39,2022-05-20 19:35:00,0.0,0.0833
39,2022-05-20 19:40:00,0.0,0.1257
39,2022-05-20 19:45:00,0.0,0.1086
39,2022-05-20 19:50:00,0.0,0.1018
39,2022-05-20 19:55:00,0.0,0.1145
39,2022-05-20 20:00:00,0.0,0.1081
39,2022-05-20 20:05:00,0.0,0.1031
39,2022-05-20 20:10:00,0.0,0.1112
39,2022-05-20 20:15:00,0.0,0.0937
39,2022-05-20 20:20:00,0.0,0.0988
39,2022-05-20 20:25:00,0.0,0.0816
39,2022-05-20 20:30:00,0.0,0.0715
39,2022-05-20 20:35:00,0.0,0.0721
39,2022-05-20 20:40:00,0.0,0.1129
39,2022-05-20 20:45:00,0.0,0.0897
39,2022-05-20 20:50:00,0.0,0.0807
39,2022-05-20 20:55:00,0.0,0.0956
39,2022-05-20 21:00:00,0.0,0.0821
39,2022-05-20 21:05:00,0.0,0.0865
39,2022-05-20 21:10:00,0.0,0.0848
39,2022-05-20 21:15:00,0.0,0.0888
39,2022-05-20 21:20:00,0.0,0.0853
39,2022-05-20 21:25:00,0.0,0.0747
39,2022-05-20 21:30:00,0.0,0.0689
39,2022-05-20 21:35:00,0.0,0.1031
39,2022-05-20 21:40:00,0.0,0.1058
39,2022-05-20 21:45:00,0.0,0.0894
39,2022-05-20 21:50:00,0.0,0.0839
39,2022-05-20 21:55:00,0.0,0.0883
39,2022-05-20 22:00:00,0.0,0.0923
39,2022-05-20 22:05:00,0.0,0.0665
39,2022-05-20 22:10:00,0.0,0.0709
39,2022-05-20 22:15:00,0.0,0.0619
39,2022-05-20 22:20:00,0.0,0.0689
39,2022-05-20 22:25:00,0.0,0.0743
39,2022-05-20 22:30:00,0.0,0.0663
39,2022-05-20 22:35:00,0.0,0.0721
39,2022-05-20 22:40:00,0.0,0.0653
39,2022-05-20 22:45:00,0.0,0.0618
39,2022-05-20 22:50:00,0.0,0.0602
39,2022-05-20 22:55:00,0.0,0.0696
39,2022-05-20 23:00:00,0.0,0.0637
39,2022-05-20 23:05:00,0.0,0.0574
39,2022-05-20 23:10:00,0.0,0.0613
39,2022-05-20 23:15:00,0.0,0.0557
39,2022-05-20 23:20:00,0.0,0.0647
39,2022-05-20 23:25:00,0.0,0.0421
39,2022-05-20 23:30:00,0.0,0.0538
39,2022-05-20 23:35:00,0.0,0.0388
39,2022-05-20 23:40:00,0.0,0.0543
39,2022-05-20 23:45:00,0.0,0.0721
39,2022-05-20 23:50:00,0.0,0.0635
39,2022-05-20 23:55:00,0.0,0.0567
39,2022-05-21 00:00:00,0.0,0.0687
39,2022-05-21 00:05:00,0.0,0.0553
39,2022-05-21 00:10:00,0.0,0.0657
39,2022-05-21 00:15:00,0.0,0.0493
39,2022-05-21 00:20:00,0.0,0.0554
39,2022-05-21 00:25:00,0.0,0.0373
39,2022-05-21 00:30:00,0.0,0.0519
39,2022-05-21 00:35:00,0.0,0.0489
39,2022-05-21 00:40:00,0.0,0.0586
39,2022-05-21 00:45:00,0.0,0.059
39,2022-05-21 00:50:00,0.0,0.0393
39,2022-05-21 00:55:00,0.0,0.045
39,2022-05-21 01:00:00,0.0,0.0453
39,2022-05-21 01:05:00,0.0,0.0555
39,2022-05-21 01:10:00,0.0,0.0549
39,2022-05-21 01:15:00,0.0,0.0488
39,2022-05-21 01:20:00,0.0,0.049
39,2022-05-21 01:25:00,0.0,0.038
39,2022-05-21 01:30:00,0.0,0.0407
39,2022-05-21 01:35:00,0.0,0.0509
39,2022-05-21 01:40:00,0.0,0.038
39,2022-05-21 01:45:00,0.0,0.0297
39,2022-05-21 01:50:00,0.0,0.0374
39,2022-05-21 01:55:00,0.0,0.0438
39,2022-05-21 02:00:00,0.0,0.0212
39,2022-05-21 02:05:00,0.0,0.0493
39,2022-05-21 02:10:00,0.0,0.0446
39,2022-05-21 02:15:00,0.0,0.0385
39,2022-05-21 02:20:00,0.0,0.0348
39,2022-05-21 02:25:00,0.0,0.0297
39,2022-05-21 02:30:00,0.0,0.0246
39,2022-05-21 02:35:00,0.0,0.0448
39,2022-05-21 02:40:00,0.0,0.0273
39,2022-05-21 02:45:00,0.0,0.0387
39,2022-05-21 02:50:00,0.0,0.051
39,2022-05-21 02:55:00,0.0,0.0496
39,2022-05-21 03:00:00,0.0,0.0396
39,2022-05-21 03:05:00,0.0,0.0413
39,2022-05-21 03:10:00,0.0,0.0387
39,2022-05-21 03:15:00,0.0,0.0337
39,2022-05-21 03:20:00,0.0,0.0247
39,2022-05-21 03:25:00,0.0,0.0309
39,2022-05-21 03:30:00,0.0,0.043
39,2022-05-21 03:35:00,0.0,0.0391
39,2022-05-21 03:40:00,0.0,0.0313
39,2022-05-21 03:45:00,0.0,0.0335
39,2022-05-21 03:50:00,0.0,0.0426
39,2022-05-21 03:55:00,0.0,0.0297
39,2022-05-21 04:00:00,0.0,0.0222
39,2022-05-21 04:05:00,0.0,0.0222
39,2022-05-21 04:10:00,0.0,0.0279
39,2022-05-21 04:15:00,0.0,0.0346
39,2022-05-21 04:20:00,0.0,0.0387
39,2022-05-21 04:25:00,0.0,0.0203
39,2022-05-21 04:30:00,0.0,0.0221
39,2022-05-21 04:35:00,0.0,0.0251
39,2022-05-21 04:40:00,0.0,0.02
39,2022-05-21 04:45:00,0.0,0.0322
39,2022-05-21 04:50:00,0.0,0.0236
39,2022-05-21 04:55:00,0.0,0.0257
39,2022-05-21 05:00:00,0.0,0.0228
39,2022-05-21 05:05:00,0.0,0.0246
39,2022-05-21 05:10:00,0.0,0.0258
39,2022-05-21 05:15:00,0.0,0.0323
39,2022-05-21 05:20:00,0.0,0.0395
39,2022-05-21 05:25:00,0.0,0.0282
39,2022-05-21 05:30:00,0.0,0.0141
39,2022-05-21 05:35:00,0.0,0.0178
39,2022-05-21 05:40:00,0.0,0.0326
39,2022-05-21 05:45:00,0.0,0.0284
39,2022-05-21 05:50:00,0.0,0.0211
39,2022-05-21 05:55:00,0.0,0.0199
39,2022-05-21 06:00:00,0.0,0.0208
39,2022-05-21 06:05:00,0.0,0.0128
39,2022-05-21 06:10:00,0.0,0.0286
39,2022-05-21 06:15:00,0.0,0.0116
39,2022-05-21 06:20:00,0.0,0.0325
39,2022-05-21 06:25:00,0.0,0.0403
39,2022-05-21 06:30:00,0.0,0.0256
39,2022-05-21 06:35:00,0.0,0.0228
39,2022-05-21 06:40:00,0.0,0.0422
39,2022-05-21 06:45:00,0.0,0.0343
39,2022-05-21 06:50:00,0.0,0.0499
39,2022-05-21 06:55:00,0.0,0.0292
39,2022-05-21 07:00:00,0.0,0.0276
39,2022-05-21 07:05:00,0.0,0.0357
39,2022-05-21 07:10:00,0.0,0.0227
39,2022-05-21 07:15:00,0.0,0.0457
39,2022-05-21 07:20:00,0.0,0.0435
39,2022-05-21 07:25:00,0.0,0.0138
39,2022-05-21 07:30:00,0.0,0.0315
39,2022-05-21 07:35:00,0.0,0.0175
39,2022-05-21 07:40:00,0.0,0.0296
39,2022-05-21 07:45:00,0.0,0.0156
39,2022-05-21 07:50:00,0.0,0.0192
39,2022-05-21 07:55:00,0.0,0.041
39,2022-05-21 08:00:00,0.0,0.0483
39,2022-05-21 08:05:00,0.0,0.0225
39,2022-05-21 08:10:00,0.0,0.0097
39,2022-05-21 08:15:00,0.0,0.0035
39,2022-05-21 08:20:00,0.0,0.0032
39,2022-05-21 08:25:00,0.0,0.0369
39,2022-05-21 08:30:00,0.0,-0.0037
39,2022-05-21 08:35:00,0.0,-0.0041
39,2022-05-21 08:40:00,0.0,0.0306
39,2022-05-21 08:45:00,0.0,-0.0051
39,2022-05-21 08:50:00,0.0,0.019
39,2022-05-21 08:55:00,0.0,-0.0054
39,2022-05-21 09:00:00,0.0,-0.0047
39,2022-05-21 09:05:00,0.0,-0.0078
39,2022-05-21 09:10:00,0.0,0.0155
39,2022-05-21 09:15:00,0.0,0.022
39,2022-05-21 09:20:00,0.0,0.0005
39,2022-05-21 09:25:00,0.0,0.0036
39,2022-05-21 09:30:00,0.0,0.0053
39,2022-05-21 09:35:00,0.0,-0.0012
39,2022-05-21 09:40:00,0.0,-0.0073
39,2022-05-21 09:45:00,0.0,-0.0087
39,2022-05-21 09:50:00,0.0,0.0035
39,2022-05-21 09:55:00,0.0,0.0021
39,2022-05-21 10:00:00,0.0,0.0081
39,2022-05-21 10:05:00,0.0,-0.0156
39,2022-05-21 10:10:00,0.0,-0.0282
39,2022-05-21 10:15:00,0.0,-0.0286
39,2022-05-21 10:20:00,0.0,-0.0072
39,2022-05-21 10:25:00,0.0,-0.0267
39,2022-05-21 10:30:00,0.0,-0.0445
39,2022-05-21 10:35:00,0.0,-0.0015
39,2022-05-21 10:40:00,0.0,-0.0035
39,2022-05-21 10:45:00,0.0,0.0059
39,2022-05-21 10:50:00,0.0,0.0028
39,2022-05-21 10:55:00,0.0,-0.0155
39,2022-05-21 11:00:00,0.0,0.0156
39,2022-05-21 11:05:00,0.0,0.0326
39,2022-05-21 11:10:00,0.0,-0.0147
39,2022-05-21 11:15:00,0.0,-0.0063
39,2022-05-21 11:20:00,0.0,0.0018
39,2022-05-21 11:25:00,0.0,-0.0149
39,2022-05-21 11:30:00,0.0,-0.0113
39,2022-05-21 11:35:00,0.0,0.0023
39,2022-05-21 11:40:00,0.0,0.0204
39,2022-05-21 11:45:00,0.0,0.0014
39,2022-05-21 11:50:00,0.0,-0.0074
39,2022-05-21 11:55:00,0.0,-0.0173
39,2022-05-21 12:00:00,0.0,-0.0252
39,2022-05-21 12:05:00,0.0,-0.0126
39,2022-05-21 12:10:00,0.0,0.0251
39,2022-05-21 12:15:00,0.0,-0.0173
39,2022-05-21 12:20:00,0.0,0.0223
39,2022-05-21 12:25:00,0.0,0.0881
39,2022-05-21 12:30:00,0.0,0.0349
39,2022-05-21 12:35:00,0.0,0.0114
39,2022-05-21 12:40:00,0.0,0.0233
39,2022-05-21 12:45:00,0.0,0.0132
39,2022-05-21 12:50:00,0.0,0.0048
39,2022-05-21 12:55:00,0.0,-0.0196
39,2022-05-21 13:00:00,0.0,-0.0047
39,2022-05-21 13:05:00,0.0,0.0171
39,2022-05-21 13:10:00,0.0,0.0377
39,2022-05-21 13:15:00,0.0,-0.0137
39,2022-05-21 13:20:00,0.0,-0.0173
39,2022-05-21 13:25:00,0.0,0.0026
40,2022-05-21 13:30:00,0.0,-0.0019
40,2022-05-21 13:35:00,0.0,-0.0005
40,2022-05-21 13:40:00,0.0,0.0025
40,2022-05-21 13:45:00,0.007,0.009
40,2022-05-21 13:50:00,0.08,0.0247
40,2022-05-21 13:55:00,0.111,0.026
40,2022-05-21 14:00:00,0.044,0.0047
40,2022-05-21 14:05:00,0.007,0.7135
40,2022-05-21 14:10:00,0.003,0.9742
40,2022-05-21 14:15:00,0.02,0.7143
40,2022-05-21 14:20:00,0.077,0.7153
40,2022-05-21 14:25:00,0.069,0.6076
40,2022-05-21 14:30:00,0.028,1.3292
40,2022-05-21 14:35:00,0.007,1.2146
40,2022-05-21 14:40:00,0.003,1.2663
40,2022-05-21 14:45:00,0.002,0.9802
40,2022-05-21 14:50:00,0.0,1.1902
40,2022-05-21 14:55:00,0.0,0.9582
40,2022-05-21 15:00:00,0.0,0.9045
40,2022-05-21 15:05:00,0.0,0.9744
40,2022-05-21 15:10:00,0.0,0.8015
40,2022-05-21 15:15:00,0.0,0.6867
40,2022-05-21 15:20:00,0.0,0.7489
40,2022-05-21 15:25:00,0.0,0.7806
40,2022-05-21 15:30:00,0.001,0.6007
40,2022-05-21 15:35:00,0.006,0.6912
40,2022-05-21 15:40:00,0.012,0.6938
40,2022-05-21 15:45:00,0.027,0.6484
40,2022-05-21 15:50:00,0.024,0.6745
40,2022-05-21 15:55:00,0.015,0.6546
40,2022-05-21 16:00:00,0.018,0.9271
40,2022-05-21 16:05:00,0.01,1.0316
40,2022-05-21 16:10:00,0.001,0.8612
40,2022-05-21 16:15:00,0.0,0.9685
40,2022-05-21 16:20:00,0.007,0.9373
40,2022-05-21 16:25:00,0.012,0.8723
40,2022-05-21 16:30:00,0.009,0.8156
40,2022-05-21 16:35:00,0.005,0.8754
40,2022-05-21 16:40:00,0.002,0.9759
40,2022-05-21 16:45:00,0.0,0.7773
40,2022-05-21 16:50:00,0.0,0.865
40,2022-05-21 16:55:00,0.0,0.7192
40,2022-05-21 17:00:00,0.001,0.7668
40,2022-05-21 17:05:00,0.006,0.8126
40,2022-05-21 17:10:00,0.002,0.8604
40,2022-05-21 17:15:00,0.0,0.7392
40,2022-05-21 17:20:00,0.0,0.7697
40,2022-05-21 17:25:00,0.001,0.6929
40,2022-05-21 17:30:00,0.002,0.6643
40,2022-05-21 17:35:00,0.0,0.7524
40,2022-05-21 17:40:00,0.0,0.7157
40,2022-05-21 17:45:00,0.0,0.7449
40,2022-05-21 17:50:00,0.0,0.7319
40,2022-05-21 17:55:00,0.0,0.7038
40,2022-05-21 18:00:00,0.0,0.7218
40,2022-05-21 18:05:00,0.0,0.666
40,2022-05-21 18:10:00,0.0,0.7093
40,2022-05-21 18:15:00,0.0,0.6029
40,2022-05-21 18:20:00,0.0,0.5909
40,2022-05-21 18:25:00,0.0,0.6429
40,2022-05-21 18:30:00,0.0,0.563
40,2022-05-21 18:35:00,0.0,0.6854
40,2022-05-21 18:40:00,0.0,0.66
40,2022-05-21 18:45:00,0.0,0.6272
40,2022-05-21 18:50:00,0.0,0.5576
40,2022-05-21 18:55:00,0.0,0.6043
40,2022-05-21 19:00:00,0.0,0.5826
40,2022-05-21 19:05:00,0.0,0.5959
40,2022-05-21 19:10:00,0.0,0.566
40,2022-05-21 19:15:00,0.0,0.5078
40,2022-05-21 19:20:00,0.0,0.5446
40,2022-05-21 19:25:00,0.0,0.5701
40,2022-05-21 19:30:00,0.0,0.6209
40,2022-05-21 19:35:00,0.0,0.526
40,2022-05-21 19:40:00,0.0,0.53
40,2022-05-21 19:45:00,0.0,0.501
40,2022-05-21 19:50:00,0.0,0.5061
40,2022-05-21 19:55:00,0.0,0.4911
40,2022-05-21 20:00:00,0.0,0.4993
40,2022-05-21 20:05:00,0.0,0.4951
40,2022-05-21 20:10:00,0.0,0.5544
40,2022-05-21 20:15:00,0.0,0.5326
40,2022-05-21 20:20:00,0.0,0.5253
40,2022-05-21 20:25:00,0.0,0.4984
40,2022-05-21 20:30:00,0.0,0.4831
40,2022-05-21 20:35:00,0.0,0.4763
40,2022-05-21 20:40:00,0.0,0.4578
40,2022-05-21 20:45:00,0.0,0.4645
40,2022-05-21 20:50:00,0.0,0.4611
40,2022-05-21 20:55:00,0.0,0.4515
40,2022-05-21 21:00:00,0.0,0.4286
40,2022-05-21 21:05:00,0.0,0.4627
40,2022-05-21 21:10:00,0.0,0.4128
40,2022-05-21 21:15:00,0.0,0.4058
40,2022-05-21 21:20:00,0.0,0.4736
40,2022-05-21 21:25:00,0.0,0.4176
40,2022-05-21 21:30:00,0.0,0.4479
40,2022-05-21 21:35:00,0.0,0.4228
40,2022-05-21 21:40:00,0.0,0.3902
40,2022-05-21 21:45:00,0.0,0.4281
40,2022-05-21 21:50:00,0.0,0.3893
40,2022-05-21 21:55:00,0.0,0.3758
40,2022-05-21 22:00:00,0.0,0.3554
40,2022-05-21 22:05:00,0.0,0.3651
40,2022-05-21 22:10:00,0.0,0.4021
40,2022-05-21 22:15:00,0.0,0.3834
40,2022-05-21 22:20:00,0.0,0.3378
40,2022-05-21 22:25:00,0.0,0.4229
40,2022-05-21 22:30:00,0.0,0.3917
40,2022-05-21 22:35:00,0.0,0.3743
40,2022-05-21 22:40:00,0.0,0.3251
40,2022-05-21 22:45:00,0.0,0.3408
40,2022-05-21 22:50:00,0.001,0.3596
40,2022-05-21 22:55:00,0.001,0.3159
40,2022-05-21 23:00:00,0.001,0.3177
40,2022-05-21 23:05:00,0.0,0.3423
40,2022-05-21 23:10:00,0.0,0.3582
40,2022-05-21 23:15:00,0.0,0.3788
40,2022-05-21 23:20:00,0.0,0.3675
40,2022-05-21 23:25:00,0.0,0.3357
40,2022-05-21 23:30:00,0.0,0.3135
40,2022-05-21 23:35:00,0.0,0.3103
40,2022-05-21 23:40:00,0.0,0.2941
40,2022-05-21 23:45:00,0.0,0.3295
40,2022-05-21 23:50:00,0.0,0.3047
40,2022-05-21 23:55:00,0.0,0.2956
40,2022-05-22 00:00:00,0.0,0.335
40,2022-05-22 00:05:00,0.0,0.33
40,2022-05-22 00:10:00,0.0,0.3247
40,2022-05-22 00:15:00,0.0,0.3006
40,2022-05-22 00:20:00,0.0,0.2889
40,2022-05-22 00:25:00,0.0,0.316
40,2022-05-22 00:30:00,0.0,0.2997
40,2022-05-22 00:35:00,0.0,0.2754
40,2022-05-22 00:40:00,0.0,0.3199
40,2022-05-22 00:45:00,0.0,0.2934
40,2022-05-22 00:50:00,0.0,0.2724
40,2022-05-22 00:55:00,0.0,0.2994
40,2022-05-22 01:00:00,0.0,0.3026
40,2022-05-22 01:05:00,0.0,0.2718
40,2022-05-22 01:10:00,0.0,0.2753
40,2022-05-22 01:15:00,0.0,0.3
40,2022-05-22 01:20:00,0.0,0.3117
40,2022-05-22 01:25:00,0.0,0.2733
40,2022-05-22 01:30:00,0.0,0.2686
40,2022-05-22 01:35:00,0.0,0.2777
40,2022-05-22 01:40:00,0.0,0.3032
40,2022-05-22 01:45:00,0.0,0.2712
40,2022-05-22 01:50:00,0.0,0.2554
40,2022-05-22 01:55:00,0.0,0.2576
40,2022-05-22 02:00:00,0.0,0.2989
40,2022-05-22 02:05:00,0.0,0.2465
40,2022-05-22 02:10:00,0.0,0.2613
40,2022-05-22 02:15:00,0.0,0.2691
40,2022-05-22 02:20:00,0.0,0.258
40,2022-05-22 02:25:00,0.0,0.2419
40,2022-05-22 02:30:00,0.0,0.254
40,2022-05-22 02:35:00,0.0,0.2531
40,2022-05-22 02:40:00,0.0,0.262
40,2022-05-22 02:45:00,0.0,0.2538
40,2022-05-22 02:50:00,0.0,0.2715
40,2022-05-22 02:55:00,0.0,0.24
40,2022-05-22 03:00:00,0.0,0.2576
40,2022-05-22 03:05:00,0.0,0.2615
40,2022-05-22 03:10:00,0.0,0.2162
40,2022-05-22 03:15:00,0.0,0.2585
40,2022-05-22 03:20:00,0.0,0.2499
40,2022-05-22 03:25:00,0.0,0.2113
40,2022-05-22 03:30:00,0.0,0.2442
40,2022-05-22 03:35:00,0.0,0.2266
40,2022-05-22 03:40:00,0.0,0.2323
40,2022-05-22 03:45:00,0.0,0.2474
40,2022-05-22 03:50:00,0.0,0.2452
40,2022-05-22 03:55:00,0.0,0.2295
40,2022-05-22 04:00:00,0.0,0.2254
40,2022-05-22 04:05:00,0.0,0.2085
40,2022-05-22 04:10:00,0.0,0.1974
40,2022-05-22 04:15:00,0.0,0.2086
40,2022-05-22 04:20:00,0.0,0.2118
40,2022-05-22 04:25:00,0.0,0.2295
40,2022-05-22 04:30:00,0.0,0.2158
40,2022-05-22 04:35:00,0.0,0.221
40,2022-05-22 04:40:00,0.0,0.1959
40,2022-05-22 04:45:00,0.0,0.2103
40,2022-05-22 04:50:00,0.0,0.2167
40,2022-05-22 04:55:00,0.0,0.1793
40,2022-05-22 05:00:00,0.0,0.2168
40,2022-05-22 05:05:00,0.0,0.1918
40,2022-05-22 05:10:00,0.0,0.2026
40,2022-05-22 05:15:00,0.0,0.2254
40,2022-05-22 05:20:00,0.0,0.1904
40,2022-05-22 05:25:00,0.0,0.2083
40,2022-05-22 05:30:00,0.0,0.2098
40,2022-05-22 05:35:00,0.0,0.1919
40,2022-05-22 05:40:00,0.0,0.2298
40,2022-05-22 05:45:00,0.0,0.2017
40,2022-05-22 05:50:00,0.0,0.211
40,2022-05-22 05:55:00,0.0,0.2049
40,2022-05-22 06:00:00,0.0,0.2069
40,2022-05-22 06:05:00,0.0,0.193
40,2022-05-22 06:10:00,0.0,0.2042
40,2022-05-22 06:15:00,0.0,0.1986
40,2022-05-22 06:20:00,0.0,0.1933
40,2022-05-22 06:25:00,0.0,0.1885
40,2022-05-22 06:30:00,0.0,0.1995
40,2022-05-22 06:35:00,0.0,0.1897
40,2022-05-22 06:40:00,0.0,0.2039
40,2022-05-22 06:45:00,0.0,0.192
40,2022-05-22 06:50:00,0.0,0.1821
40,2022-05-22 06:55:00,0.0,0.1636
40,2022-05-22 07:00:00,0.0,0.1783
40,2022-05-22 07:05:00,0.0,0.1855
40,2022-05-22 07:10:00,0.0,0.1877
40,2022-05-22 07:15:00,0.0,0.1994
40,2022-05-22 07:20:00,0.0,0.1759
40,2022-05-22 07:25:00,0.0,0.1994
40,2022-05-22 07:30:00,0.0,0.1547
40,2022-05-22 07:35:00,0.0,0.1697
40,2022-05-22 07:40:00,0.0,0.1488
40,2022-05-22 07:45:00,0.0,0.143
40,2022-05-22 07:50:00,0.0,0.1787
40,2022-05-22 07:55:00,0.0,0.1825
40,2022-05-22 08:00:00,0.0,0.1794
40,2022-05-22 08:05:00,0.0,0.1845
40,2022-05-22 08:10:00,0.0,0.1652
40,2022-05-22 08:15:00,0.0,0.2251
40,2022-05-22 08:20:00,0.0,0.175
40,2022-05-22 08:25:00,0.0,0.1711
40,2022-05-22 08:30:00,0.0,0.1256
40,2022-05-22 08:35:00,0.0,0.1401
40,2022-05-22 08:40:00,0.0,0.1764
40,2022-05-22 08:45:00,0.0,0.1609
40,2022-05-22 08:50:00,0.0,0.1565
40,2022-05-22 08:55:00,0.0,0.169
40,2022-05-22 09:00:00,0.0,0.1419
40,2022-05-22 09:05:00,0.0,0.1347
40,2022-05-22 09:10:00,0.0,0.1392
40,2022-05-22 09:15:00,0.0,0.1736
40,2022-05-22 09:20:00,0.0,0.1146
40,2022-05-22 09:25:00,0.0,0.1532
40,2022-05-22 09:30:00,0.0,0.1497
40,2022-05-22 09:35:00,0.0,0.1259
40,2022-05-22 09:40:00,0.0,0.1047
40,2022-05-22 09:45:00,0.0,0.1086
40,2022-05-22 09:50:00,0.0,0.1362
40,2022-05-22 09:55:00,0.0,0.1107
40,2022-05-22 10:00:00,0.0,0.0808
40,2022-05-22 10:05:00,0.0,0.0769
40,2022-05-22 10:10:00,0.0,0.1084
40,2022-05-22 10:15:00,0.0,0.1295
40,2022-05-22 10:20:00,0.0,0.1041
40,2022-05-22 10:25:00,0.0,0.111
40,2022-05-22 10:30:00,0.0,0.0895
40,2022-05-22 10:35:00,0.0,0.0892
40,2022-05-22 10:40:00,0.0,0.1021
40,2022-05-22 10:45:00,0.0,0.1165
40,2022-05-22 10:50:00,0.0,0.0897
40,2022-05-22 10:55:00,0.0,0.132
40,2022-05-22 11:00:00,0.0,0.1088
40,2022-05-22 11:05:00,0.0,0.1029
40,2022-05-22 11:10:00,0.0,0.1241
40,2022-05-22 11:15:00,0.0,0.1339
40,2022-05-22 11:20:00,0.0,0.0755
40,2022-05-22 11:25:00,0.0,0.0957
40,2022-05-22 11:30:00,0.0,0.0777
40,2022-05-22 11:35:00,0.0,0.0932
40,2022-05-22 11:40:00,0.0,0.1264
40,2022-05-22 11:45:00,0.0,0.0844
40,2022-05-22 11:50:00,0.0,0.0958
40,2022-05-22 11:55:00,0.0,0.0934
40,2022-05-22 12:00:00,0.0,0.1009
40,2022-05-22 12:05:00,0.0,0.1004
40,2022-05-22 12:10:00,0.0,0.072
40,2022-05-22 12:15:00,0.0,0.0927
40,2022-05-22 12:20:00,0.0,0.0717
40,2022-05-22 12:25:00,0.0,0.0967
40,2022-05-22 12:30:00,0.0,0.0818
40,2022-05-22 12:35:00,0.0,0.0855
40,2022-05-22 12:40:00,0.0,0.1156
40,2022-05-22 12:45:00,0.0,0.0882
40,2022-05-22 12:50:00,0.0,0.0703
40,2022-05-22 12:55:00,0.0,0.0832
40,2022-05-22 13:00:00,0.0,0.0897
40,2022-05-22 13:05:00,0.0,0.0699
40,2022-05-22 13:10:00,0.0,0.0759
40,2022-05-22 13:15:00,0.0,0.0676
40,2022-05-22 13:20:00,0.0,0.0888
40,2022-05-22 13:25:00,0.0,0.0665
40,2022-05-22 13:30:00,0.0,0.087
40,2022-05-22 13:35:00,0.0,0.0821
40,2022-05-22 13:40:00,0.0,0.0872
40,2022-05-22 13:45:00,0.0,0.0457
40,2022-05-22 13:50:00,0.0,0.1104
40,2022-05-22 13:55:00,0.0,0.117
40,2022-05-22 14:00:00,0.0,0.0751
40,2022-05-22 14:05:00,0.0,0.0925
40,2022-05-22 14:10:00,0.0,0.0387
40,2022-05-22 14:15:00,0.0,0.0788
40,2022-05-22 14:20:00,0.0,0.0902
40,2022-05-22 14:25:00,0.0,0.054
40,2022-05-22 14:30:00,0.0,0.0414
40,2022-05-22 14:35:00,0.0,0.0711
40,2022-05-22 14:40:00,0.0,0.0447
40,2022-05-22 14:45:00,0.0,0.0546
40,2022-05-22 14:50:00,0.0,0.1036
40,2022-05-22 14:55:00,0.0,0.0763
40,2022-05-22 15:00:00,0.0,0.0851
40,2022-05-22 15:05:00,0.0,0.0523
40,2022-05-22 15:10:00,0.0,0.0939
40,2022-05-22 15:15:00,0.0,0.0745
40,2022-05-22 15:20:00,0.0,0.0491
40,2022-05-22 15:25:00,0.0,0.0844
40,2022-05-22 15:30:00,0.0,0.0723
40,2022-05-22 15:35:00,0.0,0.1112
40,2022-05-22 15:40:00,0.0,0.0775
40,2022-05-22 15:45:00,0.0,0.0396
40,2022-05-22 15:50:00,0.0,0.0828
40,2022-05-22 15:55:00,0.0,0.0608
40,2022-05-22 16:00:00,0.0,0.0714
40,2022-05-22 16:05:00,0.0,0.0738
40,2022-05-22 16:10:00,0.0,0.0576
40,2022-05-22 16:15:00,0.0,0.0551
40,2022-05-22 16:20:00,0.0,0.0697
40,2022-05-22 16:25:00,0.0,0.0531
40,2022-05-22 16:30:00,0.0,0.0442
40,2022-05-22 16:35:00,0.0,0.0561
40,2022-05-22 16:40:00,0.0,0.0636
40,2022-05-22 16:45:00,0.0,0.0788
40,2022-05-22 16:50:00,0.0,0.0894
40,2022-05-22 16:55:00,0.0,0.0981
40,2022-05-22 17:00:00,0.0,0.0658
40,2022-05-22 17:05:00,0.0,0.0395
40,2022-05-22 17:10:00,0.0,0.0521
40,2022-05-22 17:15:00,0.0,0.0559
40,2022-05-22 17:20:00,0.0,0.0589
40,2022-05-22 17:25:00,0.0,0.0491
40,2022-05-22 17:30:00,0.0,0.0711
40,2022-05-22 17:35:00,0.0,0.0722
40,2022-05-22 17:40:00,0.0,0.0367
40,2022-05-22 17:45:00,0.0,0.0491
40,2022-05-22 17:50:00,0.0,0.0552
40,2022-05-22 17:55:00,0.0,0.0512
40,2022-05-22 18:00:00,0.0,0.0315
40,2022-05-22 18:05:00,0.0,0.037
40,2022-05-22 18:10:00,0.0,0.039
40,2022-05-22 18:15:00,0.0,0.0543
40,2022-05-22 18:20:00,0.0,0.0338
40,2022-05-22 18:25:00,0.0,0.0237
40,2022-05-22 18:30:00,0.0,0.0028
40,2022-05-22 18:35:00,0.0,0.0249
40,2022-05-22 18:40:00,0.0,0.0604
40,2022-05-22 18:45:00,0.0,0.0122
40,2022-05-22 18:50:00,0.0,0.022
40,2022-05-22 18:55:00,0.0,0.0296
40,2022-05-22 19:00:00,0.0,0.0309
40,2022-05-22 19:05:00,0.0,0.0333
40,2022-05-22 19:10:00,0.0,0.0253
40,2022-05-22 19:15:00,0.0,0.0506
40,2022-05-22 19:20:00,0.0,0.0531
40,2022-05-22 19:25:00,0.0,0.017
40,2022-05-22 19:30:00,0.0,0.0229
40,2022-05-22 19:35:00,0.0,0.0207
40,2022-05-22 19:40:00,0.0,0.0217
40,2022-05-22 19:45:00,0.0,-0.0124
40,2022-05-22 19:50:00,0.0,0.0373
40,2022-05-22 19:55:00,0.0,0.0308
40,2022-05-22 20:00:00,0.0,0.0221
40,2022-05-22 20:05:00,0.0,0.0016
40,2022-05-22 20:10:00,0.0,0.013
40,2022-05-22 20:15:00,0.0,0.0325
40,2022-05-22 20:20:00,0.0,0.0367
40,2022-05-22 20:25:00,0.0,0.0566
40,2022-05-22 20:30:00,0.0,0.003
40,2022-05-22 20:35:00,0.0,0.052
40,2022-05-22 20:40:00,0.0,0.0624
40,2022-05-22 20:45:00,0.0,0.0464
40,2022-05-22 20:50:00,0.0,0.0488
40,2022-05-22 20:55:00,0.0,0.0417
40,2022-05-22 21:00:00,0.0,0.0631
40,2022-05-22 21:05:00,0.0,0.0182
40,2022-05-22 21:10:00,0.0,0.026
40,2022-05-22 21:15:00,0.0,0.0189
40,2022-05-22 21:20:00,0.0,0.0429
40,2022-05-22 21:25:00,0.0,0.0371
40,2022-05-22 21:30:00,0.0,0.0131
40,2022-05-22 21:35:00,0.0,0.0368
40,2022-05-22 21:40:00,0.0,0.0563
40,2022-05-22 21:45:00,0.0,0.0193
40,2022-05-22 21:50:00,0.0,0.0525
40,2022-05-22 21:55:00,0.0,0.0123
40,2022-05-22 22:00:00,0.0,-0.0063
40,2022-05-22 22:05:00,0.0,0.0088
40,2022-05-22 22:10:00,0.0,0.025
40,2022-05-22 22:15:00,0.0,0.0228
40,2022-05-22 22:20:00,0.0,0.0215
40,2022-05-22 22:25:00,0.0,0.0553
40,2022-05-22 22:30:00,0.0,0.0265
40,2022-05-22 22:35:00,0.0,0.0141
40,2022-05-22 22:40:00,0.0,0.0257
40,2022-05-22 22:45:00,0.0,0.0246
40,2022-05-22 22:50:00,0.0,0.0169
40,2022-05-22 22:55:00,0.0,0.0165
40,2022-05-22 23:00:00,0.0,0.017
40,2022-05-22 23:05:00,0.0,0.0404
40,2022-05-22 23:10:00,0.0,0.0223
40,2022-05-22 23:15:00,0.0,0.0043
40,2022-05-22 23:20:00,0.0,-0.0004
40,2022-05-22 23:25:00,0.0,0.0175
40,2022-05-22 23:30:00,0.0,0.0126
40,2022-05-22 23:35:00,0.0,0.0252
40,2022-05-22 23:40:00,0.0,0.0141
40,2022-05-22 23:45:00,0.0,0.0095
40,2022-05-22 23:50:00,0.0,0.0223
40,2022-05-22 23:55:00,0.0,0.0137
40,2022-05-23 00:00:00,0.0,0.0054
40,2022-05-23 00:05:00,0.0,0.0167
40,2022-05-23 00:10:00,0.0,0.0365
40,2022-05-23 00:15:00,0.0,0.0183
40,2022-05-23 00:20:00,0.0,0.0119
40,2022-05-23 00:25:00,0.0,0.0152
40,2022-05-23 00:30:00,0.0,0.0161
40,2022-05-23 00:35:00,0.0,0.0383
40,2022-05-23 00:40:00,0.0,0.016
40,2022-05-23 00:45:00,0.0,0.017
40,2022-05-23 00:50:00,0.0,0.0004
40,2022-05-23 00:55:00,0.0,0.0188
40,2022-05-23 01:00:00,0.0,0.0088
40,2022-05-23 01:05:00,0.0,0.0195
40,2022-05-23 01:10:00,0.0,0.0105
40,2022-05-23 01:15:00,0.0,0.0183
40,2022-05-23 01:20:00,0.0,0.0085
40,2022-05-23 01:25:00,0.0,0.0058
40,2022-05-23 01:30:00,0.0,0.0181
40,2022-05-23 01:35:00,0.0,0.0185
40,2022-05-23 01:40:00,0.0,0.0227
40,2022-05-23 01:45:00,0.0,0.0189
40,2022-05-23 01:50:00,0.0,0.0121
40,2022-05-23 01:55:00,0.0,0.0317
40,2022-05-23 02:00:00,0.0,0.0279
40,2022-05-23 02:05:00,0.0,0.0334
40,2022-05-23 02:10:00,0.0,0.0299
40,2022-05-23 02:15:00,0.0,0.0368
40,2022-05-23 02:20:00,0.0,0.0286
40,2022-05-23 02:25:00,0.0,0.0138
40,2022-05-23 02:30:00,0.0,0.0292
40,2022-05-23 02:35:00,0.0,0.0163
40,2022-05-23 02:40:00,0.0,0.0322
40,2022-05-23 02:45:00,0.0,0.0239
40,2022-05-23 02:50:00,0.0,0.0372
40,2022-05-23 02:55:00,0.0,0.0535
40,2022-05-23 03:00:00,0.0,0.0367
40,2022-05-23 03:05:00,0.0,0.0292
40,2022-05-23 03:10:00,0.0,0.0275
40,2022-05-23 03:15:00,0.0,0.0284
40,2022-05-23 03:20:00,0.0,0.0325
40,2022-05-23 03:25:00,0.0,0.033
40,2022-05-23 03:30:00,0.0,0.0449
40,2022-05-23 03:35:00,0.0,0.0347
40,2022-05-23 03:40:00,0.0,0.0435
40,2022-05-23 03:45:00,0.0,0.0414
40,2022-05-23 03:50:00,0.0,0.0345
40,2022-05-23 03:55:00,0.0,0.0371
40,2022-05-23 04:00:00,0.0,0.0528
40,2022-05-23 04:05:00,0.0,0.0468
40,2022-05-23 04:10:00,0.0,0.0494
40,2022-05-23 04:15:00,0.0,0.0419
40,2022-05-23 04:20:00,0.0,0.0445
40,2022-05-23 04:25:00,0.0,0.0569
40,2022-05-23 04:30:00,0.0,0.0398
40,2022-05-23 04:35:00,0.0,0.0547
40,2022-05-23 04:40:00,0.0,0.0478
40,2022-05-23 04:45:00,0.0,0.0737
40,2022-05-23 04:50:00,0.0,0.0452
40,2022-05-23 04:55:00,0.0,0.0633
40,2022-05-23 05:00:00,0.0,0.0335
40,2022-05-23 05:05:00,0.0,0.0488
40,2022-05-23 05:10:00,0.0,0.071
40,2022-05-23 05:15:00,0.0,0.0877
40,2022-05-23 05:20:00,0.0,0.0831
40,2022-05-23 05:25:00,0.0,0.0383
40,2022-05-23 05:30:00,0.0,0.0321
40,2022-05-23 05:35:00,0.0,0.0703
40,2022-05-23 05:40:00,0.0,0.0909
40,2022-05-23 05:45:00,0.0,0.0609
40,2022-05-23 05:50:00,0.0,0.0506
40,2022-05-23 05:55:00,0.0,0.0606
40,2022-05-23 06:00:00,0.0,0.0842
40,2022-05-23 06:05:00,0.0,0.093
40,2022-05-23 06:10:00,0.0,0.0793
40,2022-05-23 06:15:00,0.0,0.0686
40,2022-05-23 06:20:00,0.0,0.0558
40,2022-05-23 06:25:00,0.0,0.0622
40,2022-05-23 06:30:00,0.0,0.0756
40,2022-05-23 06:35:00,0.0,0.0696
40,2022-05-23 06:40:00,0.0,0.0665
40,2022-05-23 06:45:00,0.0,0.0368
40,2022-05-23 06:50:00,0.0,0.046
40,2022-05-23 06:55:00,0.0,0.0903
40,2022-05-23 07:00:00,0.0,0.0473
40,2022-05-23 07:05:00,0.0,0.0427
40,2022-05-23 07:10:00,0.0,0.0395
40,2022-05-23 07:15:00,0.0,0.0433
40,2022-05-23 07:20:00,0.0,0.0434
40,2022-05-23 07:25:00,0.0,0.0433
40,2022-05-23 07:30:00,0.0,0.0309
40,2022-05-23 07:35:00,0.0,0.0157
40,2022-05-23 07:40:00,0.0,0.0421
40,2022-05-23 07:45:00,0.0,0.0592
40,2022-05-23 07:50:00,0.0,0.061
40,2022-05-23 07:55:00,0.0,0.0189
40,2022-05-23 08:00:00,0.0,0.0389
41,2022-05-25 15:45:00,0.0,-0.0119
41,2022-05-25 15:50:00,0.0,-0.0011
41,2022-05-25 15:55:00,0.0,-0.0004
41,2022-05-25 16:00:00,0.0751,-0.0139
41,2022-05-25 16:05:00,0.1503,0.0004
41,2022-05-25 16:10:00,0.0,0.3706
41,2022-05-25 16:15:00,0.0,1.0051
41,2022-05-25 16:20:00,0.0,0.4492
41,2022-05-25 16:25:00,0.0,0.2898
41,2022-05-25 16:30:00,0.0,0.1982
41,2022-05-25 16:35:00,0.0,0.2002
41,2022-05-25 16:40:00,0.0,0.1428
41,2022-05-25 16:45:00,0.0,0.1128
41,2022-05-25 16:50:00,0.0,0.0747
41,2022-05-25 16:55:00,0.0376,0.0884
41,2022-05-25 17:00:00,0.1878,0.0581
41,2022-05-25 17:05:00,0.0376,0.7203
41,2022-05-25 17:10:00,0.0386,1.1603
41,2022-05-25 17:15:00,0.0,1.2231
41,2022-05-25 17:20:00,0.0,1.3392
41,2022-05-25 17:25:00,0.0,0.9031
41,2022-05-25 17:30:00,0.0376,0.6199
41,2022-05-25 17:35:00,0.0,0.4727
41,2022-05-25 17:40:00,0.0,0.4337
41,2022-05-25 17:45:00,0.0,0.4318
41,2022-05-25 17:50:00,0.0,0.3854
41,2022-05-25 17:55:00,0.0,0.3111
41,2022-05-25 18:00:00,0.0,0.3009
41,2022-05-25 18:05:00,0.0,0.3288
41,2022-05-25 18:10:00,0.0,0.3268
41,2022-05-25 18:15:00,0.0,0.3004
41,2022-05-25 18:20:00,0.0,0.3087
41,2022-05-25 18:25:00,0.0,0.2381
41,2022-05-25 18:30:00,0.0,0.2502
41,2022-05-25 18:35:00,0.0,0.2412
41,2022-05-25 18:40:00,0.0,0.2321
41,2022-05-25 18:45:00,0.0,0.2221
41,2022-05-25 18:50:00,0.0,0.2115
41,2022-05-25 18:55:00,0.0,0.2045
41,2022-05-25 19:00:00,0.0,0.2198
41,2022-05-25 19:05:00,0.0,0.1786
41,2022-05-25 19:10:00,0.0,0.2052
41,2022-05-25 19:15:00,0.0,0.1856
41,2022-05-25 19:20:00,0.0,0.1925
41,2022-05-25 19:25:00,0.0,0.2
41,2022-05-25 19:30:00,0.0,0.1868
41,2022-05-25 19:35:00,0.0,0.1582
41,2022-05-25 19:40:00,0.0,0.152
41,2022-05-25 19:45:00,0.0,0.1652
41,2022-05-25 19:50:00,0.0,0.147
41,2022-05-25 19:55:00,0.0,0.1344
41,2022-05-25 20:00:00,0.0,0.1952
41,2022-05-25 20:05:00,0.0,0.1474
41,2022-05-25 20:10:00,0.0,0.1457
41,2022-05-25 20:15:00,0.0,0.1435
41,2022-05-25 20:20:00,0.0,0.1519
41,2022-05-25 20:25:00,0.0,0.1678
41,2022-05-25 20:30:00,0.0,0.1423
41,2022-05-25 20:35:00,0.0,0.1404
41,2022-05-25 20:40:00,0.0,0.1365
41,2022-05-25 20:45:00,0.0,0.1324
41,2022-05-25 20:50:00,0.0,0.1234
41,2022-05-25 20:55:00,0.0,0.1155
41,2022-05-25 21:00:00,0.0,0.1173
41,2022-05-25 21:05:00,0.0,0.1139
41,2022-05-25 21:10:00,0.0,0.1391
41,2022-05-25 21:15:00,0.0,0.145
41,2022-05-25 21:20:00,0.0,0.1352
41,2022-05-25 21:25:00,0.0,0.111
41,2022-05-25 21:30:00,0.0,0.109
41,2022-05-25 21:35:00,0.0,0.1045
41,2022-05-25 21:40:00,0.0,0.0752
41,2022-05-25 21:45:00,0.0,0.0902
41,2022-05-25 21:50:00,0.0,0.1179
41,2022-05-25 21:55:00,0.0,0.0741
41,2022-05-25 22:00:00,0.0,0.1105
41,2022-05-25 22:05:00,0.0,0.0967
41,2022-05-25 22:10:00,0.0,0.1031
41,2022-05-25 22:15:00,0.0,0.1007
41,2022-05-25 22:20:00,0.0,0.1044
41,2022-05-25 22:25:00,0.0,0.0832
41,2022-05-25 22:30:00,0.0,0.0958
41,2022-05-25 22:35:00,0.0,0.0889
41,2022-05-25 22:40:00,0.0,0.0676
41,2022-05-25 22:45:00,0.0,0.0846
41,2022-05-25 22:50:00,0.0,0.0917
41,2022-05-25 22:55:00,0.0,0.0897
41,2022-05-25 23:00:00,0.0,0.0599
41,2022-05-25 23:05:00,0.0,0.0784
41,2022-05-25 23:10:00,0.0,0.071
41,2022-05-25 23:15:00,0.0,0.0791
41,2022-05-25 23:20:00,0.0,0.0847
41,2022-05-25 23:25:00,0.0,0.0913
41,2022-05-25 23:30:00,0.0,0.0711
41,2022-05-25 23:35:00,0.0,0.0705
41,2022-05-25 23:40:00,0.0,0.0627
41,2022-05-25 23:45:00,0.0,0.071
41,2022-05-25 23:50:00,0.0,0.0848
41,2022-05-25 23:55:00,0.0,0.07
41,2022-05-26 00:00:00,0.0,0.0599
41,2022-05-26 00:05:00,0.0,0.0579
41,2022-05-26 00:10:00,0.0,0.0668
41,2022-05-26 00:15:00,0.0,0.0561
41,2022-05-26 00:20:00,0.0,0.0841
41,2022-05-26 00:25:00,0.0,0.0762
41,2022-05-26 00:30:00,0.0,0.0734
41,2022-05-26 00:35:00,0.0,0.0827
41,2022-05-26 00:40:00,0.0,0.0711
41,2022-05-26 00:45:00,0.0,0.0837
41,2022-05-26 00:50:00,0.0,0.0584
41,2022-05-26 00:55:00,0.0,0.079
41,2022-05-26 01:00:00,0.0,0.0625
41,2022-05-26 01:05:00,0.0,0.0753
41,2022-05-26 01:10:00,0.0,0.0681
41,2022-05-26 01:15:00,0.0,0.0713
41,2022-05-26 01:20:00,0.0,0.0936
41,2022-05-26 01:25:00,0.0,0.071
41,2022-05-26 01:30:00,0.0,0.0808
41,2022-05-26 01:35:00,0.0,0.0643
41,2022-05-26 01:40:00,0.0,0.0583
41,2022-05-26 01:45:00,0.0,0.0488
41,2022-05-26 01:50:00,0.0,0.0782
41,2022-05-26 01:55:00,0.0,0.0526
41,2022-05-26 02:00:00,0.0,0.0687
41,2022-05-26 02:05:00,0.0,0.0552
41,2022-05-26 02:10:00,0.0,0.0543
41,2022-05-26 02:15:00,0.0,0.0654
41,2022-05-26 02:20:00,0.0,0.0564
41,2022-05-26 02:25:00,0.0,0.0586
41,2022-05-26 02:30:00,0.0,0.0688
41,2022-05-26 02:35:00,0.0,0.0802
41,2022-05-26 02:40:00,0.0,0.0662
41,2022-05-26 02:45:00,0.0,0.0754
41,2022-05-26 02:50:00,0.0,0.0714
41,2022-05-26 02:55:00,0.0,0.073
41,2022-05-26 03:00:00,0.0,0.0604
41,2022-05-26 03:05:00,0.0,0.0992
41,2022-05-26 03:10:00,0.0,0.0809
41,2022-05-26 03:15:00,0.0,0.0835
41,2022-05-26 03:20:00,0.0,0.076
41,2022-05-26 03:25:00,0.0,0.0891
41,2022-05-26 03:30:00,0.0,0.0857
41,2022-05-26 03:35:00,0.0,0.085
41,2022-05-26 03:40:00,0.0,0.0821
41,2022-05-26 03:45:00,0.0,0.0832
41,2022-05-26 03:50:00,0.0,0.0876
41,2022-05-26 03:55:00,0.0,0.0857
41,2022-05-26 04:00:00,0.0,0.0765
41,2022-05-26 04:05:00,0.0,0.0745
41,2022-05-26 04:10:00,0.0,0.0692
41,2022-05-26 04:15:00,0.0,0.0762
41,2022-05-26 04:20:00,0.0,0.0654
41,2022-05-26 04:25:00,0.0,0.0708
41,2022-05-26 04:30:00,0.0,0.0676
41,2022-05-26 04:35:00,0.0,0.0784
41,2022-05-26 04:40:00,0.0,0.064
41,2022-05-26 04:45:00,0.0,0.0901
41,2022-05-26 04:50:00,0.0,0.0557
41,2022-05-26 04:55:00,0.0,0.0573
41,2022-05-26 05:00:00,0.0,0.0739
41,2022-05-26 05:05:00,0.0,0.0675
41,2022-05-26 05:10:00,0.0,0.0867
41,2022-05-26 05:15:00,0.0,0.0607
41,2022-05-26 05:20:00,0.0,0.1023
41,2022-05-26 05:25:00,0.0,0.0964
41,2022-05-26 05:30:00,0.0,0.0654
41,2022-05-26 05:35:00,0.0,0.0425
41,2022-05-26 05:40:00,0.0,0.0697
41,2022-05-26 05:45:00,0.0,0.0627
41,2022-05-26 05:50:00,0.0,0.0671
41,2022-05-26 05:55:00,0.0,0.034
41,2022-05-26 06:00:00,0.0,0.0527
41,2022-05-26 06:05:00,0.0,0.0756
41,2022-05-26 06:10:00,0.0,0.0453
41,2022-05-26 06:15:00,0.0,0.04
42,2022-05-26 06:20:00,0.001,0.0751
42,2022-05-26 06:25:00,0.001,0.0842
42,2022-05-26 06:30:00,0.002,0.0919
42,2022-05-26 06:35:00,0.011,0.0865
42,2022-05-26 06:40:00,0.004,0.0596
42,2022-05-26 06:45:00,0.001,0.0527
42,2022-05-26 06:50:00,0.0,0.0498
42,2022-05-26 06:55:00,0.0,0.0667
42,2022-05-26 07:00:00,0.0,0.0345
42,2022-05-26 07:05:00,0.0,0.0737
42,2022-05-26 07:10:00,0.0,0.0513
42,2022-05-26 07:15:00,0.0,0.0474
42,2022-05-26 07:20:00,0.0,0.0315
42,2022-05-26 07:25:00,0.0,0.0275
42,2022-05-26 07:30:00,0.0,0.0467
42,2022-05-26 07:35:00,0.0,0.0775
42,2022-05-26 07:40:00,0.0,0.0684
42,2022-05-26 07:45:00,0.0,0.0708
42,2022-05-26 07:50:00,0.0,0.0955
42,2022-05-26 07:55:00,0.0,0.0849
42,2022-05-26 08:00:00,0.0,0.0843
42,2022-05-26 08:05:00,0.0,0.0754
42,2022-05-26 08:10:00,0.0,0.0911
42,2022-05-26 08:15:00,0.0,0.0671
42,2022-05-26 08:20:00,0.0,0.0944
42,2022-05-26 08:25:00,0.0,0.0509
42,2022-05-26 08:30:00,0.0,0.0481
42,2022-05-26 08:35:00,0.002,0.0956
42,2022-05-26 08:40:00,0.0,0.0827
42,2022-05-26 08:45:00,0.0,0.0856
42,2022-05-26 08:50:00,0.0,0.0749
42,2022-05-26 08:55:00,0.0,0.0844
42,2022-05-26 09:00:00,0.0,0.077
42,2022-05-26 09:05:00,0.0,0.0744
42,2022-05-26 09:10:00,0.0,0.0507
42,2022-05-26 09:15:00,0.0,0.0759
42,2022-05-26 09:20:00,0.0,0.032
42,2022-05-26 09:25:00,0.0,0.0308
42,2022-05-26 09:30:00,0.0,0.039
42,2022-05-26 09:35:00,0.0,0.0588
42,2022-05-26 09:40:00,0.0,0.0552
42,2022-05-26 09:45:00,0.0,0.09
42,2022-05-26 09:50:00,0.0,0.0587
42,2022-05-26 09:55:00,0.0,0.063
42,2022-05-26 10:00:00,0.0,0.1167
42,2022-05-26 10:05:00,0.0,0.1043
42,2022-05-26 10:10:00,0.0,0.0824
42,2022-05-26 10:15:00,0.0,0.0545
42,2022-05-26 10:20:00,0.0,0.0832
42,2022-05-26 10:25:00,0.0,0.0701
42,2022-05-26 10:30:00,0.0,0.0703
42,2022-05-26 10:35:00,0.0,0.0501
42,2022-05-26 10:40:00,0.0,0.0656
42,2022-05-26 10:45:00,0.0,0.0727
42,2022-05-26 10:50:00,0.0,0.0387
42,2022-05-26 10:55:00,0.0,0.0411
42,2022-05-26 11:00:00,0.0,0.0504
42,2022-05-26 11:05:00,0.0,0.0509
42,2022-05-26 11:10:00,0.0,0.0628
42,2022-05-26 11:15:00,0.0,0.0444
42,2022-05-26 11:20:00,0.0,0.0489
42,2022-05-26 11:25:00,0.0,0.0223
42,2022-05-26 11:30:00,0.0,0.0665
42,2022-05-26 11:35:00,0.0,0.0636
42,2022-05-26 11:40:00,0.0,0.0375
42,2022-05-26 11:45:00,0.0,0.0519
42,2022-05-26 11:50:00,0.0,0.052
42,2022-05-26 11:55:00,0.0,0.0706
42,2022-05-26 12:00:00,0.0,0.0494
42,2022-05-26 12:05:00,0.0,0.0354
42,2022-05-26 12:10:00,0.0,0.0403
42,2022-05-26 12:15:00,0.0,0.0411
42,2022-05-26 12:20:00,0.0,0.0625
42,2022-05-26 12:25:00,0.0,0.0616
42,2022-05-26 12:30:00,0.001,0.0533
42,2022-05-26 12:35:00,0.0,0.0387
42,2022-05-26 12:40:00,0.002,0.0384
42,2022-05-26 12:45:00,0.022,0.0486
42,2022-05-26 12:50:00,0.009,0.0589
42,2022-05-26 12:55:00,0.007,0.0414
42,2022-05-26 13:00:00,0.002,0.0838
42,2022-05-26 13:05:00,0.002,0.0634
42,2022-05-26 13:10:00,0.017,0.0632
42,2022-05-26 13:15:00,0.075,0.0934
42,2022-05-26 13:20:00,0.037,0.1084
42,2022-05-26 13:25:00,0.005,1.0763
42,2022-05-26 13:30:00,0.005,0.9086
42,2022-05-26 13:35:00,0.005,0.5444
42,2022-05-26 13:40:00,0.004,0.4651
42,2022-05-26 13:45:00,0.004,0.4575
42,2022-05-26 13:50:00,0.004,0.3496
42,2022-05-26 13:55:00,0.001,0.3703
42,2022-05-26 14:00:00,0.001,0.3271
42,2022-05-26 14:05:00,0.004,0.3
42,2022-05-26 14:10:00,0.009,0.2887
42,2022-05-26 14:15:00,0.006,0.253
42,2022-05-26 14:20:00,0.0,0.2568
42,2022-05-26 14:25:00,0.0,0.2551
42,2022-05-26 14:30:00,0.0,0.2836
42,2022-05-26 14:35:00,0.0,0.3337
42,2022-05-26 14:40:00,0.0,0.2719
42,2022-05-26 14:45:00,0.0,0.3046
42,2022-05-26 14:50:00,0.0,0.2937
42,2022-05-26 14:55:00,0.0,0.2575
42,2022-05-26 15:00:00,0.0,0.262
42,2022-05-26 15:05:00,0.0,0.2605
42,2022-05-26 15:10:00,0.0,0.2507
42,2022-05-26 15:15:00,0.0,0.2499
42,2022-05-26 15:20:00,0.0,0.2697
42,2022-05-26 15:25:00,0.0,0.2822
42,2022-05-26 15:30:00,0.0,0.2376
42,2022-05-26 15:35:00,0.0,0.2354
42,2022-05-26 15:40:00,0.0,0.2459
42,2022-05-26 15:45:00,0.0,0.224
42,2022-05-26 15:50:00,0.0,0.1835
42,2022-05-26 15:55:00,0.0,0.1861
42,2022-05-26 16:00:00,0.0,0.2075
42,2022-05-26 16:05:00,0.0,0.2066
42,2022-05-26 16:10:00,0.0,0.1777
42,2022-05-26 16:15:00,0.0,0.2262
42,2022-05-26 16:20:00,0.001,0.2116
42,2022-05-26 16:25:00,0.003,0.2094
42,2022-05-26 16:30:00,0.006,0.2254
42,2022-05-26 16:35:00,0.006,0.2016
42,2022-05-26 16:40:00,0.005,0.1958
42,2022-05-26 16:45:00,0.001,0.222
42,2022-05-26 16:50:00,0.0,0.1958
42,2022-05-26 16:55:00,0.003,0.2268
42,2022-05-26 17:00:00,0.01,0.2261
42,2022-05-26 17:05:00,0.011,0.2113
42,2022-05-26 17:10:00,0.01,0.2916
42,2022-05-26 17:15:00,0.006,0.2533
42,2022-05-26 17:20:00,0.003,0.278
42,2022-05-26 17:25:00,0.005,0.2913
42,2022-05-26 17:30:00,0.01,0.3413
42,2022-05-26 17:35:00,0.008,0.3851
42,2022-05-26 17:40:00,0.0,0.4085
42,2022-05-26 17:45:00,0.0,0.4118
42,2022-05-26 17:50:00,0.0,0.4442
42,2022-05-26 17:55:00,0.0,0.4295
42,2022-05-26 18:00:00,0.0,0.3962
42,2022-05-26 18:05:00,0.0,0.4923
42,2022-05-26 18:10:00,0.001,0.4296
42,2022-05-26 18:15:00,0.0,0.4183
42,2022-05-26 18:20:00,0.0,0.3784
42,2022-05-26 18:25:00,0.0,0.3575
42,2022-05-26 18:30:00,0.0,0.3731
42,2022-05-26 18:35:00,0.0,0.3718
42,2022-05-26 18:40:00,0.0,0.3135
42,2022-05-26 18:45:00,0.0,0.3643
42,2022-05-26 18:50:00,0.0,0.2885
42,2022-05-26 18:55:00,0.0,0.3562
42,2022-05-26 19:00:00,0.0,0.3412
42,2022-05-26 19:05:00,0.0,0.2523
42,2022-05-26 19:10:00,0.0,0.3057
42,2022-05-26 19:15:00,0.0,0.3048
42,2022-05-26 19:20:00,0.0,0.2524
42,2022-05-26 19:25:00,0.0,0.3308
42,2022-05-26 19:30:00,0.0,0.3183
42,2022-05-26 19:35:00,0.0,0.2668
42,2022-05-26 19:40:00,0.0,0.2757
42,2022-05-26 19:45:00,0.0,0.2933
42,2022-05-26 19:50:00,0.0,0.2635
42,2022-05-26 19:55:00,0.0,0.2764
42,2022-05-26 20:00:00,0.0,0.217
42,2022-05-26 20:05:00,0.0,0.1997
42,2022-05-26 20:10:00,0.0,0.3374
42,2022-05-26 20:15:00,0.0,0.2417
42,2022-05-26 20:20:00,0.0,0.2775
42,2022-05-26 20:25:00,0.0,0.2315
42,2022-05-26 20:30:00,0.0,0.2881
42,2022-05-26 20:35:00,0.0,0.2582
42,2022-05-26 20:40:00,0.0,0.2732
42,2022-05-26 20:45:00,0.0,0.2965
42,2022-05-26 20:50:00,0.0,0.251
42,2022-05-26 20:55:00,0.0,0.2706
42,2022-05-26 21:00:00,0.0,0.2888
42,2022-05-26 21:05:00,0.0,0.2859
42,2022-05-26 21:10:00,0.0,0.2993
42,2022-05-26 21:15:00,0.0,0.2923
42,2022-05-26 21:20:00,0.0,0.2768
42,2022-05-26 21:25:00,0.0,0.2956
42,2022-05-26 21:30:00,0.0,0.2561
42,2022-05-26 21:35:00,0.0,0.3014
42,2022-05-26 21:40:00,0.0,0.2903
42,2022-05-26 21:45:00,0.0,0.2942
42,2022-05-26 21:50:00,0.0,0.2438
42,2022-05-26 21:55:00,0.0,0.2089
42,2022-05-26 22:00:00,0.0,0.1863
42,2022-05-26 22:05:00,0.0,0.2268
42,2022-05-26 22:10:00,0.0,0.2742
42,2022-05-26 22:15:00,0.0,0.211
42,2022-05-26 22:20:00,0.0,0.2059
42,2022-05-26 22:25:00,0.0,0.2245
42,2022-05-26 22:30:00,0.0,0.2379
42,2022-05-26 22:35:00,0.0,0.2145
42,2022-05-26 22:40:00,0.0,0.2185
42,2022-05-26 22:45:00,0.0,0.2299
42,2022-05-26 22:50:00,0.0,0.2245
42,2022-05-26 22:55:00,0.0,0.2171
42,2022-05-26 23:00:00,0.0,0.2065
42,2022-05-26 23:05:00,0.0,0.2011
42,2022-05-26 23:10:00,0.0,0.1968
42,2022-05-26 23:15:00,0.0,0.2029
42,2022-05-26 23:20:00,0.0,0.2178
42,2022-05-26 23:25:00,0.001,0.1819
42,2022-05-26 23:30:00,0.008,0.2058
42,2022-05-26 23:35:00,0.033,0.2185
42,2022-05-26 23:40:00,0.025,0.2296
42,2022-05-26 23:45:00,0.004,0.2153
42,2022-05-26 23:50:00,0.0,0.2488
42,2022-05-26 23:55:00,0.0,0.451
42,2022-05-27 00:00:00,0.0,0.4398
42,2022-05-27 00:05:00,0.0,0.4099
42,2022-05-27 00:10:00,0.0,0.4068
42,2022-05-27 00:15:00,0.0,0.4335
42,2022-05-27 00:20:00,0.0,0.3791
42,2022-05-27 00:25:00,0.0,0.3632
42,2022-05-27 00:30:00,0.0,0.3642
42,2022-05-27 00:35:00,0.0,0.3667
42,2022-05-27 00:40:00,0.0,0.3477
42,2022-05-27 00:45:00,0.0,0.345
42,2022-05-27 00:50:00,0.0,0.3411
42,2022-05-27 00:55:00,0.0,0.3607
42,2022-05-27 01:00:00,0.0,0.3319
42,2022-05-27 01:05:00,0.0,0.3221
42,2022-05-27 01:10:00,0.0,0.3245
42,2022-05-27 01:15:00,0.0,0.3326
42,2022-05-27 01:20:00,0.0,0.3173
42,2022-05-27 01:25:00,0.0,0.3178
42,2022-05-27 01:30:00,0.0,0.3305
42,2022-05-27 01:35:00,0.0,0.3032
42,2022-05-27 01:40:00,0.0,0.2906
42,2022-05-27 01:45:00,0.0,0.3204
42,2022-05-27 01:50:00,0.0,0.3015
42,2022-05-27 01:55:00,0.0,0.3135
42,2022-05-27 02:00:00,0.0,0.3148
42,2022-05-27 02:05:00,0.0,0.293
42,2022-05-27 02:10:00,0.0,0.2976
42,2022-05-27 02:15:00,0.0,0.3063
42,2022-05-27 02:20:00,0.0,0.305
42,2022-05-27 02:25:00,0.0,0.3323
42,2022-05-27 02:30:00,0.0,0.3027
42,2022-05-27 02:35:00,0.0,0.3216
42,2022-05-27 02:40:00,0.0,0.2975
42,2022-05-27 02:45:00,0.0,0.2667
42,2022-05-27 02:50:00,0.0,0.2755
42,2022-05-27 02:55:00,0.0,0.323
42,2022-05-27 03:00:00,0.0,0.294
42,2022-05-27 03:05:00,0.0,0.2862
42,2022-05-27 03:10:00,0.0,0.3339
42,2022-05-27 03:15:00,0.0,0.2951
42,2022-05-27 03:20:00,0.0,0.2666
42,2022-05-27 03:25:00,0.0,0.2901
42,2022-05-27 03:30:00,0.0,0.2965
42,2022-05-27 03:35:00,0.0,0.3066
42,2022-05-27 03:40:00,0.0,0.3201
42,2022-05-27 03:45:00,0.0,0.3026
42,2022-05-27 03:50:00,0.0,0.2977
42,2022-05-27 03:55:00,0.0,0.3304
42,2022-05-27 04:00:00,0.0,0.2731
42,2022-05-27 04:05:00,0.0,0.3225
42,2022-05-27 04:10:00,0.0,0.307
42,2022-05-27 04:15:00,0.0,0.2743
42,2022-05-27 04:20:00,0.0,0.2635
42,2022-05-27 04:25:00,0.0,0.3127
42,2022-05-27 04:30:00,0.0,0.298
42,2022-05-27 04:35:00,0.0,0.2715
42,2022-05-27 04:40:00,0.0,0.2722
42,2022-05-27 04:45:00,0.0,0.2773
42,2022-05-27 04:50:00,0.0,0.26
42,2022-05-27 04:55:00,0.0,0.2886
42,2022-05-27 05:00:00,0.0,0.2712
42,2022-05-27 05:05:00,0.0,0.2686
42,2022-05-27 05:10:00,0.0,0.3037
42,2022-05-27 05:15:00,0.0,0.2892
42,2022-05-27 05:20:00,0.0,0.3055
42,2022-05-27 05:25:00,0.0,0.3003
42,2022-05-27 05:30:00,0.0,0.3022
42,2022-05-27 05:35:00,0.0,0.2715
42,2022-05-27 05:40:00,0.0,0.2597
42,2022-05-27 05:45:00,0.0,0.3128
42,2022-05-27 05:50:00,0.0,0.3052
42,2022-05-27 05:55:00,0.0,0.291
42,2022-05-27 06:00:00,0.0,0.2605
42,2022-05-27 06:05:00,0.0,0.2843
42,2022-05-27 06:10:00,0.0,0.2732
42,2022-05-27 06:15:00,0.0,0.3119
42,2022-05-27 06:20:00,0.0,0.2465
42,2022-05-27 06:25:00,0.0,0.2739
42,2022-05-27 06:30:00,0.0,0.2738
42,2022-05-27 06:35:00,0.0,0.3135
42,2022-05-27 06:40:00,0.0,0.2996
42,2022-05-27 06:45:00,0.0,0.2952
42,2022-05-27 06:50:00,0.0,0.2573
42,2022-05-27 06:55:00,0.0,0.2244
42,2022-05-27 07:00:00,0.0,0.2919
42,2022-05-27 07:05:00,0.0,0.2484
42,2022-05-27 07:10:00,0.0,0.2584
42,2022-05-27 07:15:00,0.0,0.2763
42,2022-05-27 07:20:00,0.0,0.2478
42,2022-05-27 07:25:00,0.0,0.2849
42,2022-05-27 07:30:00,0.0,0.2928
42,2022-05-27 07:35:00,0.0,0.2716
42,2022-05-27 07:40:00,0.0,0.2704
42,2022-05-27 07:45:00,0.0,0.2504
42,2022-05-27 07:50:00,0.0,0.2821
42,2022-05-27 07:55:00,0.0,0.2802
42,2022-05-27 08:00:00,0.0,0.2651
42,2022-05-27 08:05:00,0.0,0.3035
42,2022-05-27 08:10:00,0.0,0.301
42,2022-05-27 08:15:00,0.0,0.269
42,2022-05-27 08:20:00,0.0,0.2323
43,2022-05-27 08:25:00,0.0,0.3562
43,2022-05-27 08:30:00,0.0,0.2915
43,2022-05-27 08:35:00,0.0,0.2535
43,2022-05-27 08:40:00,0.001,0.2479
43,2022-05-27 08:45:00,0.012,0.2749
43,2022-05-27 08:50:00,0.015,0.2405
43,2022-05-27 08:55:00,0.003,0.2879
43,2022-05-27 09:00:00,0.002,0.2577
43,2022-05-27 09:05:00,0.002,0.2524
43,2022-05-27 09:10:00,0.0,0.2972
43,2022-05-27 09:15:00,0.001,0.2899
43,2022-05-27 09:20:00,0.001,0.2482
43,2022-05-27 09:25:00,0.0,0.275
43,2022-05-27 09:30:00,0.0,0.2529
43,2022-05-27 09:35:00,0.0,0.288
43,2022-05-27 09:40:00,0.0,0.2852
43,2022-05-27 09:45:00,0.0,0.2549
43,2022-05-27 09:50:00,0.0,0.2603
43,2022-05-27 09:55:00,0.0,0.2145
43,2022-05-27 10:00:00,0.0,0.1629
43,2022-05-27 10:05:00,0.0,0.1904
43,2022-05-27 10:10:00,0.0,0.1787
43,2022-05-27 10:15:00,0.0,0.1757
43,2022-05-27 10:20:00,0.0,0.1786
43,2022-05-27 10:25:00,0.0,0.2219
43,2022-05-27 10:30:00,0.0,0.1809
43,2022-05-27 10:35:00,0.0,0.1899
43,2022-05-27 10:40:00,0.0,0.1681
43,2022-05-27 10:45:00,0.0,0.1899
43,2022-05-27 10:50:00,0.0,0.1489
43,2022-05-27 10:55:00,0.0,0.1771
43,2022-05-27 11:00:00,0.0,0.1547
43,2022-05-27 11:05:00,0.0,0.1838
43,2022-05-27 11:10:00,0.001,0.1731
43,2022-05-27 11:15:00,0.0,0.1569
43,2022-05-27 11:20:00,0.0,0.153
43,2022-05-27 11:25:00,0.003,0.1467
43,2022-05-27 11:30:00,0.004,0.1689
43,2022-05-27 11:35:00,0.001,0.1645
43,2022-05-27 11:40:00,0.0,0.1544
43,2022-05-27 11:45:00,0.0,0.1976
43,2022-05-27 11:50:00,0.013,0.138
43,2022-05-27 11:55:00,0.031,0.1231
43,2022-05-27 12:00:00,0.008,0.1352
43,2022-05-27 12:05:00,0.0,0.1957
43,2022-05-27 12:10:00,0.0,0.2421
43,2022-05-27 12:15:00,0.0,0.3193
43,2022-05-27 12:20:00,0.0,0.2786
43,2022-05-27 12:25:00,0.0,0.2754
43,2022-05-27 12:30:00,0.0,0.2802
43,2022-05-27 12:35:00,0.0,0.249
43,2022-05-27 12:40:00,0.0,0.2544
43,2022-05-27 12:45:00,0.0,0.2319
43,2022-05-27 12:50:00,0.0,0.2434
43,2022-05-27 12:55:00,0.009,0.2184
43,2022-05-27 13:00:00,0.011,0.2291
43,2022-05-27 13:05:00,0.001,0.2776
43,2022-05-27 13:10:00,0.0,0.6699
43,2022-05-27 13:15:00,0.0,0.467
43,2022-05-27 13:20:00,0.001,0.3863
43,2022-05-27 13:25:00,0.0,0.3859
43,2022-05-27 13:30:00,0.0,0.2998
43,2022-05-27 13:35:00,0.0,0.3603
43,2022-05-27 13:40:00,0.0,0.3247
43,2022-05-27 13:45:00,0.0,0.3318
43,2022-05-27 13:50:00,0.0,0.3055
43,2022-05-27 13:55:00,0.0,0.2746
43,2022-05-27 14:00:00,0.002,0.2807
43,2022-05-27 14:05:00,0.003,0.2713
43,2022-05-27 14:10:00,0.004,0.2477
43,2022-05-27 14:15:00,0.003,0.2444
43,2022-05-27 14:20:00,0.0,0.2237
43,2022-05-27 14:25:00,0.0,0.199
43,2022-05-27 14:30:00,0.0,0.2403
43,2022-05-27 14:35:00,0.0,0.2558
43,2022-05-27 14:40:00,0.0,0.2911
43,2022-05-27 14:45:00,0.0,0.253
43,2022-05-27 14:50:00,0.0,0.2736
43,2022-05-27 14:55:00,0.0,0.2527
43,2022-05-27 15:00:00,0.0,0.2593
43,2022-05-27 15:05:00,0.0,0.2415
43,2022-05-27 15:10:00,0.0,0.2228
43,2022-05-27 15:15:00,0.0,0.2213
43,2022-05-27 15:20:00,0.005,0.2173
43,2022-05-27 15:25:00,0.007,0.2461
43,2022-05-27 15:30:00,0.005,0.2426
43,2022-05-27 15:35:00,0.006,0.2511
43,2022-05-27 15:40:00,0.01,0.2322
43,2022-05-27 15:45:00,0.013,0.2407
43,2022-05-27 15:50:00,0.006,0.2333
43,2022-05-27 15:55:00,0.003,0.2364
43,2022-05-27 16:00:00,0.0,0.2763
43,2022-05-27 16:05:00,0.0,0.2857
43,2022-05-27 16:10:00,0.0,0.271
43,2022-05-27 16:15:00,0.0,0.2924
43,2022-05-27 16:20:00,0.0,0.2681
43,2022-05-27 16:25:00,0.0,0.2816
43,2022-05-27 16:30:00,0.0,0.2546
43,2022-05-27 16:35:00,0.0,0.2887
43,2022-05-27 16:40:00,0.0,0.2515
43,2022-05-27 16:45:00,0.0,0.2524
43,2022-05-27 16:50:00,0.0,0.3139
43,2022-05-27 16:55:00,0.0,0.2632
43,2022-05-27 17:00:00,0.0,0.2465
43,2022-05-27 17:05:00,0.0,0.2351
43,2022-05-27 17:10:00,0.0,0.2349
43,2022-05-27 17:15:00,0.0,0.2784
43,2022-05-27 17:20:00,0.0,0.2739
43,2022-05-27 17:25:00,0.0,0.2525
43,2022-05-27 17:30:00,0.0,0.2751
43,2022-05-27 17:35:00,0.0,0.245
43,2022-05-27 17:40:00,0.0,0.2457
43,2022-05-27 17:45:00,0.0,0.2736
43,2022-05-27 17:50:00,0.0,0.2572
43,2022-05-27 17:55:00,0.0,0.2705
43,2022-05-27 18:00:00,0.0,0.2846
43,2022-05-27 18:05:00,0.002,0.2456
43,2022-05-27 18:10:00,0.042,0.2644
43,2022-05-27 18:15:00,0.074,0.243
43,2022-05-27 18:20:00,0.027,0.2344
43,2022-05-27 18:25:00,0.006,0.9146
43,2022-05-27 18:30:00,0.004,0.7698
43,2022-05-27 18:35:00,0.004,0.7155
43,2022-05-27 18:40:00,0.002,0.6255
43,2022-05-27 18:45:00,0.0,0.6745
43,2022-05-27 18:50:00,0.0,0.6799
43,2022-05-27 18:55:00,0.0,0.6924
43,2022-05-27 19:00:00,0.0,0.5673
43,2022-05-27 19:05:00,0.0,0.5765
43,2022-05-27 19:10:00,0.0,0.5671
43,2022-05-27 19:15:00,0.0,0.544
43,2022-05-27 19:20:00,0.0,0.5134
43,2022-05-27 19:25:00,0.0,0.5291
43,2022-05-27 19:30:00,0.0,0.5084
43,2022-05-27 19:35:00,0.0,0.4991
43,2022-05-27 19:40:00,0.0,0.5145
43,2022-05-27 19:45:00,0.0,0.5311
43,2022-05-27 19:50:00,0.0,0.4695
43,2022-05-27 19:55:00,0.0,0.4961
43,2022-05-27 20:00:00,0.001,0.4757
43,2022-05-27 20:05:00,0.004,0.4811
43,2022-05-27 20:10:00,0.002,0.4866
43,2022-05-27 20:15:00,0.0,0.4708
43,2022-05-27 20:20:00,0.0,0.4712
43,2022-05-27 20:25:00,0.0,0.4847
43,2022-05-27 20:30:00,0.0,0.4132
43,2022-05-27 20:35:00,0.0,0.4695
43,2022-05-27 20:40:00,0.0,0.4609
43,2022-05-27 20:45:00,0.0,0.4373
43,2022-05-27 20:50:00,0.0,0.3814
43,2022-05-27 20:55:00,0.0,0.4174
43,2022-05-27 21:00:00,0.0,0.4187
43,2022-05-27 21:05:00,0.0,0.4377
43,2022-05-27 21:10:00,0.0,0.4473
43,2022-05-27 21:15:00,0.0,0.4428
43,2022-05-27 21:20:00,0.0,0.4324
43,2022-05-27 21:25:00,0.0,0.4187
43,2022-05-27 21:30:00,0.0,0.4145
43,2022-05-27 21:35:00,0.0,0.4347
43,2022-05-27 21:40:00,0.0,0.454
43,2022-05-27 21:45:00,0.0,0.5182
43,2022-05-27 21:50:00,0.0,0.4478
43,2022-05-27 21:55:00,0.0,0.442
43,2022-05-27 22:00:00,0.0,0.4236
43,2022-05-27 22:05:00,0.0,0.3876
43,2022-05-27 22:10:00,0.0,0.4499
43,2022-05-27 22:15:00,0.0,0.4167
43,2022-05-27 22:20:00,0.0,0.4137
43,2022-05-27 22:25:00,0.0,0.4315
43,2022-05-27 22:30:00,0.0,0.4252
43,2022-05-27 22:35:00,0.0,0.4211
43,2022-05-27 22:40:00,0.0,0.4035
43,2022-05-27 22:45:00,0.0,0.403
43,2022-05-27 22:50:00,0.0,0.4339
43,2022-05-27 22:55:00,0.0,0.4276
43,2022-05-27 23:00:00,0.0,0.4397
43,2022-05-27 23:05:00,0.0,0.4084
43,2022-05-27 23:10:00,0.0,0.4258
43,2022-05-27 23:15:00,0.0,0.4139
43,2022-05-27 23:20:00,0.0,0.3706
43,2022-05-27 23:25:00,0.0,0.3791
43,2022-05-27 23:30:00,0.0,0.4212
43,2022-05-27 23:35:00,0.0,0.4298
43,2022-05-27 23:40:00,0.0,0.4435
43,2022-05-27 23:45:00,0.0,0.3962
43,2022-05-27 23:50:00,0.0,0.3711
43,2022-05-27 23:55:00,0.0,0.4061
43,2022-05-28 00:00:00,0.0,0.406
43,2022-05-28 00:05:00,0.0,0.3838
43,2022-05-28 00:10:00,0.0,0.4104
43,2022-05-28 00:15:00,0.0,0.3838
43,2022-05-28 00:20:00,0.0,0.3763
43,2022-05-28 00:25:00,0.0,0.3872
43,2022-05-28 00:30:00,0.0,0.3607
43,2022-05-28 00:35:00,0.0,0.3607
43,2022-05-28 00:40:00,0.0,0.3495
43,2022-05-28 00:45:00,0.0,0.3619
43,2022-05-28 00:50:00,0.0,0.3463
43,2022-05-28 00:55:00,0.0,0.3962
43,2022-05-28 01:00:00,0.0,0.3833
43,2022-05-28 01:05:00,0.0,0.3766
43,2022-05-28 01:10:00,0.0,0.3594
43,2022-05-28 01:15:00,0.0,0.3808
43,2022-05-28 01:20:00,0.0,0.3172
43,2022-05-28 01:25:00,0.0,0.3664
43,2022-05-28 01:30:00,0.0,0.38
43,2022-05-28 01:35:00,0.0,0.3592
43,2022-05-28 01:40:00,0.0,0.3396
43,2022-05-28 01:45:00,0.0,0.364
43,2022-05-28 01:50:00,0.0,0.3621
43,2022-05-28 01:55:00,0.0,0.3603
43,2022-05-28 02:00:00,0.0,0.3631
43,2022-05-28 02:05:00,0.0,0.3451
43,2022-05-28 02:10:00,0.0,0.3357
43,2022-05-28 02:15:00,0.0,0.3549
43,2022-05-28 02:20:00,0.0,0.36
43,2022-05-28 02:25:00,0.0,0.3345
43,2022-05-28 02:30:00,0.0,0.3402
43,2022-05-28 02:35:00,0.0,0.3271
43,2022-05-28 02:40:00,0.0,0.3289
43,2022-05-28 02:45:00,0.0,0.3397
43,2022-05-28 02:50:00,0.0,0.3397
43,2022-05-28 02:55:00,0.0,0.354
43,2022-05-28 03:00:00,0.0,0.3395
43,2022-05-28 03:05:00,0.0,0.338
43,2022-05-28 03:10:00,0.0,0.3157
43,2022-05-28 03:15:00,0.0,0.3407
43,2022-05-28 03:20:00,0.0,0.353
43,2022-05-28 03:25:00,0.0,0.358
43,2022-05-28 03:30:00,0.0,0.3187
43,2022-05-28 03:35:00,0.0,0.3304
43,2022-05-28 03:40:00,0.0,0.3278
43,2022-05-28 03:45:00,0.0,0.3452
43,2022-05-28 03:50:00,0.0,0.3462
43,2022-05-28 03:55:00,0.0,0.3315
43,2022-05-28 04:00:00,0.0,0.3362
43,2022-05-28 04:05:00,0.0,0.3391
43,2022-05-28 04:10:00,0.0,0.3539
43,2022-05-28 04:15:00,0.0,0.2981
43,2022-05-28 04:20:00,0.0,0.3049
43,2022-05-28 04:25:00,0.0,0.319
43,2022-05-28 04:30:00,0.0,0.3372
43,2022-05-28 04:35:00,0.0,0.3342
43,2022-05-28 04:40:00,0.0,0.2977
43,2022-05-28 04:45:00,0.0,0.311
43,2022-05-28 04:50:00,0.0,0.3085
43,2022-05-28 04:55:00,0.0,0.2703
43,2022-05-28 05:00:00,0.0,0.2838
43,2022-05-28 05:05:00,0.0,0.3029
43,2022-05-28 05:10:00,0.0,0.3398
43,2022-05-28 05:15:00,0.0,0.2888
43,2022-05-28 05:20:00,0.0,0.2933
43,2022-05-28 05:25:00,0.0,0.3045
43,2022-05-28 05:30:00,0.0,0.2997
43,2022-05-28 05:35:00,0.0,0.3212
43,2022-05-28 05:40:00,0.0,0.3177
43,2022-05-28 05:45:00,0.0,0.291
43,2022-05-28 05:50:00,0.0,0.2987
43,2022-05-28 05:55:00,0.0,0.3041
43,2022-05-28 06:00:00,0.0,0.2973
43,2022-05-28 06:05:00,0.0,0.2994
43,2022-05-28 06:10:00,0.0,0.3268
43,2022-05-28 06:15:00,0.0,0.3407
43,2022-05-28 06:20:00,0.0,0.3146
43,2022-05-28 06:25:00,0.0,0.31
43,2022-05-28 06:30:00,0.0,0.3027
43,2022-05-28 06:35:00,0.0,0.3106
43,2022-05-28 06:40:00,0.0,0.3238
43,2022-05-28 06:45:00,0.0,0.3195
43,2022-05-28 06:50:00,0.0,0.2786
43,2022-05-28 06:55:00,0.0,0.2995
43,2022-05-28 07:00:00,0.0,0.2985
43,2022-05-28 07:05:00,0.0,0.31
43,2022-05-28 07:10:00,0.0,0.3324
43,2022-05-28 07:15:00,0.0,0.3345
43,2022-05-28 07:20:00,0.0,0.3051
43,2022-05-28 07:25:00,0.0,0.3602
43,2022-05-28 07:30:00,0.0,0.3174
43,2022-05-28 07:35:00,0.0,0.3273
43,2022-05-28 07:40:00,0.0,0.3705
43,2022-05-28 07:45:00,0.0,0.3638
43,2022-05-28 07:50:00,0.0,0.3275
43,2022-05-28 07:55:00,0.0,0.3112
43,2022-05-28 08:00:00,0.0,0.2965
43,2022-05-28 08:05:00,0.0,0.2818
43,2022-05-28 08:10:00,0.0,0.3004
43,2022-05-28 08:15:00,0.0,0.3188
43,2022-05-28 08:20:00,0.0,0.2806
43,2022-05-28 08:25:00,0.0,0.3225
43,2022-05-28 08:30:00,0.0,0.2886
43,2022-05-28 08:35:00,0.0,0.3023
43,2022-05-28 08:40:00,0.0,0.3179
43,2022-05-28 08:45:00,0.0,0.3155
43,2022-05-28 08:50:00,0.0,0.3426
43,2022-05-28 08:55:00,0.0,0.2824
43,2022-05-28 09:00:00,0.0,0.3068
43,2022-05-28 09:05:00,0.0,0.2434
43,2022-05-28 09:10:00,0.0,0.2663
43,2022-05-28 09:15:00,0.0,0.3365
43,2022-05-28 09:20:00,0.0,0.2808
43,2022-05-28 09:25:00,0.0,0.3137
43,2022-05-28 09:30:00,0.0,0.3316
43,2022-05-28 09:35:00,0.0,0.3061
43,2022-05-28 09:40:00,0.0,0.2814
43,2022-05-28 09:45:00,0.0,0.2837
43,2022-05-28 09:50:00,0.0,0.2801
43,2022-05-28 09:55:00,0.0,0.2918
43,2022-05-28 10:00:00,0.0,0.3044
43,2022-05-28 10:05:00,0.0,0.3015
43,2022-05-28 10:10:00,0.0,0.2735
43,2022-05-28 10:15:00,0.0,0.2396
43,2022-05-28 10:20:00,0.0,0.2595
43,2022-05-28 10:25:00,0.0,0.2679
43,2022-05-28 10:30:00,0.0,0.278
43,2022-05-28 10:35:00,0.0,0.2682
43,2022-05-28 10:40:00,0.0,0.2416
43,2022-05-28 10:45:00,0.0,0.2601
43,2022-05-28 10:50:00,0.0,0.271
43,2022-05-28 10:55:00,0.0,0.2827
43,2022-05-28 11:00:00,0.0,0.293
43,2022-05-28 11:05:00,0.0,0.2551
43,2022-05-28 11:10:00,0.0,0.2582
43,2022-05-28 11:15:00,0.0,0.2436
43,2022-05-28 11:20:00,0.0,0.2553
43,2022-05-28 11:25:00,0.0,0.2364
43,2022-05-28 11:30:00,0.0,0.2655
43,2022-05-28 11:35:00,0.0,0.2705
43,2022-05-28 11:40:00,0.0,0.2228
43,2022-05-28 11:45:00,0.0,0.2613
43,2022-05-28 11:50:00,0.0,0.2367
43,2022-05-28 11:55:00,0.0,0.2519
43,2022-05-28 12:00:00,0.0,0.2615
43,2022-05-28 12:05:00,0.0,0.2872
43,2022-05-28 12:10:00,0.0,0.2221
43,2022-05-28 12:15:00,0.0,0.2022
43,2022-05-28 12:20:00,0.0,0.2191
43,2022-05-28 12:25:00,0.0,0.187
43,2022-05-28 12:30:00,0.0,0.2292
43,2022-05-28 12:35:00,0.0,0.2995
43,2022-05-28 12:40:00,0.0,0.2751
43,2022-05-28 12:45:00,0.0,0.2212
43,2022-05-28 12:50:00,0.0,0.241
43,2022-05-28 12:55:00,0.0,0.2478
43,2022-05-28 13:00:00,0.0,0.2548
43,2022-05-28 13:05:00,0.0,0.2476
43,2022-05-28 13:10:00,0.0,0.2952
43,2022-05-28 13:15:00,0.0,0.2878
43,2022-05-28 13:20:00,0.0,0.214
43,2022-05-28 13:25:00,0.0,0.2404
43,2022-05-28 13:30:00,0.0,0.2188
43,2022-05-28 13:35:00,0.0,0.2039
43,2022-05-28 13:40:00,0.0,0.2364
43,2022-05-28 13:45:00,0.0,0.2119
43,2022-05-28 13:50:00,0.0,0.1942
43,2022-05-28 13:55:00,0.0,0.2268
43,2022-05-28 14:00:00,0.0,0.228
43,2022-05-28 14:05:00,0.0,0.2004
43,2022-05-28 14:10:00,0.0,0.2156
43,2022-05-28 14:15:00,0.0,0.1704
43,2022-05-28 14:20:00,0.0,0.1748
43,2022-05-28 14:25:00,0.0,0.2003
43,2022-05-28 14:30:00,0.0,0.1859
43,2022-05-28 14:35:00,0.0,0.1844
43,2022-05-28 14:40:00,0.0,0.1971
43,2022-05-28 14:45:00,0.0,0.2011
43,2022-05-28 14:50:00,0.0,0.1844
43,2022-05-28 14:55:00,0.0,0.1845
43,2022-05-28 15:00:00,0.0,0.1774
43,2022-05-28 15:05:00,0.0,0.2281
43,2022-05-28 15:10:00,0.0,0.185
43,2022-05-28 15:15:00,0.0,0.2119
43,2022-05-28 15:20:00,0.0,0.22
43,2022-05-28 15:25:00,0.0,0.207
43,2022-05-28 15:30:00,0.0,0.2075
43,2022-05-28 15:35:00,0.0,0.1806
43,2022-05-28 15:40:00,0.0,0.2115
43,2022-05-28 15:45:00,0.0,0.1842
43,2022-05-28 15:50:00,0.0,0.216
43,2022-05-28 15:55:00,0.0,0.1793
43,2022-05-28 16:00:00,0.0,0.1879
43,2022-05-28 16:05:00,0.0,0.1947
43,2022-05-28 16:10:00,0.0,0.1946
43,2022-05-28 16:15:00,0.0,0.2007
43,2022-05-28 16:20:00,0.0,0.1495
43,2022-05-28 16:25:00,0.0,0.1519
43,2022-05-28 16:30:00,0.0,0.165
43,2022-05-28 16:35:00,0.0,0.1647
43,2022-05-28 16:40:00,0.0,0.1282
43,2022-05-28 16:45:00,0.0,0.1332
43,2022-05-28 16:50:00,0.0,0.14
43,2022-05-28 16:55:00,0.0,0.1567
43,2022-05-28 17:00:00,0.0,0.1538
43,2022-05-28 17:05:00,0.0,0.1802
43,2022-05-28 17:10:00,0.0,0.1664
43,2022-05-28 17:15:00,0.0,0.1805
43,2022-05-28 17:20:00,0.0,0.1611
43,2022-05-28 17:25:00,0.0,0.1509
43,2022-05-28 17:30:00,0.0,0.1312
43,2022-05-28 17:35:00,0.0,0.1934
43,2022-05-28 17:40:00,0.0,0.1521
43,2022-05-28 17:45:00,0.0,0.1581
43,2022-05-28 17:50:00,0.0,0.159
43,2022-05-28 17:55:00,0.0,0.1599
43,2022-05-28 18:00:00,0.0,0.1609
43,2022-05-28 18:05:00,0.0,0.1291
43,2022-05-28 18:10:00,0.0,0.2013
43,2022-05-28 18:15:00,0.0,0.2009
43,2022-05-28 18:20:00,0.0,0.1552
43,2022-05-28 18:25:00,0.0,0.1573
43,2022-05-28 18:30:00,0.0,0.1268
43,2022-05-28 18:35:00,0.0,0.1385
43,2022-05-28 18:40:00,0.0,0.148
43,2022-05-28 18:45:00,0.0,0.1126
43,2022-05-28 18:50:00,0.0,0.1375
43,2022-05-28 18:55:00,0.0,0.1731
43,2022-05-28 19:00:00,0.0,0.1317
43,2022-05-28 19:05:00,0.0,0.1359
43,2022-05-28 19:10:00,0.0,0.145
43,2022-05-28 19:15:00,0.0,0.1569
43,2022-05-28 19:20:00,0.0,0.1745
43,2022-05-28 19:25:00,0.0,0.1708
43,2022-05-28 19:30:00,0.0,0.1691
43,2022-05-28 19:35:00,0.0,0.1448
43,2022-05-28 19:40:00,0.0,0.171
43,2022-05-28 19:45:00,0.0,0.1414
43,2022-05-28 19:50:00,0.0,0.1696
43,2022-05-28 19:55:00,0.0,0.16
43,2022-05-28 20:00:00,0.0,0.1459
43,2022-05-28 20:05:00,0.0,0.1626
43,2022-05-28 20:10:00,0.0,0.1748
43,2022-05-28 20:15:00,0.0,0.1777
43,2022-05-28 20:20:00,0.0,0.169
43,2022-05-28 20:25:00,0.0,0.1826
43,2022-05-28 20:30:00,0.0,0.178
43,2022-05-28 20:35:00,0.0,0.1802
43,2022-05-28 20:40:00,0.0,0.199
43,2022-05-28 20:45:00,0.0,0.1743
43,2022-05-28 20:50:00,0.0,0.1565
43,2022-05-28 20:55:00,0.0,0.1648
43,2022-05-28 21:00:00,0.0,0.1814
43,2022-05-28 21:05:00,0.0,0.1711
43,2022-05-28 21:10:00,0.0,0.1598
43,2022-05-28 21:15:00,0.0,0.1978
43,2022-05-28 21:20:00,0.0,0.1967
43,2022-05-28 21:25:00,0.0,0.1725
43,2022-05-28 21:30:00,0.0,0.1611
43,2022-05-28 21:35:00,0.0,0.161
43,2022-05-28 21:40:00,0.0,0.1903
43,2022-05-28 21:45:00,0.0,0.1973
43,2022-05-28 21:50:00,0.0,0.1931
43,2022-05-28 21:55:00,0.0,0.1747
43,2022-05-28 22:00:00,0.0,0.1715
43,2022-05-28 22:05:00,0.0,0.1666
43,2022-05-28 22:10:00,0.0,0.158
43,2022-05-28 22:15:00,0.0,0.1634
43,2022-05-28 22:20:00,0.0,0.1334
43,2022-05-28 22:25:00,0.0,0.1441
43,2022-05-28 22:30:00,0.0,0.1711
43,2022-05-28 22:35:00,0.0,0.1779
43,2022-05-28 22:40:00,0.0,0.1528
43,2022-05-28 22:45:00,0.0,0.1673
43,2022-05-28 22:50:00,0.0,0.1659
43,2022-05-28 22:55:00,0.0,0.1959
43,2022-05-28 23:00:00,0.0,0.186
43,2022-05-28 23:05:00,0.0,0.1502
43,2022-05-28 23:10:00,0.0,0.1443
43,2022-05-28 23:15:00,0.0,0.1648
43,2022-05-28 23:20:00,0.0,0.1344
43,2022-05-28 23:25:00,0.0,0.1407
43,2022-05-28 23:30:00,0.0,0.1085
43,2022-05-28 23:35:00,0.0,0.1242
43,2022-05-28 23:40:00,0.0,0.1422
43,2022-05-28 23:45:00,0.0,0.1191
43,2022-05-28 23:50:00,0.0,0.1436
43,2022-05-28 23:55:00,0.0,0.1388
43,2022-05-29 00:00:00,0.0,0.1136
43,2022-05-29 00:05:00,0.0,0.1193
43,2022-05-29 00:10:00,0.0,0.1171
43,2022-05-29 00:15:00,0.0,0.1307
43,2022-05-29 00:20:00,0.0,0.1378
43,2022-05-29 00:25:00,0.0,0.1264
43,2022-05-29 00:30:00,0.0,0.1319
43,2022-05-29 00:35:00,0.0,0.1511
43,2022-05-29 00:40:00,0.0,0.1133
43,2022-05-29 00:45:00,0.0,0.1182
43,2022-05-29 00:50:00,0.0,0.1393
43,2022-05-29 00:55:00,0.0,0.1173
43,2022-05-29 01:00:00,0.0,0.1185
43,2022-05-29 01:05:00,0.0,0.1142
43,2022-05-29 01:10:00,0.0,0.1104
43,2022-05-29 01:15:00,0.0,0.1172
43,2022-05-29 01:20:00,0.0,0.1468
43,2022-05-29 01:25:00,0.0,0.1241
43,2022-05-29 01:30:00,0.0,0.1425
43,2022-05-29 01:35:00,0.0,0.1136
43,2022-05-29 01:40:00,0.0,0.122
43,2022-05-29 01:45:00,0.0,0.113
43,2022-05-29 01:50:00,0.0,0.1367
43,2022-05-29 01:55:00,0.0,0.1343
43,2022-05-29 02:00:00,0.0,0.1278
43,2022-05-29 02:05:00,0.0,0.1353
43,2022-05-29 02:10:00,0.0,0.1216
43,2022-05-29 02:15:00,0.0,0.124
43,2022-05-29 02:20:00,0.0,0.1275
43,2022-05-29 02:25:00,0.0,0.1028
43,2022-05-29 02:30:00,0.0,0.145
43,2022-05-29 02:35:00,0.0,0.1164
43,2022-05-29 02:40:00,0.0,0.1161
43,2022-05-29 02:45:00,0.0,0.1098
43,2022-05-29 02:50:00,0.0,0.133
43,2022-05-29 02:55:00,0.0,0.1106
43,2022-05-29 03:00:00,0.0,0.121
43,2022-05-29 03:05:00,0.0,0.1221
43,2022-05-29 03:10:00,0.0,0.1079
43,2022-05-29 03:15:00,0.0,0.1245
43,2022-05-29 03:20:00,0.0,0.1098
43,2022-05-29 03:25:00,0.0,0.1302
43,2022-05-29 03:30:00,0.0,0.1167
43,2022-05-29 03:35:00,0.0,0.1258
43,2022-05-29 03:40:00,0.0,0.1481
43,2022-05-29 03:45:00,0.0,0.1238
43,2022-05-29 03:50:00,0.0,0.1147
43,2022-05-29 03:55:00,0.0,0.1141
43,2022-05-29 04:00:00,0.0,0.1432
43,2022-05-29 04:05:00,0.0,0.1252
43,2022-05-29 04:10:00,0.0,0.128
43,2022-05-29 04:15:00,0.0,0.1365
43,2022-05-29 04:20:00,0.0,0.1174
43,2022-05-29 04:25:00,0.0,0.1264
43,2022-05-29 04:30:00,0.0,0.1318
43,2022-05-29 04:35:00,0.0,0.1041
43,2022-05-29 04:40:00,0.0,0.1296
43,2022-05-29 04:45:00,0.0,0.1066
43,2022-05-29 04:50:00,0.0,0.1008
43,2022-05-29 04:55:00,0.0,0.1148
43,2022-05-29 05:00:00,0.0,0.1182
43,2022-05-29 05:05:00,0.0,0.1067
43,2022-05-29 05:10:00,0.0,0.1144
43,2022-05-29 05:15:00,0.0,0.1298
43,2022-05-29 05:20:00,0.0,0.1367
43,2022-05-29 05:25:00,0.0,0.1435
43,2022-05-29 05:30:00,0.0,0.1096
43,2022-05-29 05:35:00,0.0,0.1303
43,2022-05-29 05:40:00,0.0,0.1211
43,2022-05-29 05:45:00,0.0,0.1467
43,2022-05-29 05:50:00,0.0,0.1436
43,2022-05-29 05:55:00,0.0,0.1222
43,2022-05-29 06:00:00,0.0,0.1314
43,2022-05-29 06:05:00,0.0,0.1263
43,2022-05-29 06:10:00,0.0,0.119
43,2022-05-29 06:15:00,0.0,0.1352
43,2022-05-29 06:20:00,0.0,0.1153
43,2022-05-29 06:25:00,0.0,0.1272
43,2022-05-29 06:30:00,0.0,0.1376
43,2022-05-29 06:35:00,0.0,0.0964
43,2022-05-29 06:40:00,0.0,0.1094
43,2022-05-29 06:45:00,0.0,0.119
43,2022-05-29 06:50:00,0.0,0.1052
43,2022-05-29 06:55:00,0.0,0.1029
43,2022-05-29 07:00:00,0.0,0.1045
43,2022-05-29 07:05:00,0.0,0.1381
43,2022-05-29 07:10:00,0.0,0.1399
43,2022-05-29 07:15:00,0.0,0.1135
43,2022-05-29 07:20:00,0.0,0.1014
43,2022-05-29 07:25:00,0.0,0.1092
43,2022-05-29 07:30:00,0.0,0.1061
43,2022-05-29 07:35:00,0.0,0.134
43,2022-05-29 07:40:00,0.0,0.1416
43,2022-05-29 07:45:00,0.0,0.1561
43,2022-05-29 07:50:00,0.0,0.1471
43,2022-05-29 07:55:00,0.0,0.1457
43,2022-05-29 08:00:00,0.0,0.1369
43,2022-05-29 08:05:00,0.0,0.1294
43,2022-05-29 08:10:00,0.0,0.1266
43,2022-05-29 08:15:00,0.0,0.1398
43,2022-05-29 08:20:00,0.0,0.1415
43,2022-05-29 08:25:00,0.0,0.1205
43,2022-05-29 08:30:00,0.0,0.1002
43,2022-05-29 08:35:00,0.0,0.1145
43,2022-05-29 08:40:00,0.0,0.1458
43,2022-05-29 08:45:00,0.0,0.0926
43,2022-05-29 08:50:00,0.0,0.1414
43,2022-05-29 08:55:00,0.0,0.1267
43,2022-05-29 09:00:00,0.0,0.1162
43,2022-05-29 09:05:00,0.0,0.1083
43,2022-05-29 09:10:00,0.0,0.1091
43,2022-05-29 09:15:00,0.0,0.0919
43,2022-05-29 09:20:00,0.0,0.1193
43,2022-05-29 09:25:00,0.0,0.1392
43,2022-05-29 09:30:00,0.0,0.1002
43,2022-05-29 09:35:00,0.0,0.0794
43,2022-05-29 09:40:00,0.0,0.0866
43,2022-05-29 09:45:00,0.0,0.1196
43,2022-05-29 09:50:00,0.0,0.1165
43,2022-05-29 09:55:00,0.0,0.0944
43,2022-05-29 10:00:00,0.0,0.0756
43,2022-05-29 10:05:00,0.0,0.0776
43,2022-05-29 10:10:00,0.0,0.0838
43,2022-05-29 10:15:00,0.0,0.1009
43,2022-05-29 10:20:00,0.0,0.1438
43,2022-05-29 10:25:00,0.0,0.1008
43,2022-05-29 10:30:00,0.0,0.0821
43,2022-05-29 10:35:00,0.0,0.1103
43,2022-05-29 10:40:00,0.0,0.0868
43,2022-05-29 10:45:00,0.0,0.1835
43,2022-05-29 10:50:00,0.0,0.1307
43,2022-05-29 10:55:00,0.0,0.0881
43,2022-05-29 11:00:00,0.0,0.1047
43,2022-05-29 11:05:00,0.0,0.1177
43,2022-05-29 11:10:00,0.0,0.134
43,2022-05-29 11:15:00,0.0,0.1092
43,2022-05-29 11:20:00,0.0,0.1079
43,2022-05-29 11:25:00,0.0,0.1185
43,2022-05-29 11:30:00,0.0,0.0893
43,2022-05-29 11:35:00,0.0,0.1005
43,2022-05-29 11:40:00,0.0,0.0765
43,2022-05-29 11:45:00,0.0,0.0638
43,2022-05-29 11:50:00,0.0,0.0809
43,2022-05-29 11:55:00,0.0,0.0779
43,2022-05-29 12:00:00,0.0,0.0964
43,2022-05-29 12:05:00,0.0,0.1219
43,2022-05-29 12:10:00,0.0,0.1433
43,2022-05-29 12:15:00,0.0,0.1044
43,2022-05-29 12:20:00,0.0,0.1005
43,2022-05-29 12:25:00,0.0,0.0981
43,2022-05-29 12:30:00,0.0,0.1063
43,2022-05-29 12:35:00,0.0,0.0764
43,2022-05-29 12:40:00,0.0,0.0661
43,2022-05-29 12:45:00,0.0,0.0936
43,2022-05-29 12:50:00,0.0,0.1003
43,2022-05-29 12:55:00,0.0,0.093
43,2022-05-29 13:00:00,0.0,0.1495
43,2022-05-29 13:05:00,0.0,0.1005
43,2022-05-29 13:10:00,0.0,0.092
43,2022-05-29 13:15:00,0.0,0.1005
43,2022-05-29 13:20:00,0.0,0.1204
43,2022-05-29 13:25:00,0.0,0.0799
43,2022-05-29 13:30:00,0.0,0.0946
43,2022-05-29 13:35:00,0.0,0.1014
43,2022-05-29 13:40:00,0.0,0.1013
43,2022-05-29 13:45:00,0.0,0.0986
43,2022-05-29 13:50:00,0.0,0.1056
43,2022-05-29 13:55:00,0.0,0.1158
43,2022-05-29 14:00:00,0.0,0.1154
43,2022-05-29 14:05:00,0.0,0.0923
43,2022-05-29 14:10:00,0.0,0.1288
43,2022-05-29 14:15:00,0.0,0.1271
43,2022-05-29 14:20:00,0.0,0.0781
43,2022-05-29 14:25:00,0.0,0.0752
43,2022-05-29 14:30:00,0.0,0.0617
43,2022-05-29 14:35:00,0.0,0.0736
43,2022-05-29 14:40:00,0.0,0.0701
43,2022-05-29 14:45:00,0.0,0.1298
43,2022-05-29 14:50:00,0.0,0.124
43,2022-05-29 14:55:00,0.0,0.0623
43,2022-05-29 15:00:00,0.0,0.098
43,2022-05-29 15:05:00,0.0,0.1187
43,2022-05-29 15:10:00,0.0,0.0826
43,2022-05-29 15:15:00,0.0,0.096
43,2022-05-29 15:20:00,0.0,0.0872
43,2022-05-29 15:25:00,0.0,0.092
43,2022-05-29 15:30:00,0.0,0.0657
43,2022-05-29 15:35:00,0.0,0.1009
43,2022-05-29 15:40:00,0.0,0.1011
43,2022-05-29 15:45:00,0.0,0.0794
43,2022-05-29 15:50:00,0.0,0.079
43,2022-05-29 15:55:00,0.0,0.0712
43,2022-05-29 16:00:00,0.0,0.1152
43,2022-05-29 16:05:00,0.0,0.094
43,2022-05-29 16:10:00,0.0,0.0837
43,2022-05-29 16:15:00,0.0,0.1087
43,2022-05-29 16:20:00,0.0,0.1038
43,2022-05-29 16:25:00,0.0,0.0632
43,2022-05-29 16:30:00,0.0,0.0739
43,2022-05-29 16:35:00,0.0,0.07
43,2022-05-29 16:40:00,0.0,0.1126
43,2022-05-29 16:45:00,0.0,0.1084
43,2022-05-29 16:50:00,0.0,0.0926
43,2022-05-29 16:55:00,0.0,0.0752
43,2022-05-29 17:00:00,0.0,0.0887
43,2022-05-29 17:05:00,0.0,0.0894
43,2022-05-29 17:10:00,0.0,0.0907
43,2022-05-29 17:15:00,0.0,0.089
43,2022-05-29 17:20:00,0.0,0.0803
43,2022-05-29 17:25:00,0.0,0.0755
43,2022-05-29 17:30:00,0.0,0.0869
43,2022-05-29 17:35:00,0.0,0.0625
43,2022-05-29 17:40:00,0.0,0.0901
43,2022-05-29 17:45:00,0.0,0.0899
43,2022-05-29 17:50:00,0.0,0.0893
43,2022-05-29 17:55:00,0.0,0.0816
43,2022-05-29 18:00:00,0.0,0.0699
43,2022-05-29 18:05:00,0.0,0.0609
43,2022-05-29 18:10:00,0.0,0.1023
43,2022-05-29 18:15:00,0.0,0.1086
43,2022-05-29 18:20:00,0.0,0.0791
43,2022-05-29 18:25:00,0.0,0.1015
43,2022-05-29 18:30:00,0.0,0.0912
43,2022-05-29 18:35:00,0.0,0.0633
43,2022-05-29 18:40:00,0.0,0.0768
43,2022-05-29 18:45:00,0.0,0.0735
43,2022-05-29 18:50:00,0.0,0.0575
43,2022-05-29 18:55:00,0.0,0.0526
43,2022-05-29 19:00:00,0.0,0.1101
43,2022-05-29 19:05:00,0.0,0.0916
43,2022-05-29 19:10:00,0.0,0.0933
43,2022-05-29 19:15:00,0.0,0.0868
43,2022-05-29 19:20:00,0.0,0.0776
43,2022-05-29 19:25:00,0.0,0.0924
43,2022-05-29 19:30:00,0.0,0.0851
43,2022-05-29 19:35:00,0.0,0.0696
43,2022-05-29 19:40:00,0.0,0.0684
43,2022-05-29 19:45:00,0.0,0.05
43,2022-05-29 19:50:00,0.0,0.0597
43,2022-05-29 19:55:00,0.0,0.0701
43,2022-05-29 20:00:00,0.0,0.0281
43,2022-05-29 20:05:00,0.0,0.0452
43,2022-05-29 20:10:00,0.0,0.0773
43,2022-05-29 20:15:00,0.0,0.0637
43,2022-05-29 20:20:00,0.0,0.0645
43,2022-05-29 20:25:00,0.0,0.0769
43,2022-05-29 20:30:00,0.0,0.0658
43,2022-05-29 20:35:00,0.0,0.0718
43,2022-05-29 20:40:00,0.0,0.096
43,2022-05-29 20:45:00,0.0,0.0401
43,2022-05-29 20:50:00,0.0,0.0936
43,2022-05-29 20:55:00,0.0,0.1057
43,2022-05-29 21:00:00,0.0,0.0908
43,2022-05-29 21:05:00,0.0,0.0964
43,2022-05-29 21:10:00,0.0,0.0789
43,2022-05-29 21:15:00,0.0,0.1029
43,2022-05-29 21:20:00,0.0,0.1018
43,2022-05-29 21:25:00,0.0,0.0944
43,2022-05-29 21:30:00,0.0,0.0965
43,2022-05-29 21:35:00,0.0,0.1062
43,2022-05-29 21:40:00,0.0,0.0928
43,2022-05-29 21:45:00,0.0,0.0982
43,2022-05-29 21:50:00,0.0,0.1132
43,2022-05-29 21:55:00,0.0,0.1053
43,2022-05-29 22:00:00,0.0,0.115
43,2022-05-29 22:05:00,0.0,0.0756
43,2022-05-29 22:10:00,0.0,0.1086
43,2022-05-29 22:15:00,0.0,0.1096
43,2022-05-29 22:20:00,0.0,0.085
43,2022-05-29 22:25:00,0.0,0.1078
43,2022-05-29 22:30:00,0.0,0.1224
43,2022-05-29 22:35:00,0.0,0.1102
43,2022-05-29 22:40:00,0.0,0.0872
43,2022-05-29 22:45:00,0.0,0.0862
43,2022-05-29 22:50:00,0.0,0.0917
43,2022-05-29 22:55:00,0.0,0.0841
43,2022-05-29 23:00:00,0.0,0.1067
43,2022-05-29 23:05:00,0.0,0.0862
43,2022-05-29 23:10:00,0.0,0.0932
43,2022-05-29 23:15:00,0.0,0.082
43,2022-05-29 23:20:00,0.0,0.0894
43,2022-05-29 23:25:00,0.0,0.0831
43,2022-05-29 23:30:00,0.0,0.0702
43,2022-05-29 23:35:00,0.0,0.0864
43,2022-05-29 23:40:00,0.0,0.085
43,2022-05-29 23:45:00,0.0,0.0774
43,2022-05-29 23:50:00,0.0,0.0665
43,2022-05-29 23:55:00,0.0,0.0761
44,2022-06-01 21:35:00,0.0,0.0102
44,2022-06-01 21:40:00,0.0,0.0467
44,2022-06-01 21:45:00,0.001,0.0185
44,2022-06-01 21:50:00,0.006,0.0135
44,2022-06-01 21:55:00,0.009,0.0295
44,2022-06-01 22:00:00,0.003,0.0045
44,2022-06-01 22:05:00,0.0,0.0195
44,2022-06-01 22:10:00,0.0,0.0295
44,2022-06-01 22:15:00,0.0,0.0295
44,2022-06-01 22:20:00,0.0,0.0155
44,2022-06-01 22:25:00,0.0,-0.0054
44,2022-06-01 22:30:00,0.0,-0.0094
44,2022-06-01 22:35:00,0.0,-0.0244
44,2022-06-01 22:40:00,0.0,-0.0104
44,2022-06-01 22:45:00,0.0,-0.0104
44,2022-06-01 22:50:00,0.0,-0.0264
44,2022-06-01 22:55:00,0.0,-0.0074
44,2022-06-01 23:00:00,0.0,0.0055
44,2022-06-01 23:05:00,0.0,0.0071
44,2022-06-01 23:10:00,0.0,0.0166
44,2022-06-01 23:15:00,0.0,0.0227
44,2022-06-01 23:20:00,0.0,0.0247
44,2022-06-01 23:25:00,0.0,0.0037
44,2022-06-01 23:30:00,0.0,-0.0003
44,2022-06-01 23:35:00,0.0,-0.0113
44,2022-06-01 23:40:00,0.0,0.0017
44,2022-06-01 23:45:00,0.0,-0.0213
44,2022-06-01 23:50:00,0.0,-0.0033
44,2022-06-01 23:55:00,0.0,-0.0123
44,2022-06-02 00:00:00,0.0,-0.0062
44,2022-06-02 00:05:00,0.0,-0.0112
44,2022-06-02 00:10:00,0.0,-0.0252
44,2022-06-02 00:15:00,0.0,-0.0132
44,2022-06-02 00:20:00,0.0,0.0038
44,2022-06-02 00:25:00,0.0,-0.0102
44,2022-06-02 00:30:00,0.0,0.0068
44,2022-06-02 00:35:00,0.0,0.0038
44,2022-06-02 00:40:00,0.0,-0.0092
44,2022-06-02 00:45:00,0.0,-0.0052
44,2022-06-02 00:50:00,0.0,0.0029
44,2022-06-02 00:55:00,0.0,-0.0091
44,2022-06-02 01:00:00,0.0,-0.0171
45,2022-06-02 07:55:00,0.0,0.0447
45,2022-06-02 08:00:00,0.0,0.0128
45,2022-06-02 08:05:00,0.0,0.0368
45,2022-06-02 08:10:00,0.0,0.0198
45,2022-06-02 08:15:00,0.001,0.0088
45,2022-06-02 08:20:00,0.002,-0.0182
45,2022-06-02 08:25:00,0.0,0.0138
45,2022-06-02 08:30:00,0.0,0.0068
45,2022-06-02 08:35:00,0.0,0.0078
45,2022-06-02 08:40:00,0.001,0.0468
45,2022-06-02 08:45:00,0.005,0.0018
45,2022-06-02 08:50:00,0.005,-0.0171
45,2022-06-02 08:55:00,0.005,0.0029
45,2022-06-02 09:00:00,0.013,-0.0031
45,2022-06-02 09:05:00,0.009,-0.0051
45,2022-06-02 09:10:00,0.011,0.0199
45,2022-06-02 09:15:00,0.02,0.0109
45,2022-06-02 09:20:00,0.018,0.0259
45,2022-06-02 09:25:00,0.014,0.0339
45,2022-06-02 09:30:00,0.01,0.0089
45,2022-06-02 09:35:00,0.006,0.0009
45,2022-06-02 09:40:00,0.003,0.074
45,2022-06-02 09:45:00,0.028,0.138
45,2022-06-02 09:50:00,0.048,0.188
45,2022-06-02 09:55:00,0.042,0.227
45,2022-06-02 10:00:00,0.024,0.887
45,2022-06-02 10:05:00,0.007,0.689
45,2022-06-02 10:10:00,0.001,0.516
45,2022-06-02 10:15:00,0.0,0.453
45,2022-06-02 10:20:00,0.0,0.406
45,2022-06-02 10:25:00,0.0,0.4631
45,2022-06-02 10:30:00,0.0,0.3531
45,2022-06-02 10:35:00,0.0,0.3501
45,2022-06-02 10:40:00,0.0,0.2811
45,2022-06-02 10:45:00,0.0,0.2891
45,2022-06-02 10:50:00,0.0,0.2911
45,2022-06-02 10:55:00,0.0,0.2281
45,2022-06-02 11:00:00,0.0,0.2021
45,2022-06-02 11:05:00,0.0,0.2151
45,2022-06-02 11:10:00,0.0,0.1991
45,2022-06-02 11:15:00,0.0,0.1972
45,2022-06-02 11:20:00,0.0,0.1792
45,2022-06-02 11:25:00,0.0,0.1812
45,2022-06-02 11:30:00,0.0,0.1752
45,2022-06-02 11:35:00,0.0,0.1456
45,2022-06-02 11:40:00,0.0,0.1222
45,2022-06-02 11:45:00,0.0,0.1338
45,2022-06-02 11:50:00,0.0,0.1092
45,2022-06-02 11:55:00,0.0,0.1252
45,2022-06-02 12:00:00,0.0,0.1513
45,2022-06-02 12:05:00,0.0,0.1473
45,2022-06-02 12:10:00,0.0,0.1403
45,2022-06-02 12:15:00,0.0,0.1273
45,2022-06-02 12:20:00,0.0,0.1263
45,2022-06-02 12:25:00,0.0,0.1003
45,2022-06-02 12:30:00,0.0,0.1043
45,2022-06-02 12:35:00,0.0,0.1173
45,2022-06-02 12:40:00,0.0,0.0963
45,2022-06-02 12:45:00,0.0,0.0933
45,2022-06-02 12:50:00,0.0,0.0984
45,2022-06-02 12:55:00,0.0,0.1044
45,2022-06-02 13:00:00,0.0,0.0924
45,2022-06-02 13:05:00,0.0,0.0904
46,2022-06-06 11:10:00,0.0,-0.0261
46,2022-06-06 11:15:00,0.0,-0.0217
46,2022-06-06 11:20:00,0.001,-0.0383
46,2022-06-06 11:25:00,0.02,-0.0443
46,2022-06-06 11:30:00,0.053,-0.0119
46,2022-06-06 11:35:00,0.022,-0.019
46,2022-06-06 11:40:00,0.004,0.003
46,2022-06-06 11:45:00,0.004,0.0204
46,2022-06-06 11:50:00,0.003,0.0338
46,2022-06-06 11:55:00,0.004,0.077
46,2022-06-06 12:00:00,0.004,0.2377
46,2022-06-06 12:05:00,0.001,0.2302
46,2022-06-06 12:10:00,0.0,0.2586
46,2022-06-06 12:15:00,0.0,0.3105
46,2022-06-06 12:20:00,0.0,0.2304
46,2022-06-06 12:25:00,0.0,0.2409
46,2022-06-06 12:30:00,0.0,0.2228
46,2022-06-06 12:35:00,0.0,0.2107
46,2022-06-06 12:40:00,0.0,0.1687
46,2022-06-06 12:45:00,0.0,0.1111
46,2022-06-06 12:50:00,0.0,0.108
46,2022-06-06 12:55:00,0.0,0.121
46,2022-06-06 13:00:00,0.0,0.1004
46,2022-06-06 13:05:00,0.0,0.0978
46,2022-06-06 13:10:00,0.0,0.0627
46,2022-06-06 13:15:00,0.0,0.0782
46,2022-06-06 13:20:00,0.0,0.0706
46,2022-06-06 13:25:00,0.0,0.087
46,2022-06-06 13:30:00,0.0,0.068
46,2022-06-06 13:35:00,0.0,0.0429
46,2022-06-06 13:40:00,0.0,0.0653
46,2022-06-06 13:45:00,0.0,0.0758
46,2022-06-06 13:50:00,0.0,0.0612
46,2022-06-06 13:55:00,0.0,0.0506
46,2022-06-06 14:00:00,0.0,0.0489
46,2022-06-06 14:05:00,0.0,0.0595
46,2022-06-06 14:10:00,0.0,0.0249
46,2022-06-06 14:15:00,0.0,0.0509
46,2022-06-06 14:20:00,0.0,0.0663
46,2022-06-06 14:25:00,0.0,0.0337
46,2022-06-06 14:30:00,0.0,0.0457
46,2022-06-06 14:35:00,0.0,0.0386
46,2022-06-06 14:40:00,0.0,0.0625
46,2022-06-06 14:45:00,0.0,0.04
46,2022-06-06 14:50:00,0.0,0.0519
46,2022-06-06 14:55:00,0.0,0.0678
46,2022-06-06 15:00:00,0.027,0.0403
46,2022-06-06 15:05:00,0.081,0.0462
46,2022-06-06 15:10:00,0.024,0.0371
46,2022-06-06 15:15:00,0.008,0.879
46,2022-06-06 15:20:00,0.004,0.602
46,2022-06-06 15:25:00,0.005,0.4194
46,2022-06-06 15:30:00,0.012,0.3013
46,2022-06-06 15:35:00,0.016,0.3358
46,2022-06-06 15:40:00,0.018,0.3042
46,2022-06-06 15:45:00,0.018,0.3361
46,2022-06-06 15:50:00,0.015,0.4326
46,2022-06-06 15:55:00,0.008,0.4625
46,2022-06-06 16:00:00,0.003,0.4664
46,2022-06-06 16:05:00,0.001,0.3799
46,2022-06-06 16:10:00,0.0,0.3803
46,2022-06-06 16:15:00,0.0,0.3552
46,2022-06-06 16:20:00,0.0,0.3302
46,2022-06-06 16:25:00,0.0,0.3246
46,2022-06-06 16:30:00,0.0,0.305
46,2022-06-06 16:35:00,0.0,0.315
46,2022-06-06 16:40:00,0.001,0.2879
46,2022-06-06 16:45:00,0.002,0.2813
46,2022-06-06 16:50:00,0.002,0.2158
46,2022-06-06 16:55:00,0.002,0.2402
46,2022-06-06 17:00:00,0.002,0.2021
46,2022-06-06 17:05:00,0.005,0.2035
46,2022-06-06 17:10:00,0.008,0.21
46,2022-06-06 17:15:00,0.005,0.1779
46,2022-06-06 17:20:00,0.001,0.2058
46,2022-06-06 17:25:00,0.0,0.1668
46,2022-06-06 17:30:00,0.0,0.1922
46,2022-06-06 17:35:00,0.0,0.1891
46,2022-06-06 17:40:00,0.001,0.1846
46,2022-06-06 17:45:00,0.008,0.205
46,2022-06-06 17:50:00,0.012,0.1754
46,2022-06-06 17:55:00,0.013,0.1944
46,2022-06-06 18:00:00,0.004,0.1913
46,2022-06-06 18:05:00,0.001,0.1657
46,2022-06-06 18:10:00,0.0,0.1787
46,2022-06-06 18:15:00,0.0,0.1671
46,2022-06-06 18:20:00,0.0,0.1775
46,2022-06-06 18:25:00,0.0,0.182
46,2022-06-06 18:30:00,0.019,0.2159
46,2022-06-06 18:35:00,0.037,0.1943
46,2022-06-06 18:40:00,0.009,0.1923
46,2022-06-06 18:45:00,0.001,0.1942
46,2022-06-06 18:50:00,0.0,0.3991
46,2022-06-06 18:55:00,0.0,0.3726
46,2022-06-06 19:00:00,0.0,0.338
46,2022-06-06 19:05:00,0.0,0.4044
46,2022-06-06 19:10:00,0.0,0.3458
46,2022-06-06 19:15:00,0.0,0.2958
46,2022-06-06 19:20:00,0.0,0.2902
46,2022-06-06 19:25:00,0.0,0.2606
46,2022-06-06 19:30:00,0.0,0.2376
46,2022-06-06 19:35:00,0.0,0.214
46,2022-06-06 19:40:00,0.0,0.2134
46,2022-06-06 19:45:00,0.0,0.2034
46,2022-06-06 19:50:00,0.0,0.2228
46,2022-06-06 19:55:00,0.002,0.2257
46,2022-06-06 20:00:00,0.005,0.1962
46,2022-06-06 20:05:00,0.003,0.2101
46,2022-06-06 20:10:00,0.004,0.204
46,2022-06-06 20:15:00,0.005,0.1715
46,2022-06-06 20:20:00,0.006,0.1727
46,2022-06-06 20:25:00,0.005,0.1608
46,2022-06-06 20:30:00,0.003,0.1938
46,2022-06-06 20:35:00,0.001,0.1892
46,2022-06-06 20:40:00,0.0,0.2614
46,2022-06-06 20:45:00,0.0,0.2291
46,2022-06-06 20:50:00,0.0,0.2475
46,2022-06-06 20:55:00,0.0,0.2574
46,2022-06-06 21:00:00,0.0,0.2819
46,2022-06-06 21:05:00,0.0,0.2148
46,2022-06-06 21:10:00,0.0,0.1877
46,2022-06-06 21:15:00,0.0,0.2596
46,2022-06-06 21:20:00,0.0,0.2781
46,2022-06-06 21:25:00,0.0,0.2365
46,2022-06-06 21:30:00,0.0,0.1859
46,2022-06-06 21:35:00,0.001,0.2259
46,2022-06-06 21:40:00,0.0,0.2218
46,2022-06-06 21:45:00,0.0,0.2187
46,2022-06-06 21:50:00,0.003,0.2007
46,2022-06-06 21:55:00,0.004,0.2191
46,2022-06-06 22:00:00,0.002,0.181
46,2022-06-06 22:05:00,0.004,0.1825
46,2022-06-06 22:10:00,0.007,0.1449
46,2022-06-06 22:15:00,0.01,0.1934
46,2022-06-06 22:20:00,0.011,0.1683
46,2022-06-06 22:25:00,0.012,0.1762
46,2022-06-06 22:30:00,0.01,0.1679
46,2022-06-06 22:35:00,0.01,0.2034
46,2022-06-06 22:40:00,0.015,0.2385
46,2022-06-06 22:45:00,0.011,0.2654
46,2022-06-06 22:50:00,0.001,0.2699
46,2022-06-06 22:55:00,0.0,0.2858
46,2022-06-06 23:00:00,0.0,0.2647
46,2022-06-06 23:05:00,0.001,0.3131
46,2022-06-06 23:10:00,0.0,0.3266
46,2022-06-06 23:15:00,0.0,0.31
46,2022-06-06 23:20:00,0.0,0.2834
46,2022-06-06 23:25:00,0.0,0.2569
46,2022-06-06 23:30:00,0.0,0.2613
46,2022-06-06 23:35:00,0.001,0.2707
46,2022-06-06 23:40:00,0.001,0.2407
46,2022-06-06 23:45:00,0.0,0.2586
46,2022-06-06 23:50:00,0.0,0.2455
46,2022-06-06 23:55:00,0.002,0.2335
46,2022-06-07 00:00:00,0.006,0.2259
46,2022-06-07 00:05:00,0.001,0.2293
46,2022-06-07 00:10:00,0.0,0.2293
46,2022-06-07 00:15:00,0.0,0.2242
46,2022-06-07 00:20:00,0.0,0.2566
46,2022-06-07 00:25:00,0.0,0.2506
46,2022-06-07 00:30:00,0.0,0.236
46,2022-06-07 00:35:00,0.006,0.2214
46,2022-06-07 00:40:00,0.007,0.2239
46,2022-06-07 00:45:00,0.006,0.2353
46,2022-06-07 00:50:00,0.003,0.2307
46,2022-06-07 00:55:00,0.01,0.2487
46,2022-06-07 01:00:00,0.012,0.2756
46,2022-06-07 01:05:00,0.021,0.3455
46,2022-06-07 01:10:00,0.026,0.3329
46,2022-06-07 01:15:00,0.017,0.3994
46,2022-06-07 01:20:00,0.009,0.4973
46,2022-06-07 01:25:00,0.01,0.5257
46,2022-06-07 01:30:00,0.014,0.4797
46,2022-06-07 01:35:00,0.026,0.4661
46,2022-06-07 01:40:00,0.028,0.5015
46,2022-06-07 01:45:00,0.01,0.5255
46,2022-06-07 01:50:00,0.009,0.6864
46,2022-06-07 01:55:00,0.016,0.6413
46,2022-06-07 02:00:00,0.012,0.6213
46,2022-06-07 02:05:00,0.01,0.6607
46,2022-06-07 02:10:00,0.01,0.7656
46,2022-06-07 02:15:00,0.011,0.8441
46,2022-06-07 02:20:00,0.009,0.95
46,2022-06-07 02:25:00,0.005,0.9984
46,2022-06-07 02:30:00,0.008,0.9959
46,2022-06-07 02:35:00,0.014,0.9753
46,2022-06-07 02:40:00,0.024,0.9207
46,2022-06-07 02:45:00,0.023,0.9722
46,2022-06-07 02:50:00,0.02,1.0046
46,2022-06-07 02:55:00,0.014,1.0205
46,2022-06-07 03:00:00,0.002,0.9285
46,2022-06-07 03:05:00,0.0,1.0254
46,2022-06-07 03:10:00,0.008,0.9973
46,2022-06-07 03:15:00,0.009,0.9204
46,2022-06-07 03:20:00,0.001,0.8912
46,2022-06-07 03:25:00,0.0,0.8475
46,2022-06-07 03:30:00,0.0,0.8685
46,2022-06-07 03:35:00,0.0,0.808
46,2022-06-07 03:40:00,0.0,0.8179
46,2022-06-07 03:45:00,0.0,0.7648
46,2022-06-07 03:50:00,0.0,0.7903
46,2022-06-07 03:55:00,0.0,0.6857
46,2022-06-07 04:00:00,0.003,0.7334
46,2022-06-07 04:05:00,0.003,0.6758
46,2022-06-07 04:10:00,0.0,0.663
46,2022-06-07 04:15:00,0.0,0.6739
46,2022-06-07 04:20:00,0.0,0.7035
46,2022-06-07 04:25:00,0.0,0.6643
46,2022-06-07 04:30:00,0.0,0.6427
46,2022-06-07 04:35:00,0.0,0.6882
46,2022-06-07 04:40:00,0.0,0.6401
46,2022-06-07 04:45:00,0.0,0.6175
46,2022-06-07 04:50:00,0.0,0.625
46,2022-06-07 04:55:00,0.0,0.6504
46,2022-06-07 05:00:00,0.0,0.5758
46,2022-06-07 05:05:00,0.0,0.5687
46,2022-06-07 05:10:00,0.0,0.6122
46,2022-06-07 05:15:00,0.0,0.5501
46,2022-06-07 05:20:00,0.0,0.554
46,2022-06-07 05:25:00,0.0,0.5225
46,2022-06-07 05:30:00,0.0,0.5479
46,2022-06-07 05:35:00,0.0,0.5363
46,2022-06-07 05:40:00,0.0,0.485
46,2022-06-07 05:45:00,0.0,0.5677
46,2022-06-07 05:50:00,0.0,0.5209
46,2022-06-07 05:55:00,0.0,0.5226
46,2022-06-07 06:00:00,0.0,0.495
46,2022-06-07 06:05:00,0.0,0.5124
46,2022-06-07 06:10:00,0.0,0.4729
46,2022-06-07 06:15:00,0.0,0.4508
46,2022-06-07 06:20:00,0.0,0.4202
46,2022-06-07 06:25:00,0.0,0.4342
46,2022-06-07 06:30:00,0.0,0.4387
46,2022-06-07 06:35:00,0.0,0.4245
46,2022-06-07 06:40:00,0.0,0.4825
46,2022-06-07 06:45:00,0.0,0.4629
46,2022-06-07 06:50:00,0.0,0.4238
46,2022-06-07 06:55:00,0.0,0.3578
46,2022-06-07 07:00:00,0.0,0.3737
46,2022-06-07 07:05:00,0.0,0.3361
46,2022-06-07 07:10:00,0.0,0.3768
46,2022-06-07 07:15:00,0.0,0.3055
46,2022-06-07 07:20:00,0.0,0.3949
46,2022-06-07 07:25:00,0.0,0.3348
46,2022-06-07 07:30:00,0.0,0.3408
46,2022-06-07 07:35:00,0.0,0.3712
46,2022-06-07 07:40:00,0.0,0.3311
46,2022-06-07 07:45:00,0.0,0.3416
46,2022-06-07 07:50:00,0.0,0.3225
46,2022-06-07 07:55:00,0.0,0.3517
46,2022-06-07 08:00:00,0.0,0.3214
46,2022-06-07 08:05:00,0.0,0.3278
46,2022-06-07 08:10:00,0.0,0.2952
46,2022-06-07 08:15:00,0.0,0.3112
46,2022-06-07 08:20:00,0.0,0.2816
46,2022-06-07 08:25:00,0.0,0.338
46,2022-06-07 08:30:00,0.0,0.3153
46,2022-06-07 08:35:00,0.0,0.3249
46,2022-06-07 08:40:00,0.0,0.3258
46,2022-06-07 08:45:00,0.0,0.3094
46,2022-06-07 08:50:00,0.0,0.3393
46,2022-06-07 08:55:00,0.0,0.3361
46,2022-06-07 09:00:00,0.0,0.3128
46,2022-06-07 09:05:00,0.0,0.264
46,2022-06-07 09:10:00,0.0,0.2834
46,2022-06-07 09:15:00,0.0,0.2943
46,2022-06-07 09:20:00,0.0,0.3293
46,2022-06-07 09:25:00,0.0,0.3096
46,2022-06-07 09:30:00,0.0,0.3236
46,2022-06-07 09:35:00,0.0,0.2751
46,2022-06-07 09:40:00,0.0,0.2535
46,2022-06-07 09:45:00,0.0,0.2794
46,2022-06-07 09:50:00,0.0,0.3029
46,2022-06-07 09:55:00,0.0,0.2853
46,2022-06-07 10:00:00,0.0,0.3146
46,2022-06-07 10:05:00,0.0,0.2847
46,2022-06-07 10:10:00,0.0,0.2606
46,2022-06-07 10:15:00,0.0,0.282
46,2022-06-07 10:20:00,0.0,0.2694
46,2022-06-07 10:25:00,0.0,0.2519
46,2022-06-07 10:30:00,0.0,0.2348
46,2022-06-07 10:35:00,0.0,0.2383
46,2022-06-07 10:40:00,0.0,0.1557
46,2022-06-07 10:45:00,0.0,0.2226
46,2022-06-07 10:50:00,0.0,0.2536
46,2022-06-07 10:55:00,0.0,0.2835
46,2022-06-07 11:00:00,0.0,0.2664
46,2022-06-07 11:05:00,0.0,0.2218
46,2022-06-07 11:10:00,0.0,0.2344
46,2022-06-07 11:15:00,0.0,0.2257
46,2022-06-07 11:20:00,0.0,0.2751
46,2022-06-07 11:25:00,0.0,0.2741
46,2022-06-07 11:30:00,0.0,0.2614
46,2022-06-07 11:35:00,0.0,0.2365
46,2022-06-07 11:40:00,0.0,0.2497
46,2022-06-07 11:45:00,0.0,0.2563
46,2022-06-07 11:50:00,0.0,0.2417
46,2022-06-07 11:55:00,0.0,0.2684
46,2022-06-07 12:00:00,0.0,0.2546
46,2022-06-07 12:05:00,0.0,0.2027
46,2022-06-07 12:10:00,0.0,0.1979
46,2022-06-07 12:15:00,0.0,0.1787
46,2022-06-07 12:20:00,0.0,0.2098
46,2022-06-07 12:25:00,0.0,0.2273
46,2022-06-07 12:30:00,0.0,0.1898
46,2022-06-07 12:35:00,0.0,0.1756
46,2022-06-07 12:40:00,0.0,0.1951
46,2022-06-07 12:45:00,0.0,0.1905
46,2022-06-07 12:50:00,0.0,0.1849
46,2022-06-07 12:55:00,0.0,0.1975
46,2022-06-07 13:00:00,0.0,0.1757
46,2022-06-07 13:05:00,0.0,0.1862
46,2022-06-07 13:10:00,0.0,0.1876
46,2022-06-07 13:15:00,0.0,0.1621
46,2022-06-07 13:20:00,0.0,0.163
46,2022-06-07 13:25:00,0.0,0.1937
46,2022-06-07 13:30:00,0.0,0.1784
46,2022-06-07 13:35:00,0.0,0.1928
46,2022-06-07 13:40:00,0.0,0.1557
46,2022-06-07 13:45:00,0.0,0.1382
46,2022-06-07 13:50:00,0.0,0.1616
46,2022-06-07 13:55:00,0.0,0.186
46,2022-06-07 14:00:00,0.0,0.1795
46,2022-06-07 14:05:00,0.0,0.1524
46,2022-06-07 14:10:00,0.0,0.1562
46,2022-06-07 14:15:00,0.0,0.1853
46,2022-06-07 14:20:00,0.0,0.1397
46,2022-06-07 14:25:00,0.0,0.1515
46,2022-06-07 14:30:00,0.0,0.1931
46,2022-06-07 14:35:00,0.0,0.1596
46,2022-06-07 14:40:00,0.0,0.1493
46,2022-06-07 14:45:00,0.0,0.1584
46,2022-06-07 14:50:00,0.0,0.1193
46,2022-06-07 14:55:00,0.0,0.0982
46,2022-06-07 15:00:00,0.0,0.1637
46,2022-06-07 15:05:00,0.0,0.1476
46,2022-06-07 15:10:00,0.0,0.1335
46,2022-06-07 15:15:00,0.0,0.1355
46,2022-06-07 15:20:00,0.0,0.1524
46,2022-06-07 15:25:00,0.0,0.1243
46,2022-06-07 15:30:00,0.0,0.1347
46,2022-06-07 15:35:00,0.0,0.1342
46,2022-06-07 15:40:00,0.0,0.1076
46,2022-06-07 15:45:00,0.0,0.154
46,2022-06-07 15:50:00,0.0,0.183
46,2022-06-07 15:55:00,0.0,0.1674
46,2022-06-07 16:00:00,0.0,0.1428
46,2022-06-07 16:05:00,0.0,0.1513
46,2022-06-07 16:10:00,0.0,0.1587
46,2022-06-07 16:15:00,0.0,0.1306
46,2022-06-07 16:20:00,0.0,0.1691
46,2022-06-07 16:25:00,0.0,0.1205
46,2022-06-07 16:30:00,0.0,0.1584
46,2022-06-07 16:35:00,0.0,0.1519
46,2022-06-07 16:40:00,0.0,0.1568
46,2022-06-07 16:45:00,0.0,0.1302
46,2022-06-07 16:50:00,0.0,0.1282
46,2022-06-07 16:55:00,0.0,0.1366
46,2022-06-07 17:00:00,0.0,0.139
46,2022-06-07 17:05:00,0.0,0.1409
46,2022-06-07 17:10:00,0.0,0.1364
46,2022-06-07 17:15:00,0.0,0.1003
46,2022-06-07 17:20:00,0.0,0.1582
46,2022-06-07 17:25:00,0.0,0.1339
46,2022-06-07 17:30:00,0.0,0.2296
46,2022-06-07 17:35:00,0.0,0.1835
46,2022-06-07 17:40:00,0.0,0.1355
46,2022-06-07 17:45:00,0.0,0.1294
46,2022-06-07 17:50:00,0.0,0.1283
46,2022-06-07 17:55:00,0.0,0.1053
46,2022-06-07 18:00:00,0.0,0.1292
46,2022-06-07 18:05:00,0.0,0.0986
46,2022-06-07 18:10:00,0.0,0.1056
46,2022-06-07 18:15:00,0.0,0.0885
46,2022-06-07 18:20:00,0.0,0.1089
46,2022-06-07 18:25:00,0.0,0.1194
46,2022-06-07 18:30:00,0.0,0.1093
46,2022-06-07 18:35:00,0.0,0.0717
46,2022-06-07 18:40:00,0.0,0.1242
46,2022-06-07 18:45:00,0.0,0.1346
46,2022-06-07 18:50:00,0.0,0.1095
46,2022-06-07 18:55:00,0.0,0.156
46,2022-06-07 19:00:00,0.0,0.1404
46,2022-06-07 19:05:00,0.0,0.0913
46,2022-06-07 19:10:00,0.0,0.1022
46,2022-06-07 19:15:00,0.0,0.0902
46,2022-06-07 19:20:00,0.0,0.0925
46,2022-06-07 19:25:00,0.0,0.1097
46,2022-06-07 19:30:00,0.0,0.0875
46,2022-06-07 19:35:00,0.0,0.0569
46,2022-06-07 19:40:00,0.0,0.0563
46,2022-06-07 19:45:00,0.0,0.0638
46,2022-06-07 19:50:00,0.0,0.0662
46,2022-06-07 19:55:00,0.0,0.0696
46,2022-06-07 20:00:00,0.0,0.0861
46,2022-06-07 20:05:00,0.0,0.0765
46,2022-06-07 20:10:00,0.0,0.0959
46,2022-06-07 20:15:00,0.0,0.1139
46,2022-06-07 20:20:00,0.0,0.0928
46,2022-06-07 20:25:00,0.0,0.0952
46,2022-06-07 20:30:00,0.0,0.1052
46,2022-06-07 20:35:00,0.0,0.0851
46,2022-06-07 20:40:00,0.0,0.061
46,2022-06-07 20:45:00,0.0,0.1215
46,2022-06-07 20:50:00,0.0,0.1171
46,2022-06-07 20:55:00,0.0,0.0863
46,2022-06-07 21:00:00,0.0,0.0538
46,2022-06-07 21:05:00,0.0,0.0732
46,2022-06-07 21:10:00,0.0,0.0671
46,2022-06-07 21:15:00,0.0,0.0467
46,2022-06-07 21:20:00,0.0,0.0715
46,2022-06-07 21:25:00,0.0,0.1044
46,2022-06-07 21:30:00,0.0,0.0803
46,2022-06-07 21:35:00,0.0,0.0673
46,2022-06-07 21:40:00,0.0,0.0862
46,2022-06-07 21:45:00,0.0,0.0661
46,2022-06-07 21:50:00,0.0,0.0656
46,2022-06-07 21:55:00,0.0,0.0775
46,2022-06-07 22:00:00,0.0,0.0704
46,2022-06-07 22:05:00,0.0,0.0824
46,2022-06-07 22:10:00,0.0,0.0463
46,2022-06-07 22:15:00,0.0,0.0737
46,2022-06-07 22:20:00,0.0,0.0467
46,2022-06-07 22:25:00,0.0,0.0526
46,2022-06-07 22:30:00,0.0,0.07
46,2022-06-07 22:35:00,0.0,0.0705
46,2022-06-07 22:40:00,0.0,0.0529
46,2022-06-07 22:45:00,0.0,0.0599
46,2022-06-07 22:50:00,0.0,0.069
46,2022-06-07 22:55:00,0.0,0.0526
46,2022-06-07 23:00:00,0.0,0.0371
46,2022-06-07 23:05:00,0.0,0.055
46,2022-06-07 23:10:00,0.0,0.0605
46,2022-06-07 23:15:00,0.0,0.0398
46,2022-06-07 23:20:00,0.0,0.0593
46,2022-06-07 23:25:00,0.0,0.0183
46,2022-06-07 23:30:00,0.0,0.0389
46,2022-06-07 23:35:00,0.0,0.0348
46,2022-06-07 23:40:00,0.0,0.0359
46,2022-06-07 23:45:00,0.0,0.0605
46,2022-06-07 23:50:00,0.0,0.0564
46,2022-06-07 23:55:00,0.0,0.0704
46,2022-06-08 00:00:00,0.0,0.0833
46,2022-06-08 00:05:00,0.0,0.0532
46,2022-06-08 00:10:00,0.0,0.0517
46,2022-06-08 00:15:00,0.0,0.0311
46,2022-06-08 00:20:00,0.0,0.0545
46,2022-06-08 00:25:00,0.0,0.055
46,2022-06-08 00:30:00,0.0,0.0632
46,2022-06-08 00:35:00,0.0,0.0523
46,2022-06-08 00:40:00,0.0,0.0393
46,2022-06-08 00:45:00,0.0,0.0377
46,2022-06-08 00:50:00,0.0,0.0351
46,2022-06-08 00:55:00,0.0,0.0371
46,2022-06-08 01:00:00,0.0,0.03
46,2022-06-08 01:05:00,0.0,0.0349
46,2022-06-08 01:10:00,0.0,0.0348
46,2022-06-08 01:15:00,0.0,0.0313
46,2022-06-08 01:20:00,0.0,0.0307
46,2022-06-08 01:25:00,0.0,0.0386
46,2022-06-08 01:30:00,0.0,0.0211
46,2022-06-08 01:35:00,0.0,0.0215
46,2022-06-08 01:40:00,0.0,0.0294
46,2022-06-08 01:45:00,0.0,0.0369
46,2022-06-08 01:50:00,0.0,0.0523
46,2022-06-08 01:55:00,0.0,0.0237
46,2022-06-08 02:00:00,0.0,0.0532
46,2022-06-08 02:05:00,0.0,0.0379
46,2022-06-08 02:10:00,0.0,0.0387
46,2022-06-08 02:15:00,0.0,0.0305
46,2022-06-08 02:20:00,0.0,0.0314
46,2022-06-08 02:25:00,0.0,0.0273
46,2022-06-08 02:30:00,0.0,0.0073
46,2022-06-08 02:35:00,0.0,0.0512
46,2022-06-08 02:40:00,0.0,0.0514
46,2022-06-08 02:45:00,0.0,0.0581
46,2022-06-08 02:50:00,0.0,0.046
46,2022-06-08 02:55:00,0.0,0.0389
46,2022-06-08 03:00:00,0.0,0.0499
46,2022-06-08 03:05:00,0.0,0.0448
46,2022-06-08 03:10:00,0.0,0.0352
46,2022-06-08 03:15:00,0.0,0.0536
46,2022-06-08 03:20:00,0.0,0.0531
46,2022-06-08 03:25:00,0.0,0.0515
46,2022-06-08 03:30:00,0.0,0.0564
46,2022-06-08 03:35:00,0.0,0.0754
46,2022-06-08 03:40:00,0.0,0.0493
46,2022-06-08 03:45:00,0.0,0.0722
46,2022-06-08 03:50:00,0.0,0.0469
46,2022-06-08 03:55:00,0.0,0.0706
46,2022-06-08 04:00:00,0.0,0.055
46,2022-06-08 04:05:00,0.0,0.0485
46,2022-06-08 04:10:00,0.0,0.0649
46,2022-06-08 04:15:00,0.0,0.0623
46,2022-06-08 04:20:00,0.0,0.0598
46,2022-06-08 04:25:00,0.0,0.0352
46,2022-06-08 04:30:00,0.0,0.0566
46,2022-06-08 04:35:00,0.0,0.0261
46,2022-06-08 04:40:00,0.0,0.051
46,2022-06-08 04:45:00,0.0,0.0649
46,2022-06-08 04:50:00,0.0,0.0864
46,2022-06-08 04:55:00,0.0,0.0418
46,2022-06-08 05:00:00,0.0,0.0382
46,2022-06-08 05:05:00,0.0,0.0441
46,2022-06-08 05:10:00,0.0,0.0161
46,2022-06-08 05:15:00,0.0,0.018
46,2022-06-08 05:20:00,0.0,0.0352
46,2022-06-08 05:25:00,0.0,0.0423
46,2022-06-08 05:30:00,0.0,0.0657
46,2022-06-08 05:35:00,0.0,0.0487
46,2022-06-08 05:40:00,0.0,0.0617
46,2022-06-08 05:45:00,0.0,0.068
46,2022-06-08 05:50:00,0.0,0.0435
46,2022-06-08 05:55:00,0.0,0.0559
46,2022-06-08 06:00:00,0.0,0.0525
46,2022-06-08 06:05:00,0.0,0.0453
46,2022-06-08 06:10:00,0.0,0.0293
46,2022-06-08 06:15:00,0.0,0.0502
46,2022-06-08 06:20:00,0.0,0.0466
46,2022-06-08 06:25:00,0.0,0.0841
46,2022-06-08 06:30:00,0.0,0.094
46,2022-06-08 06:35:00,0.0,0.0639
46,2022-06-08 06:40:00,0.0,0.1084
46,2022-06-08 06:45:00,0.0,0.0563
46,2022-06-08 06:50:00,0.0,0.0322
46,2022-06-08 06:55:00,0.0,0.0297
46,2022-06-08 07:00:00,0.0,0.0451
46,2022-06-08 07:05:00,0.0,0.0585
46,2022-06-08 07:10:00,0.0,0.0439
46,2022-06-08 07:15:00,0.0,0.0699
46,2022-06-08 07:20:00,0.0,0.0288
46,2022-06-08 07:25:00,0.0,0.0757
46,2022-06-08 07:30:00,0.0,0.0582
46,2022-06-08 07:35:00,0.0,0.0726
46,2022-06-08 07:40:00,0.0,0.039
46,2022-06-08 07:45:00,0.0,0.0055
46,2022-06-08 07:50:00,0.0,0.0389
46,2022-06-08 07:55:00,0.0,0.0268
46,2022-06-08 08:00:00,0.0,0.0448
46,2022-06-08 08:05:00,0.0,0.0557
46,2022-06-08 08:10:00,0.0,0.0721
46,2022-06-08 08:15:00,0.0,0.0286
46,2022-06-08 08:20:00,0.0,-0.0065
46,2022-06-08 08:25:00,0.0,0.0519
46,2022-06-08 08:30:00,0.0,0.0069
46,2022-06-08 08:35:00,0.0,0.0238
46,2022-06-08 08:40:00,0.0,0.0432
46,2022-06-08 08:45:00,0.0,0.0542
46,2022-06-08 08:50:00,0.0,0.0211
46,2022-06-08 08:55:00,0.0,0.0405
46,2022-06-08 09:00:00,0.0,-0.0016
46,2022-06-08 09:05:00,0.0,0.0199
46,2022-06-08 09:10:00,0.0,0.0323
46,2022-06-08 09:15:00,0.0,0.0407
46,2022-06-08 09:20:00,0.0,0.0256
46,2022-06-08 09:25:00,0.0,0.0006
46,2022-06-08 09:30:00,0.0,0.0275
46,2022-06-08 09:35:00,0.0,0.0345
46,2022-06-08 09:40:00,0.0,0.0323
46,2022-06-08 09:45:00,0.0,0.0223
46,2022-06-08 09:50:00,0.0,0.0353
46,2022-06-08 09:55:00,0.0,0.0372
46,2022-06-08 10:00:00,0.0,0.0196
46,2022-06-08 10:05:00,0.0,0.0296
46,2022-06-08 10:10:00,0.0,0.0439
46,2022-06-08 10:15:00,0.0,0.0269
46,2022-06-08 10:20:00,0.0,0.0344
46,2022-06-08 10:25:00,0.0,0.0128
46,2022-06-08 10:30:00,0.0,0.0177
46,2022-06-08 10:35:00,0.0,0.0372
46,2022-06-08 10:40:00,0.0,0.0066
46,2022-06-08 10:45:00,0.0,0.023
46,2022-06-08 10:50:00,0.0,0.0315
46,2022-06-08 10:55:00,0.0,0.0459
46,2022-06-08 11:00:00,0.0,0.0423
46,2022-06-08 11:05:00,0.0,0.0802
46,2022-06-08 11:10:00,0.0,0.0447
46,2022-06-08 11:15:00,0.0,0.0316
46,2022-06-08 11:20:00,0.0,-0.0175
46,2022-06-08 11:25:00,0.0,0.0305
46,2022-06-08 11:30:00,0.0,0.0149
46,2022-06-08 11:35:00,0.0,0.0083
46,2022-06-08 11:40:00,0.0,-0.0097
46,2022-06-08 11:45:00,0.0,-0.0188
46,2022-06-08 11:50:00,0.0,0.0181
46,2022-06-08 11:55:00,0.0,0.0471
46,2022-06-08 12:00:00,0.0,0.0365
46,2022-06-08 12:05:00,0.0,0.0299
46,2022-06-08 12:10:00,0.0,0.0374
46,2022-06-08 12:15:00,0.0,0.0203
46,2022-06-08 12:20:00,0.0,0.0062
46,2022-06-08 12:25:00,0.0,0.0276
46,2022-06-08 12:30:00,0.0,0.0341
46,2022-06-08 12:35:00,0.0,0.0134
46,2022-06-08 12:40:00,0.0,-0.0005
46,2022-06-08 12:45:00,0.0,0.0324
46,2022-06-08 12:50:00,0.0,0.0173
46,2022-06-08 12:55:00,0.0,0.0433
46,2022-06-08 13:00:00,0.0,0.0142
46,2022-06-08 13:05:00,0.0,-0.0114
46,2022-06-08 13:10:00,0.0,-0.009
46,2022-06-08 13:15:00,0.0,0.0079
46,2022-06-08 13:20:00,0.0,0.0179
46,2022-06-08 13:25:00,0.0,-0.0067
46,2022-06-08 13:30:00,0.0,0.0088
46,2022-06-08 13:35:00,0.0,0.0172
46,2022-06-08 13:40:00,0.0,0.0161
47,2022-06-08 13:40:00,0.0,0.0161
47,2022-06-08 13:45:00,0.0,0.0266
47,2022-06-08 13:50:00,0.011,0.0014
47,2022-06-08 13:55:00,0.044,0.0034
47,2022-06-08 14:00:00,0.052,0.0164
47,2022-06-08 14:05:00,0.01,0.0363
47,2022-06-08 14:10:00,0.001,0.0312
47,2022-06-08 14:15:00,0.0,0.3072
47,2022-06-08 14:20:00,0.0,0.1931
47,2022-06-08 14:25:00,0.0,0.1445
47,2022-06-08 14:30:00,0.002,0.2144
47,2022-06-08 14:35:00,0.016,0.1394
47,2022-06-08 14:40:00,0.037,0.1352
47,2022-06-08 14:45:00,0.045,0.1018
47,2022-06-08 14:50:00,0.033,0.1127
47,2022-06-08 14:55:00,0.104,0.7386
47,2022-06-08 15:00:00,0.052,0.5426
47,2022-06-08 15:05:00,0.007,1.045
47,2022-06-08 15:10:00,0.0,1.0328
47,2022-06-08 15:15:00,0.002,0.6238
47,2022-06-08 15:20:00,0.004,0.5333
47,2022-06-08 15:25:00,0.007,0.4777
47,2022-06-08 15:30:00,0.012,0.4571
47,2022-06-08 15:35:00,0.016,0.4186
47,2022-06-08 15:40:00,0.012,0.3884
47,2022-06-08 15:45:00,0.008,0.5494
47,2022-06-08 15:50:00,0.0,0.6433
47,2022-06-08 15:55:00,0.0,0.5618
47,2022-06-08 16:00:00,0.0,0.5432
47,2022-06-08 16:05:00,0.0,0.6157
47,2022-06-08 16:10:00,0.0,0.6161
47,2022-06-08 16:15:00,0.0,0.5345
47,2022-06-08 16:20:00,0.0,0.5595
47,2022-06-08 16:25:00,0.0,0.5353
47,2022-06-08 16:30:00,0.0,0.4783
47,2022-06-08 16:35:00,0.003,0.5142
47,2022-06-08 16:40:00,0.003,0.4482
47,2022-06-08 16:45:00,0.0,0.4606
47,2022-06-08 16:50:00,0.0,0.389
47,2022-06-08 16:55:00,0.0,0.475
47,2022-06-08 17:00:00,0.001,0.4589
47,2022-06-08 17:05:00,0.001,0.4373
47,2022-06-08 17:10:00,0.0,0.4418
47,2022-06-08 17:15:00,0.0,0.4036
47,2022-06-08 17:20:00,0.0,0.4276
47,2022-06-08 17:25:00,0.0,0.4166
47,2022-06-08 17:30:00,0.0,0.4075
47,2022-06-08 17:35:00,0.0,0.3849
47,2022-06-08 17:40:00,0.004,0.3584
47,2022-06-08 17:45:00,0.003,0.3423
47,2022-06-08 17:50:00,0.0,0.3742
47,2022-06-08 17:55:00,0.0,0.3122
47,2022-06-08 18:00:00,0.0,0.4031
47,2022-06-08 18:05:00,0.006,0.3615
47,2022-06-08 18:10:00,0.003,0.3715
47,2022-06-08 18:15:00,0.0,0.3304
47,2022-06-08 18:20:00,0.0,0.3403
47,2022-06-08 18:25:00,0.0,0.3787
47,2022-06-08 18:30:00,0.0,0.3762
47,2022-06-08 18:35:00,0.0,0.4271
47,2022-06-08 18:40:00,0.0,0.3571
47,2022-06-08 18:45:00,0.0,0.333
47,2022-06-08 18:50:00,0.0,0.3129
47,2022-06-08 18:55:00,0.0,0.2999
47,2022-06-08 19:00:00,0.0,0.3168
47,2022-06-08 19:05:00,0.0,0.3177
47,2022-06-08 19:10:00,0.0,0.3086
47,2022-06-08 19:15:00,0.0,0.2886
47,2022-06-08 19:20:00,0.0,0.3275
47,2022-06-08 19:25:00,0.0,0.3004
47,2022-06-08 19:30:00,0.0,0.2964
47,2022-06-08 19:35:00,0.0,0.3073
47,2022-06-08 19:40:00,0.0,0.2812
47,2022-06-08 19:45:00,0.0,0.2732
47,2022-06-08 19:50:00,0.0,0.3261
47,2022-06-08 19:55:00,0.0,0.285
47,2022-06-08 20:00:00,0.0,0.224
47,2022-06-08 20:05:00,0.0,0.2939
47,2022-06-08 20:10:00,0.0,0.2338
47,2022-06-08 20:15:00,0.0,0.2718
47,2022-06-08 20:20:00,0.0,0.2617
47,2022-06-08 20:25:00,0.0,0.2556
47,2022-06-08 20:30:00,0.0,0.2496
47,2022-06-08 20:35:00,0.0,0.2735
47,2022-06-08 20:40:00,0.0,0.2674
47,2022-06-08 20:45:00,0.0,0.2424
47,2022-06-08 20:50:00,0.0,0.2453
47,2022-06-08 20:55:00,0.0,0.2522
47,2022-06-08 21:00:00,0.0,0.2592
47,2022-06-08 21:05:00,0.0,0.2261
47,2022-06-08 21:10:00,0.0,0.23
47,2022-06-08 21:15:00,0.0,0.2369
47,2022-06-08 21:20:00,0.0,0.2269
47,2022-06-08 21:25:00,0.0,0.2538
47,2022-06-08 21:30:00,0.0,0.2987
47,2022-06-08 21:35:00,0.0,0.2725
47,2022-06-08 21:40:00,0.0,0.2388
47,2022-06-08 21:45:00,0.0,0.2305
47,2022-06-08 21:50:00,0.0,0.2025
47,2022-06-08 21:55:00,0.0,0.2004
47,2022-06-08 22:00:00,0.0,0.1893
47,2022-06-08 22:05:00,0.0,0.2203
47,2022-06-08 22:10:00,0.0,0.1872
47,2022-06-08 22:15:00,0.0,0.2361
47,2022-06-08 22:20:00,0.0,0.2051
47,2022-06-08 22:25:00,0.0,0.201
47,2022-06-08 22:30:00,0.0,0.2149
47,2022-06-08 22:35:00,0.0,0.1969
47,2022-06-08 22:40:00,0.0,0.1728
47,2022-06-08 22:45:00,0.0,0.2187
47,2022-06-08 22:50:00,0.0,0.1887
47,2022-06-08 22:55:00,0.0,0.1516
47,2022-06-08 23:00:00,0.0,0.1544
47,2022-06-08 23:05:00,0.0,0.1799
47,2022-06-08 23:10:00,0.0,0.1934
47,2022-06-08 23:15:00,0.0,0.2163
47,2022-06-08 23:20:00,0.0,0.2052
47,2022-06-08 23:25:00,0.0,0.1942
47,2022-06-08 23:30:00,0.0,0.1791
47,2022-06-08 23:35:00,0.0,0.154
47,2022-06-08 23:40:00,0.0,0.155
47,2022-06-08 23:45:00,0.0,0.1589
47,2022-06-08 23:50:00,0.0,0.1608
47,2022-06-08 23:55:00,0.0,0.1708
47,2022-06-09 00:00:00,0.0,0.1777
47,2022-06-09 00:05:00,0.0,0.1766
47,2022-06-09 00:10:00,0.0,0.1256
47,2022-06-09 00:15:00,0.0,0.1565
47,2022-06-09 00:20:00,0.0,0.1444
47,2022-06-09 00:25:00,0.0,0.1694
47,2022-06-09 00:30:00,0.0,0.1603
47,2022-06-09 00:35:00,0.0,0.1642
47,2022-06-09 00:40:00,0.0,0.1482
47,2022-06-09 00:45:00,0.0,0.1411
47,2022-06-09 00:50:00,0.0,0.153
47,2022-06-09 00:55:00,0.0,0.159
47,2022-06-09 01:00:00,0.0,0.1429
47,2022-06-09 01:05:00,0.0,0.1388
47,2022-06-09 01:10:00,0.0,0.1407
47,2022-06-09 01:15:00,0.0,0.1287
47,2022-06-09 01:20:00,0.0,0.1406
47,2022-06-09 01:25:00,0.0,0.1215
47,2022-06-09 01:30:00,0.0,0.1085
47,2022-06-09 01:35:00,0.0,0.136
47,2022-06-09 01:40:00,0.0,0.1333
47,2022-06-09 01:45:00,0.0,0.1223
47,2022-06-09 01:50:00,0.0,0.1252
47,2022-06-09 01:55:00,0.0,0.1351
47,2022-06-09 02:00:00,0.0,0.1451
47,2022-06-09 02:05:00,0.0,0.147
47,2022-06-09 02:10:00,0.0,0.1439
47,2022-06-09 02:15:00,0.0,0.1599
47,2022-06-09 02:20:00,0.0,0.1058
47,2022-06-09 02:25:00,0.0,0.1177
47,2022-06-09 02:30:00,0.0,0.1507
47,2022-06-09 02:35:00,0.0,0.1326
47,2022-06-09 02:40:00,0.0,0.1585
47,2022-06-09 02:45:00,0.0,0.1625
47,2022-06-09 02:50:00,0.0,0.1604
47,2022-06-09 02:55:00,0.0,0.1243
47,2022-06-09 03:00:00,0.0,0.1423
47,2022-06-09 03:05:00,0.0,0.1222
47,2022-06-09 03:10:00,0.0,0.1801
47,2022-06-09 03:15:00,0.0,0.127
47,2022-06-09 03:20:00,0.0,0.112
47,2022-06-09 03:25:00,0.0,0.1299
47,2022-06-09 03:30:00,0.0,0.1158
47,2022-06-09 03:35:00,0.0,0.1358
47,2022-06-09 03:40:00,0.0,0.1327
47,2022-06-09 03:45:00,0.0,0.1336
47,2022-06-09 03:50:00,0.0,0.1246
47,2022-06-09 03:55:00,0.0,0.1205
47,2022-06-09 04:00:00,0.0,0.1264
47,2022-06-09 04:05:00,0.0,0.1234
47,2022-06-09 04:10:00,0.0,0.0983
47,2022-06-09 04:15:00,0.0,0.1102
47,2022-06-09 04:20:00,0.0,0.0932
47,2022-06-09 04:25:00,0.0,0.0961
47,2022-06-09 04:30:00,0.0,0.1138
47,2022-06-09 04:35:00,0.0,0.113
47,2022-06-09 04:40:00,0.0,0.1069
47,2022-06-09 04:45:00,0.0,0.1058
47,2022-06-09 04:50:00,0.0,0.0998
47,2022-06-09 04:55:00,0.0,0.1307
47,2022-06-09 05:00:00,0.0,0.0976
47,2022-06-09 05:05:00,0.0,0.1225
47,2022-06-09 05:10:00,0.0,0.1185
47,2022-06-09 05:15:00,0.0,0.0774
47,2022-06-09 05:20:00,0.0,0.0882
47,2022-06-09 05:25:00,0.0,0.1218
47,2022-06-09 05:30:00,0.0,0.1352
47,2022-06-09 05:35:00,0.0,0.1201
47,2022-06-09 05:40:00,0.0,0.0801
47,2022-06-09 05:45:00,0.0,0.084
47,2022-06-09 05:50:00,0.0,0.1099
47,2022-06-09 05:55:00,0.0,0.0919
47,2022-06-09 06:00:00,0.0,0.1358
47,2022-06-09 06:05:00,0.0,0.1027
47,2022-06-09 06:10:00,0.0,0.1117
47,2022-06-09 06:15:00,0.0,0.0796
47,2022-06-09 06:20:00,0.0,0.1015
47,2022-06-09 06:25:00,0.0,0.1185
47,2022-06-09 06:30:00,0.0,0.1254
47,2022-06-09 06:35:00,0.0,0.1153
47,2022-06-09 06:40:00,0.0,0.0913
47,2022-06-09 06:45:00,0.0,0.1212
47,2022-06-09 06:50:00,0.0,0.1311
47,2022-06-09 06:55:00,0.0,0.1151
47,2022-06-09 07:00:00,0.0,0.112
47,2022-06-09 07:05:00,0.0,0.1329
47,2022-06-09 07:10:00,0.0,0.1238
47,2022-06-09 07:15:00,0.0,0.1038
47,2022-06-09 07:20:00,0.0,0.0997
47,2022-06-09 07:25:00,0.0,0.0926
47,2022-06-09 07:30:00,0.0,0.0916
47,2022-06-09 07:35:00,0.0,0.1055
47,2022-06-09 07:40:00,0.0,0.1254
47,2022-06-09 07:45:00,0.0,0.1024
47,2022-06-09 07:50:00,0.0,0.1133
47,2022-06-09 07:55:00,0.0,0.1062
47,2022-06-09 08:00:00,0.0,0.1052
47,2022-06-09 08:05:00,0.0,0.0911
47,2022-06-09 08:10:00,0.0,0.098
47,2022-06-09 08:15:00,0.0,0.059
47,2022-06-09 08:20:00,0.0,0.0279
47,2022-06-09 08:25:00,0.0,0.0538
47,2022-06-09 08:30:00,0.0,0.0648
47,2022-06-09 08:35:00,0.0,0.0607
47,2022-06-09 08:40:00,0.0,0.1686
47,2022-06-09 08:45:00,0.0,0.1036
47,2022-06-09 08:50:00,0.0,0.0835
47,2022-06-09 08:55:00,0.0,0.1204
47,2022-06-09 09:00:00,0.0,0.1144
47,2022-06-09 09:05:00,0.0,0.0863
47,2022-06-09 09:10:00,0.0,0.0952
47,2022-06-09 09:15:00,0.0,0.0671
47,2022-06-09 09:20:00,0.0,0.0961
47,2022-06-09 09:25:00,0.0,0.059
47,2022-06-09 09:30:00,0.0,0.0909
47,2022-06-09 09:35:00,0.0,0.0869
47,2022-06-09 09:40:00,0.0,0.0598
47,2022-06-09 09:45:00,0.0,0.0977
47,2022-06-09 09:50:00,0.0,0.0977
47,2022-06-09 09:55:00,0.0,0.1056
47,2022-06-09 10:00:00,0.0,0.1465
47,2022-06-09 10:05:00,0.0,0.1155
47,2022-06-09 10:10:00,0.0,0.0654
47,2022-06-09 10:15:00,0.0,0.1033
47,2022-06-09 10:20:00,0.0,0.0793
47,2022-06-09 10:25:00,0.0,0.1002
47,2022-06-09 10:30:00,0.0,0.0981
47,2022-06-09 10:35:00,0.0,0.1071
47,2022-06-09 10:40:00,0.0,0.087
47,2022-06-09 10:45:00,0.0,0.0789
47,2022-06-09 10:50:00,0.0,0.1119
47,2022-06-09 10:55:00,0.0,0.0628
47,2022-06-09 11:00:00,0.0,0.0837
47,2022-06-09 11:05:00,0.0,0.0646
47,2022-06-09 11:10:00,0.0,0.0516
47,2022-06-09 11:15:00,0.0,0.0345
47,2022-06-09 11:20:00,0.0,0.0424
47,2022-06-09 11:25:00,0.0,0.0914
47,2022-06-09 11:30:00,0.0,0.0833
47,2022-06-09 11:35:00,0.0,0.0896
47,2022-06-09 11:40:00,0.0,0.0432
47,2022-06-09 11:45:00,0.0,0.0347
47,2022-06-09 11:50:00,0.0,0.042
47,2022-06-09 11:55:00,0.0,0.056
47,2022-06-09 12:00:00,0.0,0.0569
47,2022-06-09 12:05:00,0.0,0.0648
47,2022-06-09 12:10:00,0.0,0.0808
47,2022-06-09 12:15:00,0.0,0.0677
47,2022-06-09 12:20:00,0.0,0.0646
47,2022-06-09 12:25:00,0.0,0.0626
47,2022-06-09 12:30:00,0.0,0.0735
47,2022-06-09 12:35:00,0.0,0.0554
47,2022-06-09 12:40:00,0.0,0.0554
47,2022-06-09 12:45:00,0.0,0.0663
47,2022-06-09 12:50:00,0.0,0.0772
47,2022-06-09 12:55:00,0.0,0.0782
47,2022-06-09 13:00:00,0.0,0.0671
47,2022-06-09 13:05:00,0.0,0.126
47,2022-06-09 13:10:00,0.0,0.0819
47,2022-06-09 13:15:00,0.0,0.0889
47,2022-06-09 13:20:00,0.0,0.0868
47,2022-06-09 13:25:00,0.0,0.0577
47,2022-06-09 13:30:00,0.0,0.0899
47,2022-06-09 13:35:00,0.0,0.0606
47,2022-06-09 13:40:00,0.0,0.0565
47,2022-06-09 13:45:00,0.0,0.0355
47,2022-06-09 13:50:00,0.0,0.0224
47,2022-06-09 13:55:00,0.0,0.0233
47,2022-06-09 14:00:00,0.0,0.0123
47,2022-06-09 14:05:00,0.0,0.0292
47,2022-06-09 14:10:00,0.0,0.0641
47,2022-06-09 14:15:00,0.0,0.0461
47,2022-06-09 14:20:00,0.0,0.026
47,2022-06-09 14:25:00,0.0,0.0339
47,2022-06-09 14:30:00,0.0,0.0299
47,2022-06-09 14:35:00,0.0,0.0078
47,2022-06-09 14:40:00,0.0,0.0367
47,2022-06-09 14:45:00,0.0,0.0287
47,2022-06-09 14:50:00,0.0,0.046
47,2022-06-09 14:55:00,0.0,0.0425
47,2022-06-09 15:00:00,0.0,0.0495
47,2022-06-09 15:05:00,0.0,0.0414
47,2022-06-09 15:10:00,0.0,0.0163
47,2022-06-09 15:15:00,0.0,0.0662
47,2022-06-09 15:20:00,0.0,0.0602
47,2022-06-09 15:25:00,0.0,0.0511
47,2022-06-09 15:30:00,0.0,0.058
47,2022-06-09 15:35:00,0.0,0.052
47,2022-06-09 15:40:00,0.0,0.0569
47,2022-06-09 15:45:00,0.0,0.0558
47,2022-06-09 15:50:00,0.0,0.0668
47,2022-06-09 15:55:00,0.0,0.0617
47,2022-06-09 16:00:00,0.0,0.0696
47,2022-06-09 16:05:00,0.0,0.0546
47,2022-06-09 16:10:00,0.0,0.0725
47,2022-06-09 16:15:00,0.0,0.0754
47,2022-06-09 16:20:00,0.0,0.0284
47,2022-06-09 16:25:00,0.0,0.0773
47,2022-06-09 16:30:00,0.0,0.0822
47,2022-06-09 16:35:00,0.0,0.0722
47,2022-06-09 16:40:00,0.0,0.0421
47,2022-06-09 16:45:00,0.0,0.062
47,2022-06-09 16:50:00,0.0,0.074
47,2022-06-09 16:55:00,0.0,0.0699
47,2022-06-09 17:00:00,0.0,0.0708
47,2022-06-09 17:05:00,0.0,0.0667
47,2022-06-09 17:10:00,0.0,0.0737
47,2022-06-09 17:15:00,0.0,0.0536
47,2022-06-09 17:20:00,0.0,0.0745
47,2022-06-09 17:25:00,0.0,0.0735
47,2022-06-09 17:30:00,0.0,0.0344
47,2022-06-09 17:35:00,0.0,0.0503
47,2022-06-09 17:40:00,0.0,0.0593
47,2022-06-09 17:45:00,0.0,0.0792
47,2022-06-09 17:50:00,0.0,0.0731
47,2022-06-09 17:55:00,0.0,0.0371
47,2022-06-09 18:00:00,0.0,0.046
47,2022-06-09 18:05:00,0.0,0.0481
47,2022-06-09 18:10:00,0.0,0.0592
47,2022-06-09 18:15:00,0.0,0.0293
47,2022-06-09 18:20:00,0.0,0.0354
47,2022-06-09 18:25:00,0.0,0.0325
47,2022-06-09 18:30:00,0.0,0.0177
47,2022-06-09 18:35:00,0.0,0.0537
47,2022-06-09 18:40:00,0.0,0.0418
47,2022-06-09 18:45:00,0.0,0.0609
47,2022-06-09 18:50:00,0.0,0.072
47,2022-06-09 18:55:00,0.0,0.0691
47,2022-06-09 19:00:00,0.0,0.0522
47,2022-06-09 19:05:00,0.0,0.0663
47,2022-06-09 19:10:00,0.0,0.0414
47,2022-06-09 19:15:00,0.0,0.0765
47,2022-06-09 19:20:00,0.0,0.0556
47,2022-06-09 19:25:00,0.0,0.0437
47,2022-06-09 19:30:00,0.0,0.0328
47,2022-06-09 19:35:00,0.0,0.0338
47,2022-06-09 19:40:00,0.0,0.0289
47,2022-06-09 19:45:00,0.0,0.033
47,2022-06-09 19:50:00,0.0,0.0487
47,2022-06-09 19:55:00,0.0,0.0332
47,2022-06-09 20:00:00,0.0,0.0213
47,2022-06-09 20:05:00,0.0,0.0814
47,2022-06-09 20:10:00,0.0,0.0305
47,2022-06-09 20:15:00,0.0,0.0456
47,2022-06-09 20:20:00,0.0,0.0577
47,2022-06-09 20:25:00,0.0,0.0518
47,2022-06-09 20:30:00,0.0,0.0269
47,2022-06-09 20:35:00,0.0,0.062
47,2022-06-09 20:40:00,0.0,0.0661
47,2022-06-09 20:45:00,0.0,0.0592
47,2022-06-09 20:50:00,0.0,0.0543
47,2022-06-09 20:55:00,0.0,0.0454
47,2022-06-09 21:00:00,0.0,0.0595
47,2022-06-09 21:05:00,0.0,0.0816
47,2022-06-09 21:10:00,0.0,0.0827
47,2022-06-09 21:15:00,0.0,0.0768
47,2022-06-09 21:20:00,0.0,0.0569
47,2022-06-09 21:25:00,0.0,0.062
47,2022-06-09 21:30:00,0.0,0.0721
47,2022-06-09 21:35:00,0.0,0.0502
47,2022-06-09 21:40:00,0.0,0.0583
47,2022-06-09 21:45:00,0.0,0.0514
47,2022-06-09 21:50:00,0.0,0.0445
47,2022-06-09 21:55:00,0.0,0.0676
47,2022-06-09 22:00:00,0.0,0.0527
47,2022-06-09 22:05:00,0.0,0.0468
47,2022-06-09 22:10:00,0.0,0.0449
47,2022-06-09 22:15:00,0.0,0.071
47,2022-06-09 22:20:00,0.0,0.0751
47,2022-06-09 22:25:00,0.0,0.0812
47,2022-06-09 22:30:00,0.0,0.0743
47,2022-06-09 22:35:00,0.0,0.0513
47,2022-06-09 22:40:00,0.0,0.0454
47,2022-06-09 22:45:00,0.0,0.0475
47,2022-06-09 22:50:00,0.0,0.0506
47,2022-06-09 22:55:00,0.0,0.0477
47,2022-06-09 23:00:00,0.0,0.0388
47,2022-06-09 23:05:00,0.0,0.0319
47,2022-06-09 23:10:00,0.0,0.043
47,2022-06-09 23:15:00,0.0,0.0601
47,2022-06-09 23:20:00,0.0,0.0202
47,2022-06-09 23:25:00,0.0,0.0323
47,2022-06-09 23:30:00,0.0,0.0164
47,2022-06-09 23:35:00,0.0,0.0225
47,2022-06-09 23:40:00,0.0,0.0086
47,2022-06-09 23:45:00,0.0,0.0121
47,2022-06-09 23:50:00,0.0,0.0248
47,2022-06-09 23:55:00,0.0,0.0099
47,2022-06-10 00:00:00,0.0,0.016
47,2022-06-10 00:05:00,0.0,0.0011
47,2022-06-10 00:10:00,0.0,0.0042
47,2022-06-10 00:15:00,0.0,-0.0017
47,2022-06-10 00:20:00,0.0,0.0434
47,2022-06-10 00:25:00,0.0,0.0065
47,2022-06-10 00:30:00,0.0,0.0216
47,2022-06-10 00:35:00,0.0,0.0107
47,2022-06-10 00:40:00,0.0,0.0108
47,2022-06-10 00:45:00,0.0,0.0009
47,2022-06-10 00:50:00,0.0,0.004
47,2022-06-10 00:55:00,0.0,0.0221
47,2022-06-10 01:00:00,0.0,0.0192
47,2022-06-10 01:05:00,0.0,0.0183
47,2022-06-10 01:10:00,0.0,0.0044
47,2022-06-10 01:15:00,0.0,0.0115
47,2022-06-10 01:20:00,0.0,0.0106
47,2022-06-10 01:25:00,0.0,0.0137
47,2022-06-10 01:30:00,0.0,0.0138
47,2022-06-10 01:35:00,0.0,0.0228
47,2022-06-10 01:40:00,0.0,0.0079
47,2022-06-10 01:45:00,0.0,0.028
47,2022-06-10 01:50:00,0.0,0.0051
47,2022-06-10 01:55:00,0.0,0.0202
47,2022-06-10 02:00:00,0.0,0.0153
47,2022-06-10 02:05:00,0.0,0.0094
47,2022-06-10 02:10:00,0.0,0.0305
47,2022-06-10 02:15:00,0.0,0.0466
47,2022-06-10 02:20:00,0.0,0.0277
47,2022-06-10 02:25:00,0.0,0.0338
47,2022-06-10 02:30:00,0.0,0.0269
47,2022-06-10 02:35:00,0.0,0.02
47,2022-06-10 02:40:00,0.0,0.0301
47,2022-06-10 02:45:00,0.0,0.0302
47,2022-06-10 02:50:00,0.0,0.0323
47,2022-06-10 02:55:00,0.0,0.0304
47,2022-06-10 03:00:00,0.0,0.0335
47,2022-06-10 03:05:00,0.0,0.0276
47,2022-06-10 03:10:00,0.0,0.0297
47,2022-06-10 03:15:00,0.0,0.0458
47,2022-06-10 03:20:00,0.0,0.0409
47,2022-06-10 03:25:00,0.0,0.039
47,2022-06-10 03:30:00,0.0,0.0311
47,2022-06-10 03:35:00,0.0,0.0402
47,2022-06-10 03:40:00,0.0,0.0321
47,2022-06-10 03:45:00,0.0,0.0384
47,2022-06-10 03:50:00,0.0,0.0415
47,2022-06-10 03:55:00,0.0,0.0273
47,2022-06-10 04:00:00,0.0,0.0417
47,2022-06-10 04:05:00,0.0,0.0218
47,2022-06-10 04:10:00,0.0,0.0369
47,2022-06-10 04:15:00,0.0,0.033
47,2022-06-10 04:20:00,0.0,0.0341
47,2022-06-10 04:25:00,0.0,0.0447
47,2022-06-10 04:30:00,0.0,0.0373
47,2022-06-10 04:35:00,0.0,0.0412
47,2022-06-10 04:40:00,0.0,0.0414
47,2022-06-10 04:45:00,0.0,0.0495
47,2022-06-10 04:50:00,0.0,0.0416
47,2022-06-10 04:55:00,0.0,0.0387
47,2022-06-10 05:00:00,0.0,0.0538
47,2022-06-10 05:05:00,0.0,0.0559
47,2022-06-10 05:10:00,0.0,0.021
47,2022-06-10 05:15:00,0.0,0.0231
47,2022-06-10 05:20:00,0.0,0.0322
47,2022-06-10 05:25:00,0.0,0.0433
47,2022-06-10 05:30:00,0.0,0.0674
47,2022-06-10 05:35:00,0.0,0.0515
47,2022-06-10 05:40:00,0.0,0.0726
47,2022-06-10 05:45:00,0.0,0.0437
47,2022-06-10 05:50:00,0.0,0.0758
47,2022-06-10 05:55:00,0.0,0.0639
47,2022-06-10 06:00:00,0.0,0.06
47,2022-06-10 06:05:00,0.0,0.0571
47,2022-06-10 06:10:00,0.0,0.0712
47,2022-06-10 06:15:00,0.0,0.0813
47,2022-06-10 06:20:00,0.0,0.0864
47,2022-06-10 06:25:00,0.0,0.0685
47,2022-06-10 06:30:00,0.0,0.0426
47,2022-06-10 06:35:00,0.0,0.0497
47,2022-06-10 06:40:00,0.0,0.0718
47,2022-06-10 06:45:00,0.0,0.0649
47,2022-06-10 06:50:00,0.0,0.056
47,2022-06-10 06:55:00,0.0,0.0471
47,2022-06-10 07:00:00,0.0,0.0792
47,2022-06-10 07:05:00,0.0,0.0683
47,2022-06-10 07:10:00,0.0,0.0724
47,2022-06-10 07:15:00,0.0,0.0305
47,2022-06-10 07:20:00,0.0,0.0316
47,2022-06-10 07:25:00,0.0,0.0467
47,2022-06-10 07:30:00,0.0,0.0688
47,2022-06-10 07:35:00,0.0,0.0428
47,2022-06-10 07:40:00,0.0,0.0259
47,2022-06-10 07:45:00,0.0,0.062
47,2022-06-10 07:50:00,0.0,0.0231
47,2022-06-10 07:55:00,0.0,0.0325
47,2022-06-10 08:00:00,0.0,0.0193
47,2022-06-10 08:05:00,0.0,0.0464
47,2022-06-10 08:10:00,0.0,0.0625
47,2022-06-10 08:15:00,0.0,0.0435
47,2022-06-10 08:20:00,0.0,0.0557
47,2022-06-10 08:25:00,0.0,0.0368
47,2022-06-10 08:30:00,0.0,0.0459
47,2022-06-10 08:35:00,0.0,0.055
47,2022-06-10 08:40:00,0.0,0.0391
47,2022-06-10 08:45:00,0.0,0.0572
47,2022-06-10 08:50:00,0.0,0.0563
47,2022-06-10 08:55:00,0.0,0.0384
47,2022-06-10 09:00:00,0.0,0.0275
47,2022-06-10 09:05:00,0.0,0.0546
47,2022-06-10 09:10:00,0.0,0.0617
47,2022-06-10 09:15:00,0.0,0.0418
47,2022-06-10 09:20:00,0.0,0.0489
47,2022-06-10 09:25:00,0.0,0.031
47,2022-06-10 09:30:00,0.0,0.0471
47,2022-06-10 09:35:00,0.0,0.0452
47,2022-06-10 09:40:00,0.0,0.0423
47,2022-06-10 09:45:00,0.0,0.0294
47,2022-06-10 09:50:00,0.0,0.0465
47,2022-06-10 09:55:00,0.0,0.0146
47,2022-06-10 10:00:00,0.0,0.0647
47,2022-06-10 10:05:00,0.0,0.0638
47,2022-06-10 10:10:00,0.0,0.0459
47,2022-06-10 10:15:00,0.0,0.042
47,2022-06-10 10:20:00,0.0,0.0681
47,2022-06-10 10:25:00,0.0,0.0512
47,2022-06-10 10:30:00,0.0,0.0423
47,2022-06-10 10:35:00,0.0,0.0323
47,2022-06-10 10:40:00,0.0,0.0354
47,2022-06-10 10:45:00,0.0,0.0489
47,2022-06-10 10:50:00,0.0,0.0446
47,2022-06-10 10:55:00,0.0,0.0547
47,2022-06-10 11:00:00,0.0,0.0418
47,2022-06-10 11:05:00,0.0,0.0529
47,2022-06-10 11:10:00,0.0,0.0538
47,2022-06-10 11:15:00,0.0,0.03
47,2022-06-10 11:20:00,0.0,0.0442
47,2022-06-10 11:25:00,0.0,0.0663
47,2022-06-10 11:30:00,0.0,0.0414
47,2022-06-10 11:35:00,0.0,0.0065
47,2022-06-10 11:40:00,0.0,0.0216
47,2022-06-10 11:45:00,0.0,0.0127
47,2022-06-10 11:50:00,0.0,-0.0262
47,2022-06-10 11:55:00,0.0,0.0119
47,2022-06-10 12:00:00,0.0,0.003
47,2022-06-10 12:05:00,0.0,0.0294
47,2022-06-10 12:10:00,0.0,0.0192
47,2022-06-10 12:15:00,0.0,0.0371
47,2022-06-10 12:20:00,0.0,0.0547
47,2022-06-10 12:25:00,0.0,0.0245
47,2022-06-10 12:30:00,0.0,0.0516
47,2022-06-10 12:35:00,0.0,0.0407
47,2022-06-10 12:40:00,0.0,0.0718
47,2022-06-10 12:45:00,0.0,0.0419
47,2022-06-10 12:50:00,0.0,0.047
47,2022-06-10 12:55:00,0.0,0.0381
47,2022-06-10 13:00:00,0.0,0.0612
47,2022-06-10 13:05:00,0.0,0.0383
47,2022-06-10 13:10:00,0.0,0.0443
47,2022-06-10 13:15:00,0.0,0.0205
47,2022-06-10 13:20:00,0.0,0.0254
47,2022-06-10 13:25:00,0.0,0.0487
47,2022-06-10 13:30:00,0.0,0.1088
47,2022-06-10 13:35:00,0.0,0.1188
47,2022-06-10 13:40:00,0.0,0.0749
47,2022-06-10 13:45:00,0.0,0.068
47,2022-06-10 13:50:00,0.0,0.0741
47,2022-06-10 13:55:00,0.0,0.0682
47,2022-06-10 14:00:00,0.0,0.0643
47,2022-06-10 14:05:00,0.0,0.0644
47,2022-06-10 14:10:00,0.0,0.0355
47,2022-06-10 14:15:00,0.0,0.0466
47,2022-06-10 14:20:00,0.0,0.0347
47,2022-06-10 14:25:00,0.0,0.0508
47,2022-06-10 14:30:00,0.0,0.0479
47,2022-06-10 14:35:00,0.0,0.077
47,2022-06-10 14:40:00,0.0,0.0591
47,2022-06-10 14:45:00,0.0,0.0372
47,2022-06-10 14:50:00,0.0,0.0433
47,2022-06-10 14:55:00,0.0,0.0664
47,2022-06-10 15:00:00,0.0,0.0375
47,2022-06-10 15:05:00,0.0,0.0556
47,2022-06-10 15:10:00,0.0,0.0344
47,2022-06-10 15:15:00,0.0,0.0408
47,2022-06-10 15:20:00,0.0,0.0229
47,2022-06-10 15:25:00,0.0,0.052
47,2022-06-10 15:30:00,0.0,0.0761
47,2022-06-10 15:35:00,0.0,0.0442
47,2022-06-10 15:40:00,0.0,0.0333
47,2022-06-10 15:45:00,0.0,0.0144
47,2022-06-10 15:50:00,0.0,0.0055
47,2022-06-10 15:55:00,0.0,0.0376
47,2022-06-10 16:00:00,0.0,0.0167
47,2022-06-10 16:05:00,0.0,0.0478
47,2022-06-10 16:10:00,0.0,0.0369
47,2022-06-10 16:15:00,0.0,0.072
47,2022-06-10 16:20:00,0.0,0.0429
47,2022-06-10 16:25:00,0.0,0.0412
47,2022-06-10 16:30:00,0.0,0.0493
47,2022-06-10 16:35:00,0.0,0.0423
47,2022-06-10 16:40:00,0.0,0.0524
47,2022-06-10 16:45:00,0.0,0.0375
47,2022-06-10 16:50:00,0.0,0.0536
47,2022-06-10 16:55:00,0.0,0.0527
47,2022-06-10 17:00:00,0.0,0.0518
47,2022-06-10 17:05:00,0.0,0.0639
47,2022-06-10 17:10:00,0.0,0.05
47,2022-06-10 17:15:00,0.0,0.0521
47,2022-06-10 17:20:00,0.0,0.0302
47,2022-06-10 17:25:00,0.0,0.0313
47,2022-06-10 17:30:00,0.0,0.0444
47,2022-06-10 17:35:00,0.0,0.0605
47,2022-06-10 17:40:00,0.0,0.0526
47,2022-06-10 17:45:00,0.0,0.0597
47,2022-06-10 17:50:00,0.0,0.0518
47,2022-06-10 17:55:00,0.0,0.0379
47,2022-06-10 18:00:00,0.0,0.09
47,2022-06-10 18:05:00,0.0,0.0341
47,2022-06-10 18:10:00,0.0,0.0217
47,2022-06-10 18:15:00,0.0,0.0243
47,2022-06-10 18:20:00,0.0,0.0354
47,2022-06-10 18:25:00,0.0,0.0285
47,2022-06-10 18:30:00,0.0,0.0306
47,2022-06-10 18:35:00,0.0,0.0178
47,2022-06-10 18:40:00,0.0,0.0564
47,2022-06-10 18:45:00,0.0,0.045
47,2022-06-10 18:50:00,0.0,0.0256
47,2022-06-10 18:55:00,0.0,0.0382
47,2022-06-10 19:00:00,0.0,0.0468
47,2022-06-10 19:05:00,0.0,0.0434
47,2022-06-10 19:10:00,0.0,0.0685
47,2022-06-10 19:15:00,0.0,0.0646
47,2022-06-10 19:20:00,0.0,0.0437
47,2022-06-10 19:25:00,0.0,0.0243
47,2022-06-10 19:30:00,0.0,0.0414
47,2022-06-10 19:35:00,0.0,0.06
47,2022-06-10 19:40:00,0.0,0.0642
47,2022-06-10 19:45:00,0.0,0.0808
47,2022-06-10 19:50:00,0.0,0.0539
47,2022-06-10 19:55:00,0.0,0.0565
47,2022-06-10 20:00:00,0.0,0.0341
47,2022-06-10 20:05:00,0.0,0.0497
47,2022-06-10 20:10:00,0.0,0.0628
47,2022-06-10 20:15:00,0.0,0.0444
47,2022-06-10 20:20:00,0.0,0.0535
47,2022-06-10 20:25:00,0.0,0.0691
47,2022-06-10 20:30:00,0.0,0.0507
47,2022-06-10 20:35:00,0.0,0.0593
47,2022-06-10 20:40:00,0.0,0.0554
47,2022-06-10 20:45:00,0.0,0.0681
47,2022-06-10 20:50:00,0.0,0.0367
47,2022-06-10 20:55:00,0.0,0.0868
47,2022-06-10 21:00:00,0.0,0.0339
47,2022-06-10 21:05:00,0.0,0.045
47,2022-06-10 21:10:00,0.0,0.0401
47,2022-06-10 21:15:00,0.0,0.0292
47,2022-06-10 21:20:00,0.0,0.0368
47,2022-06-10 21:25:00,0.0,0.0594
47,2022-06-10 21:30:00,0.0,0.0625
47,2022-06-10 21:35:00,0.0,0.0496
47,2022-06-10 21:40:00,0.0,0.0332
47,2022-06-10 21:45:00,0.0,0.0338
47,2022-06-10 21:50:00,0.0,0.0315
47,2022-06-10 21:55:00,0.0,0.0381
47,2022-06-10 22:00:00,0.0,0.0332
47,2022-06-10 22:05:00,0.0,0.0628
47,2022-06-10 22:10:00,0.0,0.0279
47,2022-06-10 22:15:00,0.0,0.0325
47,2022-06-10 22:20:00,0.0,0.0161
47,2022-06-10 22:25:00,0.0,0.0337
47,2022-06-10 22:30:00,0.0,0.0168
47,2022-06-10 22:35:00,0.0,0.0184
47,2022-06-10 22:40:00,0.0,0.015
47,2022-06-10 22:45:00,0.0,0.0011
47,2022-06-10 22:50:00,0.0,0.0322
47,2022-06-10 22:55:00,0.0,0.0439
47,2022-06-10 23:00:00,0.0,0.047
47,2022-06-10 23:05:00,0.0,0.0371
47,2022-06-10 23:10:00,0.0,0.0292
47,2022-06-10 23:15:00,0.0,0.0343
47,2022-06-10 23:20:00,0.0,0.0164
47,2022-06-10 23:25:00,0.0,0.008
47,2022-06-10 23:30:00,0.0,0.0211
47,2022-06-10 23:35:00,0.0,0.0147
47,2022-06-10 23:40:00,0.0,0.0138
47,2022-06-10 23:45:00,0.0,-0.0176
47,2022-06-10 23:50:00,0.0,-0.004
47,2022-06-10 23:55:00,0.0,0.0136
47,2022-06-11 00:00:00,0.0,0.0188
47,2022-06-11 00:05:00,0.0,0.0029
47,2022-06-11 00:10:00,0.0,-0.003
47,2022-06-11 00:15:00,0.0,-0.0004
47,2022-06-11 00:20:00,0.0,-0.0068
47,2022-06-11 00:25:00,0.0,0.0083
47,2022-06-11 00:30:00,0.0,0.0099
47,2022-06-11 00:35:00,0.0,-0.0015
47,2022-06-11 00:40:00,0.0,0.0096
47,2022-06-11 00:45:00,0.0,0.0152
47,2022-06-11 00:50:00,0.0,0.0148
47,2022-06-11 00:55:00,0.0,0.0064
47,2022-06-11 01:00:00,0.0,0.012
47,2022-06-11 01:05:00,0.0,0.0241
47,2022-06-11 01:10:00,0.0,0.0278
47,2022-06-11 01:15:00,0.0,0.0189
47,2022-06-11 01:20:00,0.0,0.02
47,2022-06-11 01:25:00,0.0,0.0151
47,2022-06-11 01:30:00,0.0,0.0132
47,2022-06-11 01:35:00,0.0,0.0143
47,2022-06-11 01:40:00,0.0,0.0219
47,2022-06-11 01:45:00,0.0,0.007
47,2022-06-11 01:50:00,0.0,0.0006
47,2022-06-11 01:55:00,0.0,0.0042
47,2022-06-11 02:00:00,0.0,0.0158
47,2022-06-11 02:05:00,0.0,0.0149
47,2022-06-11 02:10:00,0.0,0.0165
47,2022-06-11 02:15:00,0.0,0.0182
47,2022-06-11 02:20:00,0.0,0.0158
47,2022-06-11 02:25:00,0.0,0.0104
47,2022-06-11 02:30:00,0.0,0.0115
47,2022-06-11 02:35:00,0.0,0.0056
47,2022-06-11 02:40:00,0.0,0.0132
47,2022-06-11 02:45:00,0.0,0.0333
47,2022-06-11 02:50:00,0.0,0.0304
47,2022-06-11 02:55:00,0.0,0.0335
47,2022-06-11 03:00:00,0.0,0.0211
47,2022-06-11 03:05:00,0.0,0.0242
47,2022-06-11 03:10:00,0.0,0.0233
47,2022-06-11 03:15:00,0.0,0.0209
47,2022-06-11 03:20:00,0.0,0.0401
47,2022-06-11 03:25:00,0.0,0.0382
47,2022-06-11 03:30:00,0.0,0.0193
47,2022-06-11 03:35:00,0.0,0.0319
47,2022-06-11 03:40:00,0.0,0.027
47,2022-06-11 03:45:00,0.0,0.0246
47,2022-06-11 03:50:00,0.0,0.0297
47,2022-06-11 03:55:00,0.0,0.0123
47,2022-06-11 04:00:00,0.0,0.0229
47,2022-06-11 04:05:00,0.0,0.0225
47,2022-06-11 04:10:00,0.0,0.0276
47,2022-06-11 04:15:00,0.0,0.0232
47,2022-06-11 04:20:00,0.0,0.0078
47,2022-06-11 04:25:00,0.0,0.0275
47,2022-06-11 04:30:00,0.0,0.0241
47,2022-06-11 04:35:00,0.0,0.0327
47,2022-06-11 04:40:00,0.0,0.0253
47,2022-06-11 04:45:00,0.0,0.0189
47,2022-06-11 04:50:00,0.0,0.008
47,2022-06-11 04:55:00,0.0,0.0111
47,2022-06-11 05:00:00,0.0,0.0307
47,2022-06-11 05:05:00,0.0,0.0198
47,2022-06-11 05:10:00,0.0,0.0239
47,2022-06-11 05:15:00,0.0,0.0225
47,2022-06-11 05:20:00,0.0,0.0371
47,2022-06-11 05:25:00,0.0,0.0212
47,2022-06-11 05:30:00,0.0,0.0449
47,2022-06-11 05:35:00,0.0,0.043
47,2022-06-11 05:40:00,0.0,0.0451
47,2022-06-11 05:45:00,0.0,0.0292
47,2022-06-11 05:50:00,0.0,0.0318
47,2022-06-11 05:55:00,0.0,0.0404
47,2022-06-11 06:00:00,0.0,0.055
47,2022-06-11 06:05:00,0.0,0.0411
47,2022-06-11 06:10:00,0.0,0.0362
47,2022-06-11 06:15:00,0.0,0.0603
47,2022-06-11 06:20:00,0.0,0.0614
47,2022-06-11 06:25:00,0.0,0.0655
47,2022-06-11 06:30:00,0.0,0.0666
47,2022-06-11 06:35:00,0.0,0.0618
48,2022-06-11 06:35:00,0.0,0.0618
48,2022-06-11 06:40:00,0.0,0.0574
48,2022-06-11 06:45:00,0.0,0.0835
48,2022-06-11 06:50:00,0.0376,0.0836
48,2022-06-11 06:55:00,0.0,0.0557
48,2022-06-11 07:00:00,0.0,0.0478
48,2022-06-11 07:05:00,0.0,0.0349
48,2022-06-11 07:10:00,0.0,0.0765
48,2022-06-11 07:15:00,0.0,0.0581
48,2022-06-11 07:20:00,0.0,0.0522
48,2022-06-11 07:25:00,0.0,0.0503
48,2022-06-11 07:30:00,0.0,0.0454
48,2022-06-11 07:35:00,0.0,0.0545
48,2022-06-11 07:40:00,0.0,0.0057
48,2022-06-11 07:45:00,0.0,0.0428
48,2022-06-11 07:50:00,0.0,0.0414
48,2022-06-11 07:55:00,0.0,0.045
48,2022-06-11 08:00:00,0.0,0.0461
48,2022-06-11 08:05:00,0.0,0.0397
48,2022-06-11 08:10:00,0.0,0.0458
48,2022-06-11 08:15:00,0.0,0.0509
48,2022-06-11 08:20:00,0.0,0.067
48,2022-06-11 08:25:00,0.0,0.0786
48,2022-06-11 08:30:00,0.0,0.0752
48,2022-06-11 08:35:00,0.0,0.0768
48,2022-06-11 08:40:00,0.0,0.0834
48,2022-06-11 08:45:00,0.0,0.0601
48,2022-06-11 08:50:00,0.0,0.1157
48,2022-06-11 08:55:00,0.0,0.0803
48,2022-06-11 09:00:00,0.0,0.0724
48,2022-06-11 09:05:00,0.0,0.063
48,2022-06-11 09:10:00,0.0,0.0751
48,2022-06-11 09:15:00,0.0,0.0827
48,2022-06-11 09:20:00,0.0,0.0503
48,2022-06-11 09:25:00,0.0,0.0594
48,2022-06-11 09:30:00,0.0,0.064
48,2022-06-11 09:35:00,0.0,0.0476
48,2022-06-11 09:40:00,0.0,0.0642
48,2022-06-11 09:45:00,0.0,0.0788
48,2022-06-11 09:50:00,0.0,0.058
49,2022-06-11 23:35:00,0.0,0.0487
49,2022-06-11 23:40:00,0.0,0.0378
49,2022-06-11 23:45:00,0.0,0.0534
49,2022-06-11 23:50:00,0.0,0.055
49,2022-06-11 23:55:00,0.0,0.0561
49,2022-06-12 00:00:00,0.001,0.0488
49,2022-06-12 00:05:00,0.004,0.0539
49,2022-06-12 00:10:00,0.005,0.048
49,2022-06-12 00:15:00,0.002,0.0441
49,2022-06-12 00:20:00,0.0,0.0557
49,2022-06-12 00:25:00,0.002,0.0403
49,2022-06-12 00:30:00,0.035,0.0399
49,2022-06-12 00:35:00,0.051,0.075
49,2022-06-12 00:40:00,0.012,0.0606
49,2022-06-12 00:45:00,0.017,0.0407
49,2022-06-12 00:50:00,0.028,0.2483
49,2022-06-12 00:55:00,0.014,0.2219
49,2022-06-12 01:00:00,0.007,0.5655
49,2022-06-12 01:05:00,0.001,0.4551
49,2022-06-12 01:10:00,0.0,0.4828
49,2022-06-12 01:15:00,0.0,0.3909
49,2022-06-12 01:20:00,0.0,0.3465
49,2022-06-12 01:25:00,0.0,0.3261
49,2022-06-12 01:30:00,0.0,0.2857
49,2022-06-12 01:35:00,0.0,0.2593
49,2022-06-12 01:40:00,0.0,0.2169
49,2022-06-12 01:45:00,0.0,0.2015
49,2022-06-12 01:50:00,0.001,0.1837
49,2022-06-12 01:55:00,0.0,0.1622
49,2022-06-12 02:00:00,0.0,0.1729
49,2022-06-12 02:05:00,0.0,0.1719
49,2022-06-12 02:10:00,0.001,0.1625
49,2022-06-12 02:15:00,0.002,0.1517
49,2022-06-12 02:20:00,0.004,0.1481
49,2022-06-12 02:25:00,0.002,0.1444
49,2022-06-12 02:30:00,0.0,0.13
49,2022-06-12 02:35:00,0.0,0.1331
49,2022-06-12 02:40:00,0.0,0.1287
49,2022-06-12 02:45:00,0.0,0.1628
49,2022-06-12 02:50:00,0.0,0.1624
49,2022-06-12 02:55:00,0.0,0.148
49,2022-06-12 03:00:00,0.0,0.1411
49,2022-06-12 03:05:00,0.0,0.1527
49,2022-06-12 03:10:00,0.0,0.1583
49,2022-06-12 03:15:00,0.0,0.1549
49,2022-06-12 03:20:00,0.0,0.1421
49,2022-06-12 03:25:00,0.0,0.1376
49,2022-06-12 03:30:00,0.0,0.1568
49,2022-06-12 03:35:00,0.0,0.1369
49,2022-06-12 03:40:00,0.0,0.1275
49,2022-06-12 03:45:00,0.0,0.1306
49,2022-06-12 03:50:00,0.0,0.1322
49,2022-06-12 03:55:00,0.0,0.1323
49,2022-06-12 04:00:00,0.0,0.1334
49,2022-06-12 04:05:00,0.0,0.1245
49,2022-06-12 04:10:00,0.0,0.1276
49,2022-06-12 04:15:00,0.0,0.1082
49,2022-06-12 04:20:00,0.0,0.1038
49,2022-06-12 04:25:00,0.0,0.111
49,2022-06-12 04:30:00,0.0,0.1111
49,2022-06-12 04:35:00,0.0,0.0902
49,2022-06-12 04:40:00,0.0,0.113
49,2022-06-12 04:45:00,0.0,0.1069
49,2022-06-12 04:50:00,0.0,0.116
49,2022-06-12 04:55:00,0.0,0.1076
49,2022-06-12 05:00:00,0.0,0.0983
49,2022-06-12 05:05:00,0.0,0.1183
49,2022-06-12 05:10:00,0.0,0.1074
49,2022-06-12 05:15:00,0.0,0.1075
49,2022-06-12 05:20:00,0.0,0.1236
50,2022-06-13 15:35:00,0.0,-0.0215
50,2022-06-13 15:40:00,0.0,0.0019
50,2022-06-13 15:45:00,0.001,0.0189
50,2022-06-13 15:50:00,0.005,0.0224
50,2022-06-13 15:55:00,0.031,0.0093
50,2022-06-13 16:00:00,0.051,0.0243
50,2022-06-13 16:05:00,0.033,0.0158
50,2022-06-13 16:10:00,0.012,0.0292
50,2022-06-13 16:15:00,0.002,0.6172
50,2022-06-13 16:20:00,0.0,0.3182
50,2022-06-13 16:25:00,0.0,0.2786
50,2022-06-13 16:30:00,0.0,0.2061
50,2022-06-13 16:35:00,0.0,0.2131
50,2022-06-13 16:40:00,0.0,0.204
50,2022-06-13 16:45:00,0.002,0.1685
50,2022-06-13 16:50:00,0.064,0.115
50,2022-06-13 16:55:00,0.072,0.1474
50,2022-06-13 17:00:00,0.113,0.1234
50,2022-06-13 17:05:00,0.097,0.9299
50,2022-06-13 17:10:00,0.08,1.0993
50,2022-06-13 17:15:00,0.03,1.2153
50,2022-06-13 17:20:00,0.007,1.3073
50,2022-06-13 17:25:00,0.001,1.2642
50,2022-06-13 17:30:00,0.0,0.9427
50,2022-06-13 17:35:00,0.0,0.9717
50,2022-06-13 17:40:00,0.0,0.7871
50,2022-06-13 17:45:00,0.0,0.7156
50,2022-06-13 17:50:00,0.0,0.6401
50,2022-06-13 17:55:00,0.0,0.639
50,2022-06-13 18:00:00,0.0,0.579
50,2022-06-13 18:05:00,0.0,0.5265
50,2022-06-13 18:10:00,0.0,0.5494
50,2022-06-13 18:15:00,0.0,0.5469
50,2022-06-13 18:20:00,0.0,0.5354
50,2022-06-13 18:25:00,0.0,0.5188
50,2022-06-13 18:30:00,0.0,0.4338
50,2022-06-13 18:35:00,0.0,0.4253
50,2022-06-13 18:40:00,0.0,0.4302
50,2022-06-13 18:45:00,0.0,0.3802
50,2022-06-13 18:50:00,0.0,0.4322
50,2022-06-13 18:55:00,0.0,0.3956
50,2022-06-13 19:00:00,0.0,0.3701
50,2022-06-13 19:05:00,0.0,0.4006
50,2022-06-13 19:10:00,0.0,0.383
50,2022-06-13 19:15:00,0.0,0.354
50,2022-06-13 19:20:00,0.0,0.3825
50,2022-06-13 19:25:00,0.0,0.3839
50,2022-06-13 19:30:00,0.0,0.3679
50,2022-06-13 19:35:00,0.0,0.3524
50,2022-06-13 19:40:00,0.0,0.3298
50,2022-06-13 19:45:00,0.0,0.3488
50,2022-06-13 19:50:00,0.0,0.3023
50,2022-06-13 19:55:00,0.0,0.3092
50,2022-06-13 20:00:00,0.0,0.3627
50,2022-06-13 20:05:00,0.0,0.3407
50,2022-06-13 20:10:00,0.0,0.2906
50,2022-06-13 20:15:00,0.0,0.3381
50,2022-06-13 20:20:00,0.0,0.3074
50,2022-06-13 20:25:00,0.0,0.3465
50,2022-06-13 20:30:00,0.0,0.2975
50,2022-06-13 20:35:00,0.0,0.363
50,2022-06-13 20:40:00,0.0,0.3663
50,2022-06-13 20:45:00,0.0,0.2839
50,2022-06-13 20:50:00,0.0,0.2354
50,2022-06-13 20:55:00,0.0,0.2143
50,2022-06-13 21:00:00,0.0,0.2928
50,2022-06-13 21:05:00,0.0,0.2748
50,2022-06-13 21:10:00,0.0,0.2047
50,2022-06-13 21:15:00,0.0,0.2487
50,2022-06-13 21:20:00,0.0,0.2582
50,2022-06-13 21:25:00,0.0,0.2616
50,2022-06-13 21:30:00,0.0,0.2431
50,2022-06-13 21:35:00,0.0,0.2621
50,2022-06-13 21:40:00,0.0,0.243
50,2022-06-13 21:45:00,0.0,0.251
50,2022-06-13 21:50:00,0.0,0.241
50,2022-06-13 21:55:00,0.0,0.2184
50,2022-06-13 22:00:00,0.0,0.2314
50,2022-06-13 22:05:00,0.0,0.2269
50,2022-06-13 22:10:00,0.0,0.2214
50,2022-06-13 22:15:00,0.0,0.2299
50,2022-06-13 22:20:00,0.0,0.2328
50,2022-06-13 22:25:00,0.0,0.1998
50,2022-06-13 22:30:00,0.0,0.2405
50,2022-06-13 22:35:00,0.0,0.207
50,2022-06-13 22:40:00,0.0,0.1932
50,2022-06-13 22:45:00,0.0,0.2071
50,2022-06-13 22:50:00,0.0,0.1796
50,2022-06-13 22:55:00,0.0,0.2196
50,2022-06-13 23:00:00,0.0,0.2015
50,2022-06-13 23:05:00,0.0,0.201
50,2022-06-13 23:10:00,0.0,0.2025
50,2022-06-13 23:15:00,0.0,0.2019
50,2022-06-13 23:20:00,0.0,0.1844
50,2022-06-13 23:25:00,0.0,0.1789
50,2022-06-13 23:30:00,0.0,0.1843
50,2022-06-13 23:35:00,0.0,0.1858
50,2022-06-13 23:40:00,0.0,0.1938
50,2022-06-13 23:45:00,0.0,0.2037
50,2022-06-13 23:50:00,0.0,0.2147
50,2022-06-13 23:55:00,0.0,0.1517
50,2022-06-14 00:00:00,0.0,0.1731
50,2022-06-14 00:05:00,0.0,0.1776
50,2022-06-14 00:10:00,0.0,0.1636
50,2022-06-14 00:15:00,0.0,0.1715
50,2022-06-14 00:20:00,0.0,0.177
50,2022-06-14 00:25:00,0.0,0.158
50,2022-06-14 00:30:00,0.0,0.1774
50,2022-06-14 00:35:00,0.0,0.1559
50,2022-06-14 00:40:00,0.0,0.1644
50,2022-06-14 00:45:00,0.0,0.1748
50,2022-06-14 00:50:00,0.0,0.1873
50,2022-06-14 00:55:00,0.0,0.1723
50,2022-06-14 01:00:00,0.0,0.1512
50,2022-06-14 01:05:00,0.0,0.1792
50,2022-06-14 01:10:00,0.0,0.1747
50,2022-06-14 01:15:00,0.0,0.1531
50,2022-06-14 01:20:00,0.0,0.1581
50,2022-06-14 01:25:00,0.0,0.1526
50,2022-06-14 01:30:00,0.0,0.1615
50,2022-06-14 01:35:00,0.0,0.165
50,2022-06-14 01:40:00,0.0,0.1555
50,2022-06-14 01:45:00,0.0,0.1574
50,2022-06-14 01:50:00,0.0,0.1454
50,2022-06-14 01:55:00,0.0,0.1384
50,2022-06-14 02:00:00,0.0,0.1413
50,2022-06-14 02:05:00,0.0,0.1568
50,2022-06-14 02:10:00,0.0,0.1688
50,2022-06-14 02:15:00,0.0,0.1462
50,2022-06-14 02:20:00,0.0,0.1352
50,2022-06-14 02:25:00,0.0,0.1527
50,2022-06-14 02:30:00,0.0,0.1261
50,2022-06-14 02:35:00,0.0,0.1366
50,2022-06-14 02:40:00,0.0,0.1511
50,2022-06-14 02:45:00,0.0,0.1575
50,2022-06-14 02:50:00,0.0,0.146
50,2022-06-14 02:55:00,0.0,0.149
50,2022-06-14 03:00:00,0.0,0.1549
50,2022-06-14 03:05:00,0.0,0.1459
50,2022-06-14 03:10:00,0.0,0.1559
50,2022-06-14 03:15:00,0.0,0.129
50,2022-06-14 03:20:00,0.0,0.1188
50,2022-06-14 03:25:00,0.0,0.1252
50,2022-06-14 03:30:00,0.0,0.1482
50,2022-06-14 03:35:00,0.0,0.1317
50,2022-06-14 03:40:00,0.0,0.1377
50,2022-06-14 03:45:00,0.0,0.1236
50,2022-06-14 03:50:00,0.0,0.1201
50,2022-06-14 03:55:00,0.0,0.1416
50,2022-06-14 04:00:00,0.0,0.1333
50,2022-06-14 04:05:00,0.0,0.1068
50,2022-06-14 04:10:00,0.0,0.116
50,2022-06-14 04:15:00,0.0,0.1269
50,2022-06-14 04:20:00,0.0,0.1305
50,2022-06-14 04:25:00,0.0,0.1274
50,2022-06-14 04:30:00,0.0,0.1288
50,2022-06-14 04:35:00,0.0,0.1543
50,2022-06-14 04:40:00,0.0,0.1403
50,2022-06-14 04:45:00,0.0,0.1077
50,2022-06-14 04:50:00,0.0,0.0962
50,2022-06-14 04:55:00,0.0,0.1067
50,2022-06-14 05:00:00,0.0,0.0951
50,2022-06-14 05:05:00,0.0,0.1251
50,2022-06-14 05:10:00,0.0,0.1096
50,2022-06-14 05:15:00,0.0,0.1365
50,2022-06-14 05:20:00,0.0,0.1195
50,2022-06-14 05:25:00,0.0,0.139
50,2022-06-14 05:30:00,0.0,0.1074
50,2022-06-14 05:35:00,0.0,0.1269
50,2022-06-14 05:40:00,0.0,0.1106
50,2022-06-14 05:45:00,0.0,0.1223
50,2022-06-14 05:50:00,0.0,0.1485
50,2022-06-14 05:55:00,0.0,0.1403
50,2022-06-14 06:00:00,0.0,0.1368
50,2022-06-14 06:05:00,0.0,0.1442
50,2022-06-14 06:10:00,0.0,0.1407
50,2022-06-14 06:15:00,0.0,0.1177
50,2022-06-14 06:20:00,0.0,0.1021
50,2022-06-14 06:25:00,0.0,0.1151
50,2022-06-14 06:30:00,0.0,0.1386
50,2022-06-14 06:35:00,0.0,0.1555
50,2022-06-14 06:40:00,0.0,0.1475
50,2022-06-14 06:45:00,0.0,0.113
50,2022-06-14 06:50:00,0.0,0.1479
50,2022-06-14 06:55:00,0.0,0.1309
50,2022-06-14 07:00:00,0.0,0.1459
50,2022-06-14 07:05:00,0.0,0.0953
50,2022-06-14 07:10:00,0.0,0.134
50,2022-06-14 07:15:00,0.0,0.0968
50,2022-06-14 07:20:00,0.0,0.0972
50,2022-06-14 07:25:00,0.0,0.0692
50,2022-06-14 07:30:00,0.0,0.0892
50,2022-06-14 07:35:00,0.0,0.1336
50,2022-06-14 07:40:00,0.0,0.1246
50,2022-06-14 07:45:00,0.0,0.1321
50,2022-06-14 07:50:00,0.0,0.109
50,2022-06-14 07:55:00,0.0,0.1243
50,2022-06-14 08:00:00,0.0,0.097
50,2022-06-14 08:05:00,0.0,0.1084
50,2022-06-14 08:10:00,0.0,0.1349
50,2022-06-14 08:15:00,0.0,0.1139
50,2022-06-14 08:20:00,0.0,0.0653
50,2022-06-14 08:25:00,0.0,0.0908
50,2022-06-14 08:30:00,0.0,0.0871
50,2022-06-14 08:35:00,0.0,0.0947
50,2022-06-14 08:40:00,0.0,0.0907
50,2022-06-14 08:45:00,0.0,0.0733
50,2022-06-14 08:50:00,0.0,0.0562
50,2022-06-14 08:55:00,0.0,0.0801
50,2022-06-14 09:00:00,0.0,0.1118
50,2022-06-14 09:05:00,0.0,0.068
50,2022-06-14 09:10:00,0.0,0.0945
50,2022-06-14 09:15:00,0.0,0.1215
50,2022-06-14 09:20:00,0.0,0.1194
50,2022-06-14 09:25:00,0.0,0.1238
50,2022-06-14 09:30:00,0.0,0.1009
50,2022-06-14 09:35:00,0.0,0.1133
50,2022-06-14 09:40:00,0.0,0.1058
50,2022-06-14 09:45:00,0.0,0.0997
50,2022-06-14 09:50:00,0.0,0.1592
50,2022-06-14 09:55:00,0.0,0.1167
50,2022-06-14 10:00:00,0.0,0.111
50,2022-06-14 10:05:00,0.0,0.1041
50,2022-06-14 10:10:00,0.0,0.0801
50,2022-06-14 10:15:00,0.0,0.1126
50,2022-06-14 10:20:00,0.0,0.093
50,2022-06-14 10:25:00,0.0,0.0945
50,2022-06-14 10:30:00,0.0,0.0985
50,2022-06-14 10:35:00,0.0,0.1039
50,2022-06-14 10:40:00,0.0,0.0844
50,2022-06-14 10:45:00,0.0,0.0894
50,2022-06-14 10:50:00,0.0,0.0893
50,2022-06-14 10:55:00,0.0,0.0733
50,2022-06-14 11:00:00,0.0,0.0973
50,2022-06-14 11:05:00,0.0,0.0977
50,2022-06-14 11:10:00,0.0,0.0794
50,2022-06-14 11:15:00,0.0,0.0707
50,2022-06-14 11:20:00,0.0,0.0671
50,2022-06-14 11:25:00,0.0,0.0731
50,2022-06-14 11:30:00,0.0,0.0584
50,2022-06-14 11:35:00,0.0,0.0926
50,2022-06-14 11:40:00,0.0,0.0888
50,2022-06-14 11:45:00,0.0,0.0925
50,2022-06-14 11:50:00,0.0,0.0879
50,2022-06-14 11:55:00,0.0,0.0666
50,2022-06-14 12:00:00,0.0,0.0909
50,2022-06-14 12:05:00,0.0,0.091
50,2022-06-14 12:10:00,0.0,0.0722
50,2022-06-14 12:15:00,0.0,0.0741
50,2022-06-14 12:20:00,0.0,0.0932
50,2022-06-14 12:25:00,0.0,0.0817
50,2022-06-14 12:30:00,0.0,0.0992
50,2022-06-14 12:35:00,0.0,0.0561
50,2022-06-14 12:40:00,0.0,0.0586
50,2022-06-14 12:45:00,0.0,0.0641
50,2022-06-14 12:50:00,0.0,0.0445
50,2022-06-14 12:55:00,0.0,0.0761
50,2022-06-14 13:00:00,0.0,0.0664
50,2022-06-14 13:05:00,0.0,0.0609
50,2022-06-14 13:10:00,0.0,0.0984
50,2022-06-14 13:15:00,0.0,0.0859
50,2022-06-14 13:20:00,0.0,0.0768
50,2022-06-14 13:25:00,0.0,0.0776
50,2022-06-14 13:30:00,0.0,0.1083
50,2022-06-14 13:35:00,0.0,0.1047
50,2022-06-14 13:40:00,0.0,0.0727
50,2022-06-14 13:45:00,0.0,0.0852
50,2022-06-14 13:50:00,0.0,0.0746
50,2022-06-14 13:55:00,0.0,0.0331
50,2022-06-14 14:00:00,0.0,0.0626
50,2022-06-14 14:05:00,0.0,0.0766
50,2022-06-14 14:10:00,0.0,0.0494
50,2022-06-14 14:15:00,0.0,0.0615
50,2022-06-14 14:20:00,0.0,0.056
50,2022-06-14 14:25:00,0.0,0.0498
50,2022-06-14 14:30:00,0.0,0.0414
50,2022-06-14 14:35:00,0.0,0.044
50,2022-06-14 14:40:00,0.0,0.0607
50,2022-06-14 14:45:00,0.0,0.0578
50,2022-06-14 14:50:00,0.0,0.0398
50,2022-06-14 14:55:00,0.0,0.0947
50,2022-06-14 15:00:00,0.0,0.0852
50,2022-06-14 15:05:00,0.0,0.0802
50,2022-06-14 15:10:00,0.0,0.0721
50,2022-06-14 15:15:00,0.0,0.0411
50,2022-06-14 15:20:00,0.0,0.0691
50,2022-06-14 15:25:00,0.0,0.037
50,2022-06-14 15:30:00,0.0,0.0695
50,2022-06-14 15:35:00,0.0,0.078
50,2022-06-14 15:40:00,0.0,0.0724
50,2022-06-14 15:45:00,0.0,0.0419
50,2022-06-14 15:50:00,0.0,0.0739
50,2022-06-14 15:55:00,0.0,0.0693
50,2022-06-14 16:00:00,0.0,0.0308
50,2022-06-14 16:05:00,0.0,0.0633
50,2022-06-14 16:10:00,0.0,0.0607
50,2022-06-14 16:15:00,0.0,0.0457
50,2022-06-14 16:20:00,0.0,0.0842
50,2022-06-14 16:25:00,0.0,0.0706
50,2022-06-14 16:30:00,0.0,0.0816
50,2022-06-14 16:35:00,0.0,0.0611
50,2022-06-14 16:40:00,0.0,0.084
50,2022-06-14 16:45:00,0.0,0.0865
50,2022-06-14 16:50:00,0.0,0.0865
50,2022-06-14 16:55:00,0.0,0.0769
50,2022-06-14 17:00:00,0.0,0.0864
50,2022-06-14 17:05:00,0.0,0.0744
50,2022-06-14 17:10:00,0.0,0.0578
50,2022-06-14 17:15:00,0.0,0.0638
50,2022-06-14 17:20:00,0.0,0.0827
50,2022-06-14 17:25:00,0.0,0.0874
50,2022-06-14 17:30:00,0.0,0.0852
50,2022-06-14 17:35:00,0.0,0.0852
50,2022-06-14 17:40:00,0.0,0.0612
50,2022-06-14 17:45:00,0.0,0.0721
50,2022-06-14 17:50:00,0.0,0.0611
50,2022-06-14 17:55:00,0.0,0.056
50,2022-06-14 18:00:00,0.0,0.065
50,2022-06-14 18:05:00,0.0,0.0536
50,2022-06-14 18:10:00,0.0,0.0586
50,2022-06-14 18:15:00,0.0,0.0817
50,2022-06-14 18:20:00,0.0,0.0383
50,2022-06-14 18:25:00,0.0,0.0448
50,2022-06-14 18:30:00,0.0,0.0439
50,2022-06-14 18:35:00,0.0,0.0225
50,2022-06-14 18:40:00,0.0,0.029
50,2022-06-14 18:45:00,0.0,0.0406
50,2022-06-14 18:50:00,0.0,0.0617
50,2022-06-14 18:55:00,0.0,0.0742
50,2022-06-14 19:00:00,0.0,0.0558
50,2022-06-14 19:05:00,0.0,0.0629
50,2022-06-14 19:10:00,0.0,0.0379
50,2022-06-14 19:15:00,0.0,0.04
50,2022-06-14 19:20:00,0.0,0.0294
50,2022-06-14 19:25:00,0.0,0.0468
50,2022-06-14 19:30:00,0.0,0.0227
50,2022-06-14 19:35:00,0.0,0.0043
50,2022-06-14 19:40:00,0.0,0.0048
50,2022-06-14 19:45:00,0.0,0.0264
50,2022-06-14 19:50:00,0.0,0.012
50,2022-06-14 19:55:00,0.0,0.0225
50,2022-06-14 20:00:00,0.0,0.0201
50,2022-06-14 20:05:00,0.0,0.0556
50,2022-06-14 20:10:00,0.0,0.0542
50,2022-06-14 20:15:00,0.0,0.0623
50,2022-06-14 20:20:00,0.0,0.0553
50,2022-06-14 20:25:00,0.0,0.0559
50,2022-06-14 20:30:00,0.0,0.063
50,2022-06-14 20:35:00,0.0,0.045
50,2022-06-14 20:40:00,0.0,0.0581
50,2022-06-14 20:45:00,0.0,0.0507
50,2022-06-14 20:50:00,0.0,0.0565
50,2022-06-14 20:55:00,0.0,0.0648
50,2022-06-14 21:00:00,0.0,0.0634
50,2022-06-14 21:05:00,0.0,0.049
50,2022-06-14 21:10:00,0.0,0.065
50,2022-06-14 21:15:00,0.0,0.0548
50,2022-06-14 21:20:00,0.0,0.0366
50,2022-06-14 21:25:00,0.0,0.0477
50,2022-06-14 21:30:00,0.0,0.0628
50,2022-06-14 21:35:00,0.0,0.0498
50,2022-06-14 21:40:00,0.0,0.0189
50,2022-06-14 21:45:00,0.0,0.05
50,2022-06-14 21:50:00,0.0,0.0415
50,2022-06-14 21:55:00,0.0,0.0586
50,2022-06-14 22:00:00,0.0,0.0396
50,2022-06-14 22:05:00,0.0,0.0447
50,2022-06-14 22:10:00,0.0,0.0428
50,2022-06-14 22:15:00,0.0,0.0274
50,2022-06-14 22:20:00,0.0,0.0574
50,2022-06-14 22:25:00,0.0,0.0325
50,2022-06-14 22:30:00,0.0,0.0651
50,2022-06-14 22:35:00,0.0,0.0446
50,2022-06-14 22:40:00,0.0,0.0342
50,2022-06-14 22:45:00,0.0,0.0384
50,2022-06-14 22:50:00,0.0,0.0406
50,2022-06-14 22:55:00,0.0,0.0523
50,2022-06-14 23:00:00,0.0,0.058
50,2022-06-14 23:05:00,0.0,0.037
50,2022-06-14 23:10:00,0.0,0.0216
50,2022-06-14 23:15:00,0.0,0.0221
50,2022-06-14 23:20:00,0.0,0.0267
50,2022-06-14 23:25:00,0.0,0.0398
50,2022-06-14 23:30:00,0.0,0.0105
50,2022-06-14 23:35:00,0.0,0.0466
50,2022-06-14 23:40:00,0.0,0.0328
50,2022-06-14 23:45:00,0.0,0.0266
50,2022-06-14 23:50:00,0.0,0.0066
50,2022-06-14 23:55:00,0.0,0.0247
50,2022-06-15 00:00:00,0.0,0.0278
51,2022-06-22 14:55:00,0.0,-0.04
51,2022-06-22 15:00:00,0.0,-0.014
51,2022-06-22 15:05:00,0.0,-0.0165
51,2022-06-22 15:10:00,0.0,-0.0177
51,2022-06-22 15:15:00,0.008,-0.0106
51,2022-06-22 15:20:00,0.037,0.0248
51,2022-06-22 15:25:00,0.084,0.0093
51,2022-06-22 15:30:00,0.107,0.8418
51,2022-06-22 15:35:00,0.066,0.7512
51,2022-06-22 15:40:00,0.06,0.7001
51,2022-06-22 15:45:00,0.057,0.8131
51,2022-06-22 15:50:00,0.026,0.893
51,2022-06-22 15:55:00,0.009,0.7875
51,2022-06-22 16:00:00,0.006,0.66
51,2022-06-22 16:05:00,0.002,0.5975
51,2022-06-22 16:10:00,0.0,0.5439
51,2022-06-22 16:15:00,0.0,0.4994
51,2022-06-22 16:20:00,0.0,0.4283
51,2022-06-22 16:25:00,0.0,0.3712
51,2022-06-22 16:30:00,0.0,0.3313
51,2022-06-22 16:35:00,0.0,0.2831
51,2022-06-22 16:40:00,0.0,0.2492
51,2022-06-22 16:45:00,0.0,0.2636
51,2022-06-22 16:50:00,0.0,0.231
51,2022-06-22 16:55:00,0.0,0.231
51,2022-06-22 17:00:00,0.0,0.202
51,2022-06-22 17:05:00,0.0,0.1745
51,2022-06-22 17:10:00,0.0,0.1829
51,2022-06-22 17:15:00,0.0,0.1678
51,2022-06-22 17:20:00,0.0,0.1548
51,2022-06-22 17:25:00,0.0,0.1948
51,2022-06-22 17:30:00,0.0,0.1948
51,2022-06-22 17:35:00,0.0,0.1472
51,2022-06-22 17:40:00,0.0,0.1327
51,2022-06-22 17:45:00,0.0,0.1266
51,2022-06-22 17:50:00,0.0,0.1306
51,2022-06-22 17:55:00,0.0,0.1105
51,2022-06-22 18:00:00,0.0,0.1385
51,2022-06-22 18:05:00,0.0,0.1411
51,2022-06-22 18:10:00,0.0,0.1232
51,2022-06-22 18:15:00,0.0,0.1243
51,2022-06-22 18:20:00,0.0,0.1304
51,2022-06-22 18:25:00,0.0,0.157
51,2022-06-22 18:30:00,0.0,0.1196
51,2022-06-22 18:35:00,0.0,0.1008
51,2022-06-22 18:40:00,0.0,0.0959
51,2022-06-22 18:45:00,0.0,0.06
51,2022-06-22 18:50:00,0.0,0.0901
51,2022-06-22 18:55:00,0.0,0.0772
51,2022-06-22 19:00:00,0.0,0.0693
51,2022-06-22 19:05:00,0.0,0.0574
51,2022-06-22 19:10:00,0.0,0.0775
51,2022-06-22 19:15:00,0.0,0.0666
51,2022-06-22 19:20:00,0.0,0.0497
51,2022-06-22 19:25:00,0.0,0.0408
51,2022-06-22 19:30:00,0.0,0.0649
51,2022-06-22 19:35:00,0.0,0.077
51,2022-06-22 19:40:00,0.0,0.0732
51,2022-06-22 19:45:00,0.0,0.0383
51,2022-06-22 19:50:00,0.0,0.0514
51,2022-06-22 19:55:00,0.0,0.0495
51,2022-06-22 20:00:00,0.0,0.0306
51,2022-06-22 20:05:00,0.0,0.0367
51,2022-06-22 20:10:00,0.0,0.0268
51,2022-06-22 20:15:00,0.0,0.0259
51,2022-06-22 20:20:00,0.0,0.024
51,2022-06-22 20:25:00,0.0,0.0731
51,2022-06-22 20:30:00,0.0,0.0442
51,2022-06-22 20:35:00,0.0,0.0523
51,2022-06-22 20:40:00,0.0,0.0504
51,2022-06-22 20:45:00,0.0,0.0296
51,2022-06-22 20:50:00,0.0,0.0237
51,2022-06-22 20:55:00,0.0,0.0348
51,2022-06-22 21:00:00,0.0,0.0519
51,2022-06-22 21:05:00,0.0,0.057
51,2022-06-22 21:10:00,0.0,0.0521
51,2022-06-22 21:15:00,0.0,0.0442
51,2022-06-22 21:20:00,0.0,0.0273
51,2022-06-22 21:25:00,0.0,0.0274
51,2022-06-22 21:30:00,0.0,0.0085
51,2022-06-22 21:35:00,0.0,-0.0006
51,2022-06-22 21:40:00,0.0,0.0149
51,2022-06-22 21:45:00,0.0,0.0598
51,2022-06-22 21:50:00,0.0,0.053
51,2022-06-22 21:55:00,0.0,0.0541
51,2022-06-22 22:00:00,0.0,0.0372
51,2022-06-22 22:05:00,0.0,0.0523
51,2022-06-22 22:10:00,0.0,0.0454
51,2022-06-22 22:15:00,0.0,0.0255
51,2022-06-22 22:20:00,0.0,0.0316
51,2022-06-22 22:25:00,0.0,0.0177
51,2022-06-22 22:30:00,0.0,0.0348
51,2022-06-22 22:35:00,0.0,0.0289
51,2022-06-22 22:40:00,0.0,0.047
51,2022-06-22 22:45:00,0.0,0.0371
51,2022-06-22 22:50:00,0.0,0.0322
51,2022-06-22 22:55:00,0.0,0.0304
51,2022-06-22 23:00:00,0.0,0.0313
51,2022-06-22 23:05:00,0.0,0.028
52,2022-06-26 16:50:00,0.0,-0.0044
52,2022-06-26 16:55:00,0.0,0.0046
52,2022-06-26 17:00:00,0.0,-0.0019
52,2022-06-26 17:05:00,0.0751,0.0131
52,2022-06-26 17:10:00,0.0,0.0537
52,2022-06-26 17:15:00,0.0,0.0411
52,2022-06-26 17:20:00,0.0,0.0391
52,2022-06-26 17:25:00,0.0,0.0671
52,2022-06-26 17:30:00,0.0,0.1496
52,2022-06-26 17:35:00,0.0,0.1226
52,2022-06-26 17:40:00,0.0,0.1426
52,2022-06-26 17:45:00,0.0,0.1652
52,2022-06-26 17:50:00,0.0,0.1686
52,2022-06-26 17:55:00,0.0,0.1436
52,2022-06-26 18:00:00,0.0,0.1127
52,2022-06-26 18:05:00,0.0,0.1265
52,2022-06-26 18:10:00,0.0,0.1277
52,2022-06-26 18:15:00,0.0,0.0972
52,2022-06-26 18:20:00,0.0,0.1072
52,2022-06-26 18:25:00,0.0,0.1127
52,2022-06-26 18:30:00,0.0,0.1002
52,2022-06-26 18:35:00,0.0,0.0722
52,2022-06-26 18:40:00,0.0,0.0597
52,2022-06-26 18:45:00,0.0,0.0262
52,2022-06-26 18:50:00,0.0,0.0232
52,2022-06-26 18:55:00,0.0,0.0427
52,2022-06-26 19:00:00,0.0,0.0702
52,2022-06-26 19:05:00,0.0,0.0467
52,2022-06-26 19:10:00,0.0,0.0527
52,2022-06-26 19:15:00,0.0,0.0632
52,2022-06-26 19:20:00,0.0,0.0407
52,2022-06-26 19:25:00,0.0,0.0622
52,2022-06-26 19:30:00,0.0,0.0654
52,2022-06-26 19:35:00,0.0,0.0934
52,2022-06-26 19:40:00,0.0,0.0698
52,2022-06-26 19:45:00,0.0,0.0588
52,2022-06-26 19:50:00,0.0,0.0363
52,2022-06-26 19:55:00,0.0,0.0263
52,2022-06-26 20:00:00,0.0,0.0228
52,2022-06-26 20:05:00,0.0,0.0333
52,2022-06-26 20:10:00,0.0,0.0196
52,2022-06-26 20:15:00,0.0,0.0261
52,2022-06-26 20:20:00,0.0,0.0053
52,2022-06-26 20:25:00,0.0,0.0278
52,2022-06-26 20:30:00,0.0376,0.0263
52,2022-06-26 20:35:00,0.1503,0.0473
52,2022-06-26 20:40:00,0.0,0.0513
52,2022-06-26 20:45:00,0.0,1.0008
52,2022-06-26 20:50:00,0.0,0.4863
52,2022-06-26 20:55:00,0.0,0.3248
52,2022-06-26 21:00:00,0.0,0.2813
52,2022-06-26 21:05:00,0.0,0.3418
52,2022-06-26 21:10:00,0.0,0.2908
52,2022-06-26 21:15:00,0.0,0.1918
52,2022-06-26 21:20:00,0.0,0.2384
52,2022-06-26 21:25:00,0.0,0.1904
52,2022-06-26 21:30:00,0.0,0.1569
52,2022-06-26 21:35:00,0.0,0.1264
52,2022-06-26 21:40:00,0.0,0.1934
52,2022-06-26 21:45:00,0.0,0.1344
52,2022-06-26 21:50:00,0.0,0.1364
52,2022-06-26 21:55:00,0.0,0.1134
52,2022-06-26 22:00:00,0.0,0.0929
52,2022-06-26 22:05:00,0.0,0.1079
52,2022-06-26 22:10:00,0.0,0.1219
52,2022-06-26 22:15:00,0.0,0.1254
52,2022-06-26 22:20:00,0.0,0.1229
52,2022-06-26 22:25:00,0.0,0.1014
52,2022-06-26 22:30:00,0.0,0.1133
52,2022-06-26 22:35:00,0.0,0.1134
52,2022-06-26 22:40:00,0.0,0.0909
52,2022-06-26 22:45:00,0.0,0.0919
52,2022-06-26 22:50:00,0.0,0.0744
52,2022-06-26 22:55:00,0.0,0.0754
52,2022-06-26 23:00:00,0.0,0.0944
52,2022-06-26 23:05:00,0.0,0.0879
52,2022-06-26 23:10:00,0.0,0.067
52,2022-06-26 23:15:00,0.0,0.0565
52,2022-06-26 23:20:00,0.0,0.0795
52,2022-06-26 23:25:00,0.0,0.0728
52,2022-06-26 23:30:00,0.0,0.081
52,2022-06-26 23:35:00,0.0,0.0744
53,2022-07-01 14:15:00,0.0,0.0171
53,2022-07-01 14:20:00,0.0,0.0081
53,2022-07-01 14:25:00,0.0,0.0041
53,2022-07-01 14:30:00,0.0376,0.0211
53,2022-07-01 14:35:00,0.0,0.0391
53,2022-07-01 14:40:00,0.0,0.0282
53,2022-07-01 14:45:00,0.0,0.0232
53,2022-07-01 14:50:00,0.0,0.0322
53,2022-07-01 14:55:00,0.0,0.0212
53,2022-07-01 15:00:00,0.0,0.0122
53,2022-07-01 15:05:00,0.0,0.0272
53,2022-07-01 15:10:00,0.0,0.06
53,2022-07-01 15:15:00,0.0,0.0372
53,2022-07-01 15:20:00,0.0,0.0132
53,2022-07-01 15:25:00,0.0,0.0222
53,2022-07-01 15:30:00,0.0,0.0292
53,2022-07-01 15:35:00,0.0,0.0232
53,2022-07-01 15:40:00,0.0,0.0413
53,2022-07-01 15:45:00,0.0,0.0383
53,2022-07-01 15:50:00,0.0,0.0343
53,2022-07-01 15:55:00,0.0,0.0293
53,2022-07-01 16:00:00,0.0,0.0173
53,2022-07-01 16:05:00,0.0,0.0193
53,2022-07-01 16:10:00,0.0,0.0833
53,2022-07-01 16:15:00,0.0,0.0643
53,2022-07-01 16:20:00,0.0,0.0532
53,2022-07-01 16:25:00,0.0,0.0443
53,2022-07-01 16:30:00,0.0,0.0653
53,2022-07-01 16:35:00,0.0,0.0544
53,2022-07-01 16:40:00,0.0,0.0264
53,2022-07-01 16:45:00,0.0,0.0544
53,2022-07-01 16:50:00,0.0,0.0534
53,2022-07-01 16:55:00,0.0,0.0444
53,2022-07-01 17:00:00,0.0,0.0694
53,2022-07-01 17:05:00,0.0,0.0564
53,2022-07-01 17:10:00,0.0,0.0304
53,2022-07-01 17:15:00,0.0,0.0404
53,2022-07-01 17:20:00,0.0,0.0454
53,2022-07-01 17:25:00,0.0,0.0514
53,2022-07-01 17:30:00,0.0,0.0404
54,2022-07-02 05:15:00,0.0,0.0057
54,2022-07-02 05:20:00,0.0,0.0192
54,2022-07-02 05:25:00,0.0,0.0092
54,2022-07-02 05:30:00,0.0751,0.0077
54,2022-07-02 05:35:00,0.0376,0.0137
54,2022-07-02 05:40:00,0.0,0.0067
54,2022-07-02 05:45:00,0.0,0.3357
54,2022-07-02 05:50:00,0.0,0.2232
54,2022-07-02 05:55:00,0.0,0.1657
54,2022-07-02 06:00:00,0.0,0.1143
54,2022-07-02 06:05:00,0.0,0.1373
54,2022-07-02 06:10:00,0.0,0.1333
54,2022-07-02 06:15:00,0.0,0.0963
54,2022-07-02 06:20:00,0.0,0.1203
54,2022-07-02 06:25:00,0.0,0.1043
54,2022-07-02 06:30:00,0.0,0.1073
54,2022-07-02 06:35:00,0.0,0.1123
54,2022-07-02 06:40:00,0.0,0.0808
54,2022-07-02 06:45:00,0.0,0.0948
54,2022-07-02 06:50:00,0.0,0.0908
54,2022-07-02 06:55:00,0.0,0.0718
54,2022-07-02 07:00:00,0.0,0.0699
54,2022-07-02 07:05:00,0.0,0.0869
54,2022-07-02 07:10:00,0.0,0.0704
54,2022-07-02 07:15:00,0.0,0.0589
54,2022-07-02 07:20:00,0.0,0.0649
54,2022-07-02 07:25:00,0.0,0.0399
54,2022-07-02 07:30:00,0.0,0.0679
54,2022-07-02 07:35:00,0.0,0.0409
54,2022-07-02 07:40:00,0.0,0.0509
54,2022-07-02 07:45:00,0.0,0.0409
54,2022-07-02 07:50:00,0.0,0.0524
54,2022-07-02 07:55:00,0.0,0.0559
54,2022-07-02 08:00:00,0.0,0.055
54,2022-07-02 08:05:00,0.0,0.0475
54,2022-07-02 08:10:00,0.0,0.0515
54,2022-07-02 08:15:00,0.0,0.0585
54,2022-07-02 08:20:00,0.0,0.0485
54,2022-07-02 08:25:00,0.0,0.046
54,2022-07-02 08:30:00,0.0,0.0635
54,2022-07-02 08:35:00,0.0,0.04
54,2022-07-02 08:40:00,0.0,0.0525
55,2022-07-05 11:25:00,0.0,0.0181
55,2022-07-05 11:30:00,0.0,0.0295
55,2022-07-05 11:35:00,0.0,0.0147
55,2022-07-05 11:40:00,0.001,-0.0131
55,2022-07-05 11:45:00,0.0,-0.0054
55,2022-07-05 11:50:00,0.0,-0.0169
55,2022-07-05 11:55:00,0.0,-0.0152
55,2022-07-05 12:00:00,0.0,-0.004
55,2022-07-05 12:05:00,0.0,-0.0008
55,2022-07-05 12:10:00,0.0,0.0094
55,2022-07-05 12:15:00,0.0,-0.0007
55,2022-07-05 12:20:00,0.0,0.0005
55,2022-07-05 12:25:00,0.0,0.012
55,2022-07-05 12:30:00,0.0,0.0185
55,2022-07-05 12:35:00,0.0,0.0125
55,2022-07-05 12:40:00,0.0,-0.0001
55,2022-07-05 12:45:00,0.0,-0.0036
55,2022-07-05 12:50:00,0.0,-0.0051
55,2022-07-05 12:55:00,0.0,0.0165
55,2022-07-05 13:00:00,0.001,0.0168
55,2022-07-05 13:05:00,0.0,-0.0006
55,2022-07-05 13:10:00,0.008,0.0139
55,2022-07-05 13:15:00,0.019,0.0024
55,2022-07-05 13:20:00,0.036,-0.0007
55,2022-07-05 13:25:00,0.002,0.0361
55,2022-07-05 13:30:00,0.001,0.0598
55,2022-07-05 13:35:00,0.008,0.0603
55,2022-07-05 13:40:00,0.002,0.0713
55,2022-07-05 13:45:00,0.0,0.0988
55,2022-07-05 13:50:00,0.0,0.1153
55,2022-07-05 13:55:00,0.0,0.1507
55,2022-07-05 14:00:00,0.0,0.1022
55,2022-07-05 14:05:00,0.0,0.1022
55,2022-07-05 14:10:00,0.0,0.1121
55,2022-07-05 14:15:00,0.0,0.0832
55,2022-07-05 14:20:00,0.0,0.0557
55,2022-07-05 14:25:00,0.0,0.1006
55,2022-07-05 14:30:00,0.0,0.0842
55,2022-07-05 14:35:00,0.0,0.0718
55,2022-07-05 14:40:00,0.0,0.0755
55,2022-07-05 14:45:00,0.0,0.0766
55,2022-07-05 14:50:00,0.0,0.0676
55,2022-07-05 14:55:00,0.0,0.0606
55,2022-07-05 15:00:00,0.0,0.0481
55,2022-07-05 15:05:00,0.0,0.0571
55,2022-07-05 15:10:00,0.0,0.068
55,2022-07-05 15:15:00,0.0,0.0431
55,2022-07-05 15:20:00,0.0,0.062
55,2022-07-05 15:25:00,0.0,0.05
55,2022-07-05 15:30:00,0.0,0.0485
55,2022-07-05 15:35:00,0.0,0.041
55,2022-07-05 15:40:00,0.0,0.0305
55,2022-07-05 15:45:00,0.0,0.031
55,2022-07-05 15:50:00,0.0,0.0759
55,2022-07-05 15:55:00,0.0,0.0714
55,2022-07-05 16:00:00,0.0,0.0409
55,2022-07-05 16:05:00,0.0,0.0364
55,2022-07-05 16:10:00,0.0,0.0449
55,2022-07-05 16:15:00,0.0,0.0359
55,2022-07-05 16:20:00,0.0,0.0314
55,2022-07-05 16:25:00,0.0,0.0429
55,2022-07-05 16:30:00,0.0,0.0328
55,2022-07-05 16:35:00,0.0,0.0423
55,2022-07-05 16:40:00,0.0,0.0273
56,2022-07-06 13:00:00,0.0,-0.0089
56,2022-07-06 13:05:00,0.0,-0.0094
56,2022-07-06 13:10:00,0.0,0.0031
56,2022-07-06 13:15:00,0.002,0.023
56,2022-07-06 13:20:00,0.003,0.018
56,2022-07-06 13:25:00,0.003,0.0175
56,2022-07-06 13:30:00,0.01,-0.005
56,2022-07-06 13:35:00,0.051,0.0035
56,2022-07-06 13:40:00,0.232,0.0065
56,2022-07-06 13:45:00,0.229,-0.001
56,2022-07-06 13:50:00,0.147,1.1769
56,2022-07-06 13:55:00,0.044,1.3189
56,2022-07-06 14:00:00,0.017,1.3929
56,2022-07-06 14:05:00,0.007,1.4269
56,2022-07-06 14:10:00,0.001,1.4698
56,2022-07-06 14:15:00,0.0,1.5019
56,2022-07-06 14:20:00,0.0,1.0599
56,2022-07-06 14:25:00,0.0,0.8064
56,2022-07-06 14:30:00,0.0,0.6103
56,2022-07-06 14:35:00,0.0,0.4753
56,2022-07-06 14:40:00,0.0,0.4433
56,2022-07-06 14:45:00,0.0,0.4108
56,2022-07-06 14:50:00,0.0,0.3408
56,2022-07-06 14:55:00,0.0,0.3218
56,2022-07-06 15:00:00,0.0,0.3198
56,2022-07-06 15:05:00,0.0,0.2763
56,2022-07-06 15:10:00,0.0,0.2772
56,2022-07-06 15:15:00,0.0,0.2782
56,2022-07-06 15:20:00,0.0,0.2717
56,2022-07-06 15:25:00,0.0,0.2502
56,2022-07-06 15:30:00,0.0,0.2677
56,2022-07-06 15:35:00,0.0,0.2362
56,2022-07-06 15:40:00,0.0,0.2441
56,2022-07-06 15:45:00,0.0,0.2332
56,2022-07-06 15:50:00,0.0,0.2361
56,2022-07-06 15:55:00,0.0,0.1886
56,2022-07-06 16:00:00,0.0,0.2051
56,2022-07-06 16:05:00,0.0,0.2106
56,2022-07-06 16:10:00,0.0,0.1931
56,2022-07-06 16:15:00,0.0,0.2086
56,2022-07-06 16:20:00,0.0,0.2026
56,2022-07-06 16:25:00,0.0,0.2095
56,2022-07-06 16:30:00,0.0,0.1825
56,2022-07-06 16:35:00,0.0,0.1594
56,2022-07-06 16:40:00,0.0,0.1275
56,2022-07-06 16:45:00,0.0,0.183
56,2022-07-06 16:50:00,0.0,0.1764
56,2022-07-06 16:55:00,0.0,0.1715
56,2022-07-06 17:00:00,0.0,0.1835
56,2022-07-06 17:05:00,0.0,0.1799
56,2022-07-06 17:10:00,0.0,0.1764
56,2022-07-06 17:15:00,0.0,0.1543
56,2022-07-06 17:20:00,0.0,0.1944
56,2022-07-06 17:25:00,0.0,0.1724
56,2022-07-06 17:30:00,0.0,0.1574
56,2022-07-06 17:35:00,0.0,0.1849
56,2022-07-06 17:40:00,0.0,0.1524
56,2022-07-06 17:45:00,0.0,0.1503
56,2022-07-06 17:50:00,0.0,0.1153
56,2022-07-06 17:55:00,0.0,0.1443
56,2022-07-06 18:00:00,0.0,0.1303
56,2022-07-06 18:05:00,0.0,0.1188
56,2022-07-06 18:10:00,0.0,0.0838
56,2022-07-06 18:15:00,0.0,0.1308
56,2022-07-06 18:20:00,0.0,0.1087
56,2022-07-06 18:25:00,0.0,0.1582
56,2022-07-06 18:30:00,0.002,0.1587
56,2022-07-06 18:35:00,0.021,0.1327
56,2022-07-06 18:40:00,0.009,0.1287
56,2022-07-06 18:45:00,0.0,0.1017
56,2022-07-06 18:50:00,0.0,0.1157
56,2022-07-06 18:55:00,0.0,0.1007
56,2022-07-06 19:00:00,0.0,0.1016
56,2022-07-06 19:05:00,0.0,0.1596
56,2022-07-06 19:10:00,0.0,0.1226
56,2022-07-06 19:15:00,0.0,0.1436
56,2022-07-06 19:20:00,0.0,0.1036
56,2022-07-06 19:25:00,0.0,0.1106
56,2022-07-06 19:30:00,0.0,0.0936
56,2022-07-06 19:35:00,0.0,0.1335
56,2022-07-06 19:40:00,0.0,0.1005
56,2022-07-06 19:45:00,0.0,0.0985
56,2022-07-06 19:50:00,0.0,0.0915
56,2022-07-06 19:55:00,0.0,0.1265
56,2022-07-06 20:00:00,0.0,0.1295
56,2022-07-06 20:05:00,0.0,0.1005
56,2022-07-06 20:10:00,0.0,0.1435
56,2022-07-06 20:15:00,0.0,0.1234
56,2022-07-06 20:20:00,0.0,0.1094
56,2022-07-06 20:25:00,0.0,0.1344
56,2022-07-06 20:30:00,0.0,0.1014
56,2022-07-06 20:35:00,0.0,0.0974
56,2022-07-06 20:40:00,0.0,0.0814
56,2022-07-06 20:45:00,0.0,0.1564
56,2022-07-06 20:50:00,0.0,0.1184
56,2022-07-06 20:55:00,0.0,0.0963
56,2022-07-06 21:00:00,0.0,0.0773
56,2022-07-06 21:05:00,0.0,0.0723
56,2022-07-06 21:10:00,0.0,0.0713
56,2022-07-06 21:15:00,0.0,0.0863
56,2022-07-06 21:20:00,0.0,0.0733
56,2022-07-06 21:25:00,0.0,0.0673
56,2022-07-06 21:30:00,0.0,0.0652
56,2022-07-06 21:35:00,0.0,0.064
56,2022-07-06 21:40:00,0.0,0.0954
56,2022-07-06 21:45:00,0.0,0.0742
57,2022-07-08 11:20:00,0.0,-0.0052
57,2022-07-08 11:25:00,0.0,0.0198
57,2022-07-08 11:30:00,0.0,0.0128
57,2022-07-08 11:35:00,0.0376,0.0198
57,2022-07-08 11:40:00,0.0,0.0328
57,2022-07-08 11:45:00,0.0,0.0408
57,2022-07-08 11:50:00,0.0,0.0288
57,2022-07-08 11:55:00,0.0,0.0588
57,2022-07-08 12:00:00,0.0,0.0538
57,2022-07-08 12:05:00,0.0,0.085
57,2022-07-08 12:10:00,0.0376,0.0947
57,2022-07-08 12:15:00,0.0,0.0965
57,2022-07-08 12:20:00,0.0,0.135
57,2022-07-08 12:25:00,0.0376,0.1227
57,2022-07-08 12:30:00,0.0,0.1767
57,2022-07-08 12:35:00,0.0,0.2037
57,2022-07-08 12:40:00,0.0,0.1457
57,2022-07-08 12:45:00,0.0,0.1837
57,2022-07-08 12:50:00,0.0,0.1686
57,2022-07-08 12:55:00,0.0,0.1656
57,2022-07-08 13:00:00,0.0,0.1606
57,2022-07-08 13:05:00,0.0,0.1616
57,2022-07-08 13:10:00,0.0,0.1545
57,2022-07-08 13:15:00,0.0,0.1376
57,2022-07-08 13:20:00,0.0,0.1184
57,2022-07-08 13:25:00,0.0,0.1426
57,2022-07-08 13:30:00,0.0,0.1486
57,2022-07-08 13:35:00,0.0,0.1516
57,2022-07-08 13:40:00,0.0,0.0985
57,2022-07-08 13:45:00,0.0,0.1105
57,2022-07-08 13:50:00,0.0,0.0955
57,2022-07-08 13:55:00,0.0,0.1035
57,2022-07-08 14:00:00,0.0,0.1125
57,2022-07-08 14:05:00,0.0,0.1125
57,2022-07-08 14:10:00,0.0,0.1025
57,2022-07-08 14:15:00,0.0,0.1265
57,2022-07-08 14:20:00,0.0,0.1305
57,2022-07-08 14:25:00,0.0,0.1034
57,2022-07-08 14:30:00,0.0,0.1064
57,2022-07-08 14:35:00,0.0,0.1334
57,2022-07-08 14:40:00,0.0,0.1484
57,2022-07-08 14:45:00,0.0,0.1264
57,2022-07-08 14:50:00,0.0,0.0914
57,2022-07-08 14:55:00,0.0,0.1084
57,2022-07-08 15:00:00,0.0,0.0784
57,2022-07-08 15:05:00,0.0,0.1044
57,2022-07-08 15:10:00,0.0,0.0861
57,2022-07-08 15:15:00,0.0,0.1163
57,2022-07-08 15:20:00,0.0,0.1163
57,2022-07-08 15:25:00,0.0,0.1103
57,2022-07-08 15:30:00,0.0,0.1043
58,2022-07-09 09:15:00,0.0,0.002
58,2022-07-09 09:20:00,0.0,0.0135
58,2022-07-09 09:25:00,0.0,0.0166
58,2022-07-09 09:30:00,0.01,0.0241
58,2022-07-09 09:35:00,0.0,0.0106
58,2022-07-09 09:40:00,0.0,0.0302
58,2022-07-09 09:45:00,0.0,0.0137
58,2022-07-09 09:50:00,0.0,0.0058
58,2022-07-09 09:55:00,0.0,0.0083
58,2022-07-09 10:00:00,0.0,0.0258
58,2022-07-09 10:05:00,0.0177,0.0249
58,2022-07-09 10:10:00,0.0,0.0119
58,2022-07-09 10:15:00,0.0,0.0009
58,2022-07-09 10:20:00,0.0,0.0675
58,2022-07-09 10:25:00,0.0,0.0565
58,2022-07-09 10:30:00,0.0,0.0301
58,2022-07-09 10:35:00,0.0,0.0261
58,2022-07-09 10:40:00,0.0,0.0271
58,2022-07-09 10:45:00,0.0,0.0137
58,2022-07-09 10:50:00,0.0,0.0467
58,2022-07-09 10:55:00,0.0,0.0358
58,2022-07-09 11:00:00,0.0,0.0438
58,2022-07-09 11:05:00,0.0,0.0283
58,2022-07-09 11:10:00,0.0,0.0034
58,2022-07-09 11:15:00,0.0,0.0109
58,2022-07-09 11:20:00,0.0,0.0324
58,2022-07-09 11:25:00,0.0,0.0035
58,2022-07-09 11:30:00,0.0,0.0485
58,2022-07-09 11:35:00,0.0,0.0596
58,2022-07-09 11:40:00,0.0,0.0351
58,2022-07-09 11:45:00,0.0,0.0351
58,2022-07-09 11:50:00,0.0,0.0262
58,2022-07-09 11:55:00,0.0,0.0177
58,2022-07-09 12:00:00,0.0,0.0042
58,2022-07-09 12:05:00,0.0,0.0118
58,2022-07-09 12:10:00,0.0,0.0113
58,2022-07-09 12:15:00,0.0,0.0179
58,2022-07-09 12:20:00,0.0,0.0259
58,2022-07-09 12:25:00,0.0,0.0294
58,2022-07-09 12:30:00,0.0,0.0445
58,2022-07-09 12:35:00,0.0,0.0225
58,2022-07-09 12:40:00,0.0,0.0431
58,2022-07-09 12:45:00,0.0,0.0336
58,2022-07-09 12:50:00,0.0,0.0536
58,2022-07-09 12:55:00,0.0,0.0382
58,2022-07-09 13:00:00,0.0,0.0612
58,2022-07-09 13:05:00,0.0,0.0862
58,2022-07-09 13:10:00,0.0,0.0418
59,2022-07-15 22:55:00,0.0,-0.0092
59,2022-07-15 23:00:00,0.0,0.0038
59,2022-07-15 23:05:00,0.0,-0.0153
59,2022-07-15 23:10:00,0.0,-0.0043
59,2022-07-15 23:15:00,0.0,-0.0123
59,2022-07-15 23:20:00,0.0,-0.0153
59,2022-07-15 23:25:00,0.0,-0.0208
59,2022-07-15 23:30:00,0.0,-0.0138
59,2022-07-15 23:35:00,0.0,-0.0194
59,2022-07-15 23:40:00,0.0,-0.0094
59,2022-07-15 23:45:00,0.0177,-0.0039
59,2022-07-15 23:50:00,0.0,0.0026
59,2022-07-15 23:55:00,0.0,0.0021
59,2022-07-16 00:00:00,0.0,0.0071
59,2022-07-16 00:05:00,0.0,0.016
59,2022-07-16 00:10:00,0.0,0.013
59,2022-07-16 00:15:00,0.0,0.0085
59,2022-07-16 00:20:00,0.0,0.007
59,2022-07-16 00:25:00,0.0,0.0
59,2022-07-16 00:30:00,0.0,0.0135
59,2022-07-16 00:35:00,0.0,0.0069
59,2022-07-16 00:40:00,0.0,0.0169
59,2022-07-16 00:45:00,0.01,0.0254
59,2022-07-16 00:50:00,0.0,0.0209
59,2022-07-16 00:55:00,0.0,0.0204
59,2022-07-16 01:00:00,0.0,0.0129
59,2022-07-16 01:05:00,0.0,0.0358
59,2022-07-16 01:10:00,0.0,0.0263
59,2022-07-16 01:15:00,0.0,0.0213
59,2022-07-16 01:20:00,0.0,0.0283
59,2022-07-16 01:25:00,0.0,0.0343
59,2022-07-16 01:30:00,0.0,0.0303
59,2022-07-16 01:35:00,0.0,0.0322
59,2022-07-16 01:40:00,0.0,0.0107
59,2022-07-16 01:45:00,0.0,0.0277
59,2022-07-16 01:50:00,0.0,0.0132
59,2022-07-16 01:55:00,0.0,0.0187
59,2022-07-16 02:00:00,0.0,0.0252
59,2022-07-16 02:05:00,0.0,0.0282
59,2022-07-16 02:10:00,0.0,0.0156
59,2022-07-16 02:15:00,0.0,0.0371
59,2022-07-16 02:20:00,0.0,0.0326
59,2022-07-16 02:25:00,0.0,0.0421
59,2022-07-16 02:30:00,0.0,0.0201
59,2022-07-16 02:35:00,0.0,0.0251
59,2022-07-16 02:40:00,0.0,0.0345
59,2022-07-16 02:45:00,0.0,0.0125
59,2022-07-16 02:50:00,0.0,0.0185
59,2022-07-16 02:55:00,0.0,0.0485
59,2022-07-16 03:00:00,0.0,0.05
59,2022-07-16 03:05:00,0.0,0.026
59,2022-07-16 03:10:00,0.0,0.0249
59,2022-07-16 03:15:00,0.0,0.0364
59,2022-07-16 03:20:00,0.0,0.0424
59,2022-07-16 03:25:00,0.0,0.0504
59,2022-07-16 03:30:00,0.0,0.0294
59,2022-07-16 03:35:00,0.0,0.0259
59,2022-07-16 03:40:00,0.0,0.0218
59,2022-07-16 03:45:00,0.0,0.0293
59,2022-07-16 03:50:00,0.0,0.0313
59,2022-07-16 03:55:00,0.0,0.0328
60,2022-07-17 05:30:00,0.0,0.0387
60,2022-07-17 05:35:00,0.0,0.0385
60,2022-07-17 05:40:00,0.004,0.0457
60,2022-07-17 05:45:00,0.005,0.0332
60,2022-07-17 05:50:00,0.008,0.0392
60,2022-07-17 05:55:00,0.006,0.0393
60,2022-07-17 06:00:00,0.002,0.0446
60,2022-07-17 06:05:00,0.004,0.0421
60,2022-07-17 06:10:00,0.01,0.0527
60,2022-07-17 06:15:00,0.018,0.0436
60,2022-07-17 06:20:00,0.026,0.0417
60,2022-07-17 06:25:00,0.029,0.0438
60,2022-07-17 06:30:00,0.042,0.0421
60,2022-07-17 06:35:00,0.042,0.537
60,2022-07-17 06:40:00,0.045,0.553
60,2022-07-17 06:45:00,0.025,0.353
60,2022-07-17 06:50:00,0.026,0.349
60,2022-07-17 06:55:00,0.005,0.3229
60,2022-07-17 07:00:00,0.001,0.3259
60,2022-07-17 07:05:00,0.0,0.3959
60,2022-07-17 07:10:00,0.0,0.3579
60,2022-07-17 07:15:00,0.0,0.3214
60,2022-07-17 07:20:00,0.0,0.2754
60,2022-07-17 07:25:00,0.0,0.2363
60,2022-07-17 07:30:00,0.0,0.1941
60,2022-07-17 07:35:00,0.0,0.2138
60,2022-07-17 07:40:00,0.0,0.2118
60,2022-07-17 07:45:00,0.0,0.1844
60,2022-07-17 07:50:00,0.0,0.1743
60,2022-07-17 07:55:00,0.0,0.1795
60,2022-07-17 08:00:00,0.0,0.1532
60,2022-07-17 08:05:00,0.002,0.1467
60,2022-07-17 08:10:00,0.001,0.1482
60,2022-07-17 08:15:00,0.0,0.1287
60,2022-07-17 08:20:00,0.0,0.1236
60,2022-07-17 08:25:00,0.0,0.1081
60,2022-07-17 08:30:00,0.0,0.1081
60,2022-07-17 08:35:00,0.0,0.1101
60,2022-07-17 08:40:00,0.0,0.1096
60,2022-07-17 08:45:00,0.0,0.1026
60,2022-07-17 08:50:00,0.0,0.1854
60,2022-07-17 08:55:00,0.002,0.121
60,2022-07-17 09:00:00,0.011,0.1025
60,2022-07-17 09:05:00,0.055,0.1045
60,2022-07-17 09:10:00,0.079,0.097
60,2022-07-17 09:15:00,0.031,0.1115
60,2022-07-17 09:20:00,0.016,0.9755
60,2022-07-17 09:25:00,0.011,0.8979
60,2022-07-17 09:30:00,0.007,0.5349
60,2022-07-17 09:35:00,0.004,0.5189
60,2022-07-17 09:40:00,0.016,0.4804
60,2022-07-17 09:45:00,0.073,0.4234
60,2022-07-17 09:50:00,0.072,0.3534
60,2022-07-17 09:55:00,0.025,1.0933
60,2022-07-17 10:00:00,0.009,0.9563
60,2022-07-17 10:05:00,0.003,0.7668
60,2022-07-17 10:10:00,0.0,0.6433
60,2022-07-17 10:15:00,0.0,0.5903
60,2022-07-17 10:20:00,0.0,0.6103
60,2022-07-17 10:25:00,0.0,0.5618
60,2022-07-17 10:30:00,0.0,0.5177
60,2022-07-17 10:35:00,0.0,0.4377
60,2022-07-17 10:40:00,0.0,0.4152
60,2022-07-17 10:45:00,0.0,0.3892
60,2022-07-17 10:50:00,0.0,0.3867
60,2022-07-17 10:55:00,0.0,0.3707
60,2022-07-17 11:00:00,0.0,0.3501
60,2022-07-17 11:05:00,0.0,0.3001
60,2022-07-17 11:10:00,0.0,0.3416
60,2022-07-17 11:15:00,0.0,0.3156
60,2022-07-17 11:20:00,0.0,0.3046
60,2022-07-17 11:25:00,0.0,0.3026
60,2022-07-17 11:30:00,0.0,0.2765
60,2022-07-17 11:35:00,0.0,0.287
60,2022-07-17 11:40:00,0.0,0.305
60,2022-07-17 11:45:00,0.0,0.2685
60,2022-07-17 11:50:00,0.0,0.2815
60,2022-07-17 11:55:00,0.0,0.243
60,2022-07-17 12:00:00,0.0,0.2429
60,2022-07-17 12:05:00,0.0,0.2479
60,2022-07-17 12:10:00,0.0,0.2614
60,2022-07-17 12:15:00,0.0,0.2574
60,2022-07-17 12:20:00,0.0,0.2534
60,2022-07-17 12:25:00,0.0,0.2619
60,2022-07-17 12:30:00,0.001,0.2268
60,2022-07-17 12:35:00,0.001,0.2418
60,2022-07-17 12:40:00,0.001,0.2738
60,2022-07-17 12:45:00,0.0,0.2518
60,2022-07-17 12:50:00,0.0,0.2318
60,2022-07-17 12:55:00,0.0,0.2043
60,2022-07-17 13:00:00,0.0,0.2312
60,2022-07-17 13:05:00,0.0,0.2076
60,2022-07-17 13:10:00,0.0,0.1887
60,2022-07-17 13:15:00,0.0,0.1927
60,2022-07-17 13:20:00,0.001,0.1877
60,2022-07-17 13:25:00,0.004,0.2361
60,2022-07-17 13:30:00,0.006,0.2106
60,2022-07-17 13:35:00,0.005,0.1976
60,2022-07-17 13:40:00,0.003,0.1891
60,2022-07-17 13:45:00,0.002,0.1731
60,2022-07-17 13:50:00,0.003,0.1821
60,2022-07-17 13:55:00,0.001,0.1631
60,2022-07-17 14:00:00,0.0,0.16
60,2022-07-17 14:05:00,0.0,0.1935
60,2022-07-17 14:10:00,0.0,0.159
60,2022-07-17 14:15:00,0.0,0.178
60,2022-07-17 14:20:00,0.002,0.1985
60,2022-07-17 14:25:00,0.006,0.217
60,2022-07-17 14:30:00,0.008,0.1989
60,2022-07-17 14:35:00,0.008,0.1949
60,2022-07-17 14:40:00,0.012,0.1914
60,2022-07-17 14:45:00,0.022,0.1904
60,2022-07-17 14:50:00,0.02,0.2049
60,2022-07-17 14:55:00,0.009,0.2334
60,2022-07-17 15:00:00,0.008,0.4443
60,2022-07-17 15:05:00,0.003,0.3933
60,2022-07-17 15:10:00,0.0,0.4123
60,2022-07-17 15:15:00,0.0,0.4276
60,2022-07-17 15:20:00,0.0,0.3808
60,2022-07-17 15:25:00,0.0,0.3733
60,2022-07-17 15:30:00,0.0,0.3727
60,2022-07-17 15:35:00,0.0,0.3542
60,2022-07-17 15:40:00,0.002,0.3262
60,2022-07-17 15:45:00,0.002,0.3057
60,2022-07-17 15:50:00,0.002,0.3492
60,2022-07-17 15:55:00,0.002,0.3122
60,2022-07-17 16:00:00,0.001,0.2607
60,2022-07-17 16:05:00,0.0,0.2535
60,2022-07-17 16:10:00,0.0,0.252
60,2022-07-17 16:15:00,0.0,0.2751
60,2022-07-17 16:20:00,0.0,0.2511
60,2022-07-17 16:25:00,0.0,0.2956
60,2022-07-17 16:30:00,0.0,0.279
60,2022-07-17 16:35:00,0.0,0.2545
60,2022-07-17 16:40:00,0.0,0.248
60,2022-07-17 16:45:00,0.0,0.2585
60,2022-07-17 16:50:00,0.0,0.219
60,2022-07-17 16:55:00,0.0,0.24
60,2022-07-17 17:00:00,0.001,0.2855
60,2022-07-17 17:05:00,0.002,0.2664
60,2022-07-17 17:10:00,0.0,0.228
60,2022-07-17 17:15:00,0.001,0.2314
60,2022-07-17 17:20:00,0.001,0.2114
60,2022-07-17 17:25:00,0.002,0.2244
60,2022-07-17 17:30:00,0.002,0.2008
60,2022-07-17 17:35:00,0.002,0.2288
60,2022-07-17 17:40:00,0.003,0.2198
60,2022-07-17 17:45:00,0.002,0.2293
60,2022-07-17 17:50:00,0.002,0.2418
60,2022-07-17 17:55:00,0.0,0.2268
60,2022-07-17 18:00:00,0.0,0.1997
60,2022-07-17 18:05:00,0.0,0.2076
60,2022-07-17 18:10:00,0.0,0.2007
60,2022-07-17 18:15:00,0.0,0.2352
60,2022-07-17 18:20:00,0.0,0.2122
60,2022-07-17 18:25:00,0.0,0.2177
60,2022-07-17 18:30:00,0.0,0.2172
60,2022-07-17 18:35:00,0.0,0.2151
60,2022-07-17 18:40:00,0.0,0.2316
60,2022-07-17 18:45:00,0.0,0.2131
60,2022-07-17 18:50:00,0.0,0.216
60,2022-07-17 18:55:00,0.0,0.2186
60,2022-07-17 19:00:00,0.0,0.1951
60,2022-07-17 19:05:00,0.0,0.1725
60,2022-07-17 19:10:00,0.001,0.1945
60,2022-07-17 19:15:00,0.0,0.188
60,2022-07-17 19:20:00,0.0,0.2255
60,2022-07-17 19:25:00,0.0,0.2
60,2022-07-17 19:30:00,0.002,0.2151
60,2022-07-17 19:35:00,0.008,0.2151
60,2022-07-17 19:40:00,0.003,0.2144
60,2022-07-17 19:45:00,0.0,0.2084
60,2022-07-17 19:50:00,0.0,0.2299
60,2022-07-17 19:55:00,0.0,0.2119
60,2022-07-17 20:00:00,0.0,0.1964
60,2022-07-17 20:05:00,0.0,0.2188
60,2022-07-17 20:10:00,0.0,0.2002
60,2022-07-17 20:15:00,0.0,0.2386
60,2022-07-17 20:20:00,0.0,0.2418
60,2022-07-17 20:25:00,0.0,0.2043
60,2022-07-17 20:30:00,0.0,0.2098
60,2022-07-17 20:35:00,0.0,0.2037
60,2022-07-17 20:40:00,0.0,0.2277
60,2022-07-17 20:45:00,0.0,0.2162
60,2022-07-17 20:50:00,0.0,0.2077
60,2022-07-17 20:55:00,0.0,0.2202
60,2022-07-17 21:00:00,0.0,0.1987
60,2022-07-17 21:05:00,0.0,0.1511
60,2022-07-17 21:10:00,0.0,0.1501
60,2022-07-17 21:15:00,0.0,0.2201
60,2022-07-17 21:20:00,0.0,0.2066
60,2022-07-17 21:25:00,0.0,0.2256
60,2022-07-17 21:30:00,0.0,0.2131
60,2022-07-17 21:35:00,0.0,0.1865
60,2022-07-17 21:40:00,0.0,0.1975
60,2022-07-17 21:45:00,0.002,0.2145
60,2022-07-17 21:50:00,0.016,0.1885
60,2022-07-17 21:55:00,0.03,0.1965
60,2022-07-17 22:00:00,0.02,0.223
60,2022-07-17 22:05:00,0.005,0.2049
60,2022-07-17 22:10:00,0.001,0.3289
60,2022-07-17 22:15:00,0.0,0.3154
60,2022-07-17 22:20:00,0.0,0.3089
60,2022-07-17 22:25:00,0.001,0.3234
60,2022-07-17 22:30:00,0.001,0.3363
60,2022-07-17 22:35:00,0.0,0.3243
60,2022-07-17 22:40:00,0.0,0.3038
60,2022-07-17 22:45:00,0.0,0.2828
60,2022-07-17 22:50:00,0.0,0.3143
60,2022-07-17 22:55:00,0.0,0.2743
60,2022-07-17 23:00:00,0.0,0.2923
60,2022-07-17 23:05:00,0.0,0.2777
60,2022-07-17 23:10:00,0.0,0.2377
60,2022-07-17 23:15:00,0.0,0.2432
60,2022-07-17 23:20:00,0.0,0.2632
60,2022-07-17 23:25:00,0.0,0.2495
60,2022-07-17 23:30:00,0.0,0.2477
60,2022-07-17 23:35:00,0.0,0.2661
60,2022-07-17 23:40:00,0.0,0.2308
60,2022-07-17 23:45:00,0.0,0.2331
60,2022-07-17 23:50:00,0.0,0.2461
60,2022-07-17 23:55:00,0.0,0.1916
60,2022-07-18 00:00:00,0.0,0.2091
60,2022-07-18 00:05:00,0.0,0.2225
60,2022-07-18 00:10:00,0.0,0.2195
60,2022-07-18 00:15:00,0.0,0.2165
60,2022-07-18 00:20:00,0.0,0.2211
60,2022-07-18 00:25:00,0.0,0.2195
60,2022-07-18 00:30:00,0.0,0.219
60,2022-07-18 00:35:00,0.0,0.2109
60,2022-07-18 00:40:00,0.0,0.1989
60,2022-07-18 00:45:00,0.0,0.2284
60,2022-07-18 00:50:00,0.0,0.1974
60,2022-07-18 00:55:00,0.001,0.2009
60,2022-07-18 01:00:00,0.0,0.1924
60,2022-07-18 01:05:00,0.0,0.2023
60,2022-07-18 01:10:00,0.0,0.1703
60,2022-07-18 01:15:00,0.0,0.1773
60,2022-07-18 01:20:00,0.0,0.1543
60,2022-07-18 01:25:00,0.0,0.1803
60,2022-07-18 01:30:00,0.0,0.1783
60,2022-07-18 01:35:00,0.0,0.1717
60,2022-07-18 01:40:00,0.0,0.1802
60,2022-07-18 01:45:00,0.0,0.1642
60,2022-07-18 01:50:00,0.0,0.2077
60,2022-07-18 01:55:00,0.0,0.1907
60,2022-07-18 02:00:00,0.0,0.1762
60,2022-07-18 02:05:00,0.0,0.1752
60,2022-07-18 02:10:00,0.0,0.1866
60,2022-07-18 02:15:00,0.0,0.1816
60,2022-07-18 02:20:00,0.0,0.1776
60,2022-07-18 02:25:00,0.0,0.1746
60,2022-07-18 02:30:00,0.0,0.1676
60,2022-07-18 02:35:00,0.0,0.1591
60,2022-07-18 02:40:00,0.0,0.185
60,2022-07-18 02:45:00,0.0,0.183
60,2022-07-18 02:50:00,0.0,0.1695
60,2022-07-18 02:55:00,0.0,0.166
60,2022-07-18 03:00:00,0.0,0.1775
60,2022-07-18 03:05:00,0.0,0.1475
60,2022-07-18 03:10:00,0.0,0.1684
60,2022-07-18 03:15:00,0.002,0.1684
60,2022-07-18 03:20:00,0.005,0.1614
60,2022-07-18 03:25:00,0.002,0.1569
60,2022-07-18 03:30:00,0.0,0.1589
60,2022-07-18 03:35:00,0.0,0.1589
60,2022-07-18 03:40:00,0.0,0.1558
60,2022-07-18 03:45:00,0.001,0.1608
60,2022-07-18 03:50:00,0.002,0.1548
60,2022-07-18 03:55:00,0.0,0.1608
60,2022-07-18 04:00:00,0.0,0.1758
60,2022-07-18 04:05:00,0.0,0.1748
60,2022-07-18 04:10:00,0.001,0.1552
60,2022-07-18 04:15:00,0.001,0.1602
60,2022-07-18 04:20:00,0.002,0.1797
60,2022-07-18 04:25:00,0.005,0.1762
60,2022-07-18 04:30:00,0.006,0.1677
60,2022-07-18 04:35:00,0.003,0.1692
60,2022-07-18 04:40:00,0.001,0.1656
60,2022-07-18 04:45:00,0.001,0.1956
60,2022-07-18 04:50:00,0.002,0.1816
60,2022-07-18 04:55:00,0.006,0.1806
60,2022-07-18 05:00:00,0.008,0.1961
60,2022-07-18 05:05:00,0.011,0.2226
60,2022-07-18 05:10:00,0.013,0.208
60,2022-07-18 05:15:00,0.006,0.228
60,2022-07-18 05:20:00,0.005,0.266
60,2022-07-18 05:25:00,0.006,0.2765
60,2022-07-18 05:30:00,0.006,0.2845
60,2022-07-18 05:35:00,0.008,0.2755
60,2022-07-18 05:40:00,0.008,0.2974
60,2022-07-18 05:45:00,0.01,0.3174
60,2022-07-18 05:50:00,0.009,0.2929
60,2022-07-18 05:55:00,0.008,0.2864
60,2022-07-18 06:00:00,0.006,0.3339
60,2022-07-18 06:05:00,0.005,0.3399
60,2022-07-18 06:10:00,0.001,0.3323
60,2022-07-18 06:15:00,0.0,0.3733
60,2022-07-18 06:20:00,0.002,0.3483
60,2022-07-18 06:25:00,0.004,0.3658
60,2022-07-18 06:30:00,0.004,0.3458
60,2022-07-18 06:35:00,0.006,0.3643
60,2022-07-18 06:40:00,0.007,0.3497
60,2022-07-18 06:45:00,0.005,0.3192
60,2022-07-18 06:50:00,0.008,0.3232
60,2022-07-18 06:55:00,0.007,0.3047
60,2022-07-18 07:00:00,0.002,0.3222
60,2022-07-18 07:05:00,0.001,0.3392
60,2022-07-18 07:10:00,0.001,0.3201
60,2022-07-18 07:15:00,0.0,0.3231
60,2022-07-18 07:20:00,0.0,0.3366
60,2022-07-18 07:25:00,0.0,0.3006
60,2022-07-18 07:30:00,0.0,0.2891
60,2022-07-18 07:35:00,0.0,0.293
60,2022-07-18 07:40:00,0.0,0.277
60,2022-07-18 07:45:00,0.0,0.285
60,2022-07-18 07:50:00,0.0,0.2815
60,2022-07-18 07:55:00,0.0,0.3145
60,2022-07-18 08:00:00,0.0,0.259
60,2022-07-18 08:05:00,0.0,0.2545
60,2022-07-18 08:10:00,0.0,0.2534
60,2022-07-18 08:15:00,0.0,0.2934
60,2022-07-18 08:20:00,0.0,0.3037
60,2022-07-18 08:25:00,0.0,0.2654
60,2022-07-18 08:30:00,0.0,0.2584
60,2022-07-18 08:35:00,0.0,0.2569
60,2022-07-18 08:40:00,0.0,0.2878
60,2022-07-18 08:45:00,0.0,0.2483
60,2022-07-18 08:50:00,0.0,0.2323
60,2022-07-18 08:55:00,0.0,0.2308
60,2022-07-18 09:00:00,0.0,0.2503
60,2022-07-18 09:05:00,0.0,0.2088
60,2022-07-18 09:10:00,0.0,0.2307
60,2022-07-18 09:15:00,0.0,0.2307
60,2022-07-18 09:20:00,0.0,0.2172
60,2022-07-18 09:25:00,0.0,0.2332
60,2022-07-18 09:30:00,0.0,0.223
60,2022-07-18 09:35:00,0.0,0.2482
60,2022-07-18 09:40:00,0.0,0.2296
60,2022-07-18 09:45:00,0.0,0.2006
60,2022-07-18 09:50:00,0.0,0.2281
60,2022-07-18 09:55:00,0.0,0.2106
60,2022-07-18 10:00:00,0.0,0.2156
60,2022-07-18 10:05:00,0.0,0.2111
60,2022-07-18 10:10:00,0.0,0.198
60,2022-07-18 10:15:00,0.0,0.196
60,2022-07-18 10:20:00,0.0,0.204
60,2022-07-18 10:25:00,0.0,0.1875
60,2022-07-18 10:30:00,0.0,0.197
60,2022-07-18 10:35:00,0.0,0.2155
60,2022-07-18 10:40:00,0.0,0.218
60,2022-07-18 10:45:00,0.0,0.2159
60,2022-07-18 10:50:00,0.0,0.2474
60,2022-07-18 10:55:00,0.0,0.2499
60,2022-07-18 11:00:00,0.0,0.2214
60,2022-07-18 11:05:00,0.0,0.2439
60,2022-07-18 11:10:00,0.0,0.2099
60,2022-07-18 11:15:00,0.0,0.2173
60,2022-07-18 11:20:00,0.0,0.2048
60,2022-07-18 11:25:00,0.0,0.1978
60,2022-07-18 11:30:00,0.0,0.2013
60,2022-07-18 11:35:00,0.0,0.2013
60,2022-07-18 11:40:00,0.0,0.2153
60,2022-07-18 11:45:00,0.0,0.1827
60,2022-07-18 11:50:00,0.0,0.2032
60,2022-07-18 11:55:00,0.0,0.1854
60,2022-07-18 12:00:00,0.0,0.1792
60,2022-07-18 12:05:00,0.0,0.1917
60,2022-07-18 12:10:00,0.0,0.1812
60,2022-07-18 12:15:00,0.0,0.1721
60,2022-07-18 12:20:00,0.0,0.1681
60,2022-07-18 12:25:00,0.0,0.2026
60,2022-07-18 12:30:00,0.0,0.1646
60,2022-07-18 12:35:00,0.0,0.1906
60,2022-07-18 12:40:00,0.0,0.1776
60,2022-07-18 12:45:00,0.0,0.179
60,2022-07-18 12:50:00,0.0,0.164
60,2022-07-18 12:55:00,0.0,0.19
60,2022-07-18 13:00:00,0.0,0.1885
60,2022-07-18 13:05:00,0.0,0.178
60,2022-07-18 13:10:00,0.0,0.14
60,2022-07-18 13:15:00,0.0,0.1454
60,2022-07-18 13:20:00,0.0,0.1589
60,2022-07-18 13:25:00,0.0,0.1424
60,2022-07-18 13:30:00,0.0,0.1654
60,2022-07-18 13:35:00,0.0,0.1424
60,2022-07-18 13:40:00,0.0,0.1629
60,2022-07-18 13:45:00,0.0,0.1603
60,2022-07-18 13:50:00,0.0,0.1618
60,2022-07-18 13:55:00,0.0,0.1453
60,2022-07-18 14:00:00,0.0,0.1566
60,2022-07-18 14:05:00,0.0,0.1723
60,2022-07-18 14:10:00,0.0,0.1838
60,2022-07-18 14:15:00,0.0,0.1787
60,2022-07-18 14:20:00,0.0,0.1732
60,2022-07-18 14:25:00,0.0,0.1657
60,2022-07-18 14:30:00,0.0,0.1597
60,2022-07-18 14:35:00,0.0,0.1567
60,2022-07-18 14:40:00,0.0,0.1527
60,2022-07-18 14:45:00,0.0,0.1481
60,2022-07-18 14:50:00,0.0,0.1491
60,2022-07-18 14:55:00,0.0,0.1561
60,2022-07-18 15:00:00,0.0,0.1476
60,2022-07-18 15:05:00,0.0,0.1386
60,2022-07-18 15:10:00,0.0,0.1706
60,2022-07-18 15:15:00,0.0,0.1565
60,2022-07-18 15:20:00,0.0,0.1515
60,2022-07-18 15:25:00,0.0,0.178
60,2022-07-18 15:30:00,0.0,0.132
60,2022-07-18 15:35:00,0.0,0.1385
60,2022-07-18 15:40:00,0.0,0.155
60,2022-07-18 15:45:00,0.0,0.1359
60,2022-07-18 15:50:00,0.0,0.1734
60,2022-07-18 15:55:00,0.0,0.1644
60,2022-07-18 16:00:00,0.0,0.1424
60,2022-07-18 16:05:00,0.0,0.1719
60,2022-07-18 16:10:00,0.0,0.1494
60,2022-07-18 16:15:00,0.0,0.1663
60,2022-07-18 16:20:00,0.0,0.1523
60,2022-07-18 16:25:00,0.0,0.1558
60,2022-07-18 16:30:00,0.0,0.1503
60,2022-07-18 16:35:00,0.0,0.1363
60,2022-07-18 16:40:00,0.0,0.1243
60,2022-07-18 16:45:00,0.0,0.1327
60,2022-07-18 16:50:00,0.0,0.1562
60,2022-07-18 16:55:00,0.0,0.1497
60,2022-07-18 17:00:00,0.0,0.1597
60,2022-07-18 17:05:00,0.0,0.1672
60,2022-07-18 17:10:00,0.0,0.1587
60,2022-07-18 17:15:00,0.0,0.1396
60,2022-07-18 17:20:00,0.0,0.1386
60,2022-07-18 17:25:00,0.0,0.1776
60,2022-07-18 17:30:00,0.0,0.1721
60,2022-07-18 17:35:00,0.0,0.1411
60,2022-07-18 17:40:00,0.0,0.1356
60,2022-07-18 17:45:00,0.0,0.121
60,2022-07-18 17:50:00,0.0,0.1205
60,2022-07-18 17:55:00,0.0,0.1255
60,2022-07-18 18:00:00,0.0,0.1155
60,2022-07-18 18:05:00,0.0,0.104
60,2022-07-18 18:10:00,0.0,0.105
60,2022-07-18 18:15:00,0.0,0.1065
60,2022-07-18 18:20:00,0.0,0.1349
60,2022-07-18 18:25:00,0.0,0.1494
60,2022-07-18 18:30:00,0.0,0.1294
60,2022-07-18 18:35:00,0.0,0.1459
60,2022-07-18 18:40:00,0.0,0.1139
60,2022-07-18 18:45:00,0.0,0.1239
60,2022-07-18 18:50:00,0.0,0.1228
60,2022-07-18 18:55:00,0.0,0.1603
60,2022-07-18 19:00:00,0.0,0.1268
60,2022-07-18 19:05:00,0.0,0.0933
60,2022-07-18 19:10:00,0.0,0.1198
60,2022-07-18 19:15:00,0.0,0.1018
60,2022-07-18 19:20:00,0.0,0.0912
60,2022-07-18 19:25:00,0.0,0.1107
60,2022-07-18 19:30:00,0.0,0.0777
60,2022-07-18 19:35:00,0.0,0.0862
60,2022-07-18 19:40:00,0.0,0.0887
60,2022-07-18 19:45:00,0.0,0.1137
60,2022-07-18 19:50:00,0.0,0.1051
60,2022-07-18 19:55:00,0.0,0.0951
60,2022-07-18 20:00:00,0.0,0.1196
60,2022-07-18 20:05:00,0.0,0.0996
60,2022-07-18 20:10:00,0.0,0.0976
60,2022-07-18 20:15:00,0.0,0.0941
60,2022-07-18 20:20:00,0.0,0.1194
60,2022-07-18 20:25:00,0.0,0.1145
60,2022-07-18 20:30:00,0.0,0.1175
60,2022-07-18 20:35:00,0.0,0.105
60,2022-07-18 20:40:00,0.0,0.1243
60,2022-07-18 20:45:00,0.0,0.134
60,2022-07-18 20:50:00,0.0,0.1334
60,2022-07-18 20:55:00,0.0,0.1164
60,2022-07-18 21:00:00,0.0,0.1479
60,2022-07-18 21:05:00,0.0,0.1569
60,2022-07-18 21:10:00,0.0,0.1049
60,2022-07-18 21:15:00,0.0,0.1139
60,2022-07-18 21:20:00,0.0,0.1233
60,2022-07-18 21:25:00,0.0,0.1508
60,2022-07-18 21:30:00,0.0,0.1283
60,2022-07-18 21:35:00,0.0,0.0873
60,2022-07-18 21:40:00,0.0,0.1003
60,2022-07-18 21:45:00,0.0,0.1343
60,2022-07-18 21:50:00,0.0,0.1392
60,2022-07-18 21:55:00,0.0,0.1357
60,2022-07-18 22:00:00,0.0,0.1337
60,2022-07-18 22:05:00,0.0,0.1322
60,2022-07-18 22:10:00,0.0,0.1287
60,2022-07-18 22:15:00,0.0,0.1232
60,2022-07-18 22:20:00,0.0,0.1361
60,2022-07-18 22:25:00,0.0,0.1221
60,2022-07-18 22:30:00,0.0,0.1099
60,2022-07-18 22:35:00,0.0,0.1074
60,2022-07-18 22:40:00,0.0,0.1366
60,2022-07-18 22:45:00,0.0,0.1076
60,2022-07-18 22:50:00,0.0,0.098
60,2022-07-18 22:55:00,0.0,0.091
60,2022-07-18 23:00:00,0.0,0.088
60,2022-07-18 23:05:00,0.0,0.0885
60,2022-07-18 23:10:00,0.0,0.096
60,2022-07-18 23:15:00,0.0,0.0945
60,2022-07-18 23:20:00,0.0,0.0869
60,2022-07-18 23:25:00,0.0,0.0944
60,2022-07-18 23:30:00,0.0,0.1129
60,2022-07-18 23:35:00,0.0,0.1074
60,2022-07-18 23:40:00,0.0,0.0964
60,2022-07-18 23:45:00,0.0,0.0814
60,2022-07-18 23:50:00,0.0,0.0893
60,2022-07-18 23:55:00,0.0,0.0973
60,2022-07-19 00:00:00,0.0,0.1198
60,2022-07-19 00:05:00,0.0,0.0903
60,2022-07-19 00:10:00,0.0,0.0893
60,2022-07-19 00:15:00,0.0,0.0823
60,2022-07-19 00:20:00,0.0,0.0977
60,2022-07-19 00:25:00,0.0,0.0937
60,2022-07-19 00:30:00,0.0,0.0922
60,2022-07-19 00:35:00,0.0,0.0897
60,2022-07-19 00:40:00,0.0,0.0872
60,2022-07-19 00:45:00,0.0,0.1037
60,2022-07-19 00:50:00,0.0,0.0971
60,2022-07-19 00:55:00,0.0,0.0841
60,2022-07-19 01:00:00,0.0,0.0711
60,2022-07-19 01:05:00,0.0,0.0801
60,2022-07-19 01:10:00,0.0,0.0816
60,2022-07-19 01:15:00,0.0,0.0851
60,2022-07-19 01:20:00,0.0,0.075
60,2022-07-19 01:25:00,0.0,0.0865
60,2022-07-19 01:30:00,0.0,0.0935
60,2022-07-19 01:35:00,0.0,0.09
60,2022-07-19 01:40:00,0.0,0.0965
60,2022-07-19 01:45:00,0.0,0.0865
60,2022-07-19 01:50:00,0.0,0.0824
60,2022-07-19 01:55:00,0.0,0.0714
60,2022-07-19 02:00:00,0.0,0.0864
60,2022-07-19 02:05:00,0.0,0.0789
60,2022-07-19 02:10:00,0.0,0.0879
60,2022-07-19 02:15:00,0.0,0.0874
60,2022-07-19 02:20:00,0.0,0.0814
60,2022-07-19 02:25:00,0.0,0.0758
60,2022-07-19 02:30:00,0.0,0.0833
60,2022-07-19 02:35:00,0.0,0.0748
60,2022-07-19 02:40:00,0.0,0.0743
60,2022-07-19 02:45:00,0.0,0.0718
60,2022-07-19 02:50:00,0.0,0.0783
60,2022-07-19 02:55:00,0.0,0.0782
60,2022-07-19 03:00:00,0.0,0.0732
61,2022-07-20 20:50:00,0.0,0.0469
61,2022-07-20 20:55:00,0.0,0.0459
61,2022-07-20 21:00:00,0.0,0.0679
61,2022-07-20 21:05:00,0.0751,0.0479
61,2022-07-20 21:10:00,0.039,0.0299
61,2022-07-20 21:15:00,0.0,0.0479
61,2022-07-20 21:20:00,0.0,0.2768
61,2022-07-20 21:25:00,0.0,0.2068
61,2022-07-20 21:30:00,0.0,0.2348
61,2022-07-20 21:35:00,0.0,0.2726
61,2022-07-20 21:40:00,0.0,0.312
61,2022-07-20 21:45:00,0.0,0.2708
61,2022-07-20 21:50:00,0.0,0.2087
61,2022-07-20 21:55:00,0.0,0.2207
61,2022-07-20 22:00:00,0.0,0.2027
61,2022-07-20 22:05:00,0.0,0.1697
61,2022-07-20 22:10:00,0.0,0.1677
61,2022-07-20 22:15:00,0.0,0.1417
61,2022-07-20 22:20:00,0.0,0.1486
61,2022-07-20 22:25:00,0.0,0.1456
61,2022-07-20 22:30:00,0.0,0.1336
61,2022-07-20 22:35:00,0.0,0.1106
61,2022-07-20 22:40:00,0.0,0.1286
61,2022-07-20 22:45:00,0.0,0.1446
61,2022-07-20 22:50:00,0.0,0.1305
61,2022-07-20 22:55:00,0.0,0.1215
61,2022-07-20 23:00:00,0.0,0.1214
61,2022-07-20 23:05:00,0.0,0.1169
61,2022-07-20 23:10:00,0.0,0.1125
61,2022-07-20 23:15:00,0.0,0.1105
61,2022-07-20 23:20:00,0.0,0.0964
61,2022-07-20 23:25:00,0.0,0.1084
61,2022-07-20 23:30:00,0.0,0.1094
61,2022-07-20 23:35:00,0.0,0.1124
61,2022-07-20 23:40:00,0.0,0.1124
61,2022-07-20 23:45:00,0.0,0.0964
61,2022-07-20 23:50:00,0.0,0.0863
61,2022-07-20 23:55:00,0.0,0.1013
61,2022-07-21 00:00:00,0.0,0.0933
61,2022-07-21 00:05:00,0.0,0.0953
61,2022-07-21 00:10:00,0.0,0.0753
61,2022-07-21 00:15:00,0.0,0.0963
62,2022-07-24 20:40:00,0.0,0.0073
62,2022-07-24 20:45:00,0.0,0.0117
62,2022-07-24 20:50:00,0.0,0.0002
62,2022-07-24 20:55:00,0.0376,0.0087
62,2022-07-24 21:00:00,0.0,0.0051
62,2022-07-24 21:05:00,0.0,0.0136
62,2022-07-24 21:10:00,0.0,0.0185
62,2022-07-24 21:15:00,0.0,0.0265
62,2022-07-24 21:20:00,0.0,0.022
62,2022-07-24 21:25:00,0.0,0.0139
62,2022-07-24 21:30:00,0.0,0.0214
62,2022-07-24 21:35:00,0.0,0.0289
62,2022-07-24 21:40:00,0.0,0.0148
62,2022-07-24 21:45:00,0.0,0.0158
62,2022-07-24 21:50:00,0.0,0.0217
62,2022-07-24 21:55:00,0.0,0.0157
62,2022-07-24 22:00:00,0.0,0.0212
62,2022-07-24 22:05:00,0.0,0.0141
62,2022-07-24 22:10:00,0.0,0.0061
62,2022-07-24 22:15:00,0.0,0.0136
62,2022-07-24 22:20:00,0.0,0.016
62,2022-07-24 22:25:00,0.0,0.0185
62,2022-07-24 22:30:00,0.0,0.0104
62,2022-07-24 22:35:00,0.0,0.0154
62,2022-07-24 22:40:00,0.0,0.0169
62,2022-07-24 22:45:00,0.0,0.0098
62,2022-07-24 22:50:00,0.0,0.0113
62,2022-07-24 22:55:00,0.0,-0.0218
62,2022-07-24 23:00:00,0.0,-0.0108
62,2022-07-24 23:05:00,0.0,0.0017
62,2022-07-24 23:10:00,0.0,-0.0164
62,2022-07-24 23:15:00,0.0,-0.0069
62,2022-07-24 23:20:00,0.0,-0.0039
62,2022-07-24 23:25:00,0.0,0.0024
62,2022-07-24 23:30:00,0.0,0.0175
62,2022-07-24 23:35:00,0.0,-0.0031
62,2022-07-24 23:40:00,0.0,-0.0094
62,2022-07-24 23:45:00,0.0,0.0009
62,2022-07-24 23:50:00,0.0,-0.0052
62,2022-07-24 23:55:00,0.0,0.0003
63,2022-07-27 04:35:00,0.0,0.035
63,2022-07-27 04:40:00,0.0,0.025
63,2022-07-27 04:45:00,0.001,0.015
63,2022-07-27 04:50:00,0.005,0.0205
63,2022-07-27 04:55:00,0.008,0.033
63,2022-07-27 05:00:00,0.01,0.0156
63,2022-07-27 05:05:00,0.007,0.0126
63,2022-07-27 05:10:00,0.006,0.0266
63,2022-07-27 05:15:00,0.01,0.0096
63,2022-07-27 05:20:00,0.009,0.0369
63,2022-07-27 05:25:00,0.012,0.042
63,2022-07-27 05:30:00,0.015,0.0515
63,2022-07-27 05:35:00,0.01,0.0416
63,2022-07-27 05:40:00,0.003,0.0436
63,2022-07-27 05:45:00,0.0,0.057
63,2022-07-27 05:50:00,0.0,0.0826
63,2022-07-27 05:55:00,0.0,0.1
63,2022-07-27 06:00:00,0.0,0.1248
63,2022-07-27 06:05:00,0.0,0.1166
63,2022-07-27 06:10:00,0.0,0.0886
63,2022-07-27 06:15:00,0.0,0.0976
63,2022-07-27 06:20:00,0.0,0.0921
63,2022-07-27 06:25:00,0.0,0.0887
63,2022-07-27 06:30:00,0.004,0.1087
63,2022-07-27 06:35:00,0.012,0.0537
63,2022-07-27 06:40:00,0.002,0.0392
63,2022-07-27 06:45:00,0.001,0.0852
63,2022-07-27 06:50:00,0.0,0.0642
63,2022-07-27 06:55:00,0.0,0.0447
63,2022-07-27 07:00:00,0.002,0.0732
63,2022-07-27 07:05:00,0.018,0.0807
63,2022-07-27 07:10:00,0.02,0.0612
63,2022-07-27 07:15:00,0.003,0.0392
63,2022-07-27 07:20:00,0.004,0.0682
63,2022-07-27 07:25:00,0.006,0.2402
63,2022-07-27 07:30:00,0.003,0.1767
63,2022-07-27 07:35:00,0.003,0.1152
63,2022-07-27 07:40:00,0.005,0.1427
63,2022-07-27 07:45:00,0.006,0.0973
63,2022-07-27 07:50:00,0.004,0.0898
63,2022-07-27 07:55:00,0.001,0.1118
63,2022-07-27 08:00:00,0.001,0.1768
63,2022-07-27 08:05:00,0.004,0.1828
63,2022-07-27 08:10:00,0.003,0.1773
63,2022-07-27 08:15:00,0.001,0.1548
63,2022-07-27 08:20:00,0.0,0.1388
63,2022-07-27 08:25:00,0.004,0.1583
63,2022-07-27 08:30:00,0.004,0.1143
63,2022-07-27 08:35:00,0.004,0.1073
63,2022-07-27 08:40:00,0.004,0.1418
63,2022-07-27 08:45:00,0.003,0.1418
63,2022-07-27 08:50:00,0.0,0.1108
63,2022-07-27 08:55:00,0.0,0.1603
63,2022-07-27 09:00:00,0.0,0.1263
63,2022-07-27 09:05:00,0.0,0.1948
63,2022-07-27 09:10:00,0.0,0.1274
63,2022-07-27 09:15:00,0.003,0.1689
63,2022-07-27 09:20:00,0.015,0.1218
63,2022-07-27 09:25:00,0.014,0.1319
63,2022-07-27 09:30:00,0.004,0.1429
63,2022-07-27 09:35:00,0.003,0.1259
63,2022-07-27 09:40:00,0.006,0.1598
63,2022-07-27 09:45:00,0.005,0.1608
63,2022-07-27 09:50:00,0.003,0.1619
63,2022-07-27 09:55:00,0.004,0.2079
63,2022-07-27 10:00:00,0.007,0.1873
63,2022-07-27 10:05:00,0.017,0.2064
63,2022-07-27 10:10:00,0.024,0.2019
63,2022-07-27 10:15:00,0.019,0.1759
63,2022-07-27 10:20:00,0.015,0.2114
63,2022-07-27 10:25:00,0.01,0.3069
63,2022-07-27 10:30:00,0.006,0.311
63,2022-07-27 10:35:00,0.006,0.3755
63,2022-07-27 10:40:00,0.008,0.335
63,2022-07-27 10:45:00,0.006,0.3245
63,2022-07-27 10:50:00,0.002,0.324
63,2022-07-27 10:55:00,0.0,0.3055
63,2022-07-27 11:00:00,0.0,0.297
63,2022-07-27 11:05:00,0.0,0.309
63,2022-07-27 11:10:00,0.0,0.3245
63,2022-07-27 11:15:00,0.0,0.3105
63,2022-07-27 11:20:00,0.0,0.3335
63,2022-07-27 11:25:00,0.0,0.2775
63,2022-07-27 11:30:00,0.0,0.258
63,2022-07-27 11:35:00,0.0,0.2595
63,2022-07-27 11:40:00,0.0,0.2805
63,2022-07-27 11:45:00,0.0,0.2145
63,2022-07-27 11:50:00,0.0,0.2306
63,2022-07-27 11:55:00,0.0,0.2076
63,2022-07-27 12:00:00,0.0,0.1951
63,2022-07-27 12:05:00,0.0,0.2116
63,2022-07-27 12:10:00,0.0,0.1561
63,2022-07-27 12:15:00,0.0,0.1731
63,2022-07-27 12:20:00,0.0,0.1881
63,2022-07-27 12:25:00,0.0,0.1695
63,2022-07-27 12:30:00,0.0,0.1931
63,2022-07-27 12:35:00,0.0,0.1995
63,2022-07-27 12:40:00,0.0,0.1706
63,2022-07-27 12:45:00,0.0,0.1696
63,2022-07-27 12:50:00,0.0,0.1726
63,2022-07-27 12:55:00,0.0,0.1826
63,2022-07-27 13:00:00,0.0,0.1476
63,2022-07-27 13:05:00,0.0,0.1731
63,2022-07-27 13:10:00,0.0,0.1336
63,2022-07-27 13:15:00,0.0,0.1596
63,2022-07-27 13:20:00,0.0,0.1697
63,2022-07-27 13:25:00,0.0,0.1812
63,2022-07-27 13:30:00,0.0,0.1327
63,2022-07-27 13:35:00,0.0,0.1552
63,2022-07-27 13:40:00,0.0,0.1422
63,2022-07-27 13:45:00,0.0,0.1467
63,2022-07-27 13:50:00,0.0,0.1056
63,2022-07-27 13:55:00,0.0,0.0937
63,2022-07-27 14:00:00,0.0,0.1057
63,2022-07-27 14:05:00,0.0,0.1097
63,2022-07-27 14:10:00,0.0,0.1096
63,2022-07-27 14:15:00,0.0,0.1537
63,2022-07-27 14:20:00,0.0,0.1517
63,2022-07-27 14:25:00,0.0,0.1292
63,2022-07-27 14:30:00,0.0,0.0922
63,2022-07-27 14:35:00,0.0,0.0913
63,2022-07-27 14:40:00,0.0,0.1122
63,2022-07-27 14:45:00,0.0,0.0828
63,2022-07-27 14:50:00,0.0,0.1058
63,2022-07-27 14:55:00,0.0,0.1028
63,2022-07-27 15:00:00,0.0,0.1238
63,2022-07-27 15:05:00,0.0,0.1103
63,2022-07-27 15:10:00,0.0,0.0882
63,2022-07-27 15:15:00,0.0,0.0453
63,2022-07-27 15:20:00,0.0,0.0708
63,2022-07-27 15:25:00,0.0,0.0963
63,2022-07-27 15:30:00,0.0,0.0658
63,2022-07-27 15:35:00,0.0,0.0713
63,2022-07-27 15:40:00,0.0,0.0823
63,2022-07-27 15:45:00,0.0,0.0703
63,2022-07-27 15:50:00,0.0,0.1183
63,2022-07-27 15:55:00,0.0,0.0808
63,2022-07-27 16:00:00,0.0,0.0674
63,2022-07-27 16:05:00,0.0,0.0819
63,2022-07-27 16:10:00,0.0,0.0814
63,2022-07-27 16:15:00,0.0,0.0929
63,2022-07-27 16:20:00,0.0,0.0919
63,2022-07-27 16:25:00,0.0,0.0908
63,2022-07-27 16:30:00,0.0,0.0979
63,2022-07-27 16:35:00,0.0,0.0838
63,2022-07-27 16:40:00,0.0,0.0779
63,2022-07-27 16:45:00,0.0,0.0874
63,2022-07-27 16:50:00,0.0,0.0808
63,2022-07-27 16:55:00,0.0,0.0849
63,2022-07-27 17:00:00,0.0,0.1039
63,2022-07-27 17:05:00,0.0,0.1184
63,2022-07-27 17:10:00,0.0,0.1049
63,2022-07-27 17:15:00,0.0,0.1089
63,2022-07-27 17:20:00,0.0,0.094
63,2022-07-27 17:25:00,0.0,0.102
63,2022-07-27 17:30:00,0.0,0.102
63,2022-07-27 17:35:00,0.0,0.0805
63,2022-07-27 17:40:00,0.0,0.086
63,2022-07-27 17:45:00,0.0,0.09
63,2022-07-27 17:50:00,0.0,0.095
63,2022-07-27 17:55:00,0.0,0.098
63,2022-07-27 18:00:00,0.0,0.092
63,2022-07-27 18:05:00,0.0,0.0805
63,2022-07-27 18:10:00,0.0,0.0645
63,2022-07-27 18:15:00,0.0,0.0735
63,2022-07-27 18:20:00,0.0,0.0545
63,2022-07-27 18:25:00,0.0,0.057
63,2022-07-27 18:30:00,0.0,0.0385
63,2022-07-27 18:35:00,0.0,0.0405
63,2022-07-27 18:40:00,0.0,0.0845
63,2022-07-27 18:45:00,0.0,0.0506
63,2022-07-27 18:50:00,0.0,0.0676
63,2022-07-27 18:55:00,0.0,0.0336
63,2022-07-27 19:00:00,0.0,0.0386
63,2022-07-27 19:05:00,0.0,0.0616
63,2022-07-27 19:10:00,0.0,0.0206
63,2022-07-27 19:15:00,0.0,0.0366
63,2022-07-27 19:20:00,0.0,0.0256
63,2022-07-27 19:25:00,0.0,0.0236
63,2022-07-27 19:30:00,0.0,0.0316
63,2022-07-27 19:35:00,0.0,0.0226
63,2022-07-27 19:40:00,0.0,0.0216
63,2022-07-27 19:45:00,0.0,0.0406
63,2022-07-27 19:50:00,0.0,0.0316
63,2022-07-27 19:55:00,0.0,0.0336
63,2022-07-27 20:00:00,0.0,0.0446
63,2022-07-27 20:05:00,0.0,0.0307
63,2022-07-27 20:10:00,0.0,0.0407
63,2022-07-27 20:15:00,0.0,0.0507
63,2022-07-27 20:20:00,0.0,0.0517
63,2022-07-27 20:25:00,0.0,0.0567
63,2022-07-27 20:30:00,0.0,0.0467
63,2022-07-27 20:35:00,0.0,0.0597
63,2022-07-27 20:40:00,0.0,0.0557
63,2022-07-27 20:45:00,0.0,0.0247
63,2022-07-27 20:50:00,0.0,0.0397
63,2022-07-27 20:55:00,0.0,0.0367
63,2022-07-27 21:00:00,0.0,0.0657
63,2022-07-27 21:05:00,0.0,0.0597
63,2022-07-27 21:10:00,0.0,0.0707
63,2022-07-27 21:15:00,0.0,0.0597
63,2022-07-27 21:20:00,0.0,0.0317
63,2022-07-27 21:25:00,0.0,0.0217
63,2022-07-27 21:30:00,0.0,0.0638
63,2022-07-27 21:35:00,0.0,0.0515
63,2022-07-27 21:40:00,0.0,0.059
63,2022-07-27 21:45:00,0.0,0.0478
63,2022-07-27 21:50:00,0.0,0.0428
63,2022-07-27 21:55:00,0.0,0.0788
63,2022-07-27 22:00:00,0.0,0.0418
63,2022-07-27 22:05:00,0.0,0.0448
63,2022-07-27 22:10:00,0.0,0.0638
63,2022-07-27 22:15:00,0.0,0.0538
63,2022-07-27 22:20:00,0.0,0.0428
63,2022-07-27 22:25:00,0.0,0.0588
63,2022-07-27 22:30:00,0.0,0.0418
63,2022-07-27 22:35:00,0.0,0.0308
63,2022-07-27 22:40:00,0.0,0.0538
63,2022-07-27 22:45:00,0.0,0.0508
63,2022-07-27 22:50:00,0.0,0.0489
63,2022-07-27 22:55:00,0.0,0.0339
63,2022-07-27 23:00:00,0.0,0.0407
63,2022-07-27 23:05:00,0.0,0.0283
63,2022-07-27 23:10:00,0.0,0.0279
63,2022-07-27 23:15:00,0.0,0.0229
63,2022-07-27 23:20:00,0.0,0.0239
63,2022-07-27 23:25:00,0.0,0.0329
63,2022-07-27 23:30:00,0.0,0.0439
63,2022-07-27 23:35:00,0.0,0.0319
63,2022-07-27 23:40:00,0.0,0.0339
63,2022-07-27 23:45:00,0.0,0.0279
63,2022-07-27 23:50:00,0.0,0.0339
63,2022-07-27 23:55:00,0.0,0.0419
63,2022-07-28 00:00:00,0.0,0.0379
63,2022-07-28 00:05:00,0.0,0.0259
63,2022-07-28 00:10:00,0.0,0.0179
63,2022-07-28 00:15:00,0.0,0.024
63,2022-07-28 00:20:00,0.0,0.026
63,2022-07-28 00:25:00,0.0,0.038
63,2022-07-28 00:30:00,0.0,0.038
63,2022-07-28 00:35:00,0.0,0.043
63,2022-07-28 00:40:00,0.0,0.041
63,2022-07-28 00:45:00,0.0,0.027
63,2022-07-28 00:50:00,0.0,0.038
63,2022-07-28 00:55:00,0.0,0.024
63,2022-07-28 01:00:00,0.0,0.027
63,2022-07-28 01:05:00,0.0,0.021
63,2022-07-28 01:10:00,0.0,0.022
63,2022-07-28 01:15:00,0.0,0.028
63,2022-07-28 01:20:00,0.0,0.03
63,2022-07-28 01:25:00,0.0,0.028
63,2022-07-28 01:30:00,0.0,0.017
63,2022-07-28 01:35:00,0.0,0.0237
63,2022-07-28 01:40:00,0.0,0.0331
63,2022-07-28 01:45:00,0.0,0.0301
63,2022-07-28 01:50:00,0.0,0.0341
63,2022-07-28 01:55:00,0.0,0.0341
63,2022-07-28 02:00:00,0.0,0.0391
63,2022-07-28 02:05:00,0.0,0.0341
63,2022-07-28 02:10:00,0.0,0.0301
63,2022-07-28 02:15:00,0.0,0.0281
63,2022-07-28 02:20:00,0.0,0.0371
63,2022-07-28 02:25:00,0.0,0.0361
63,2022-07-28 02:30:00,0.0,0.0421
63,2022-07-28 02:35:00,0.0,0.0371
63,2022-07-28 02:40:00,0.0,0.0261
63,2022-07-28 02:45:00,0.0,0.0211
63,2022-07-28 02:50:00,0.0,0.0301
63,2022-07-28 02:55:00,0.0,0.0222
63,2022-07-28 03:00:00,0.0,0.0262
63,2022-07-28 03:05:00,0.0,0.0332
63,2022-07-28 03:10:00,0.0,0.0312
63,2022-07-28 03:15:00,0.0,0.0362
63,2022-07-28 03:20:00,0.0,0.0322
63,2022-07-28 03:25:00,0.0,0.0362
63,2022-07-28 03:30:00,0.0,0.0372
63,2022-07-28 03:35:00,0.0,0.0352
63,2022-07-28 03:40:00,0.0,0.0412
63,2022-07-28 03:45:00,0.0,0.0342
63,2022-07-28 03:50:00,0.0,0.0332
63,2022-07-28 03:55:00,0.0,0.0372
63,2022-07-28 04:00:00,0.0,0.0522
63,2022-07-28 04:05:00,0.0,0.0452
63,2022-07-28 04:10:00,0.0,0.0412
63,2022-07-28 04:15:00,0.0,0.0332
63,2022-07-28 04:20:00,0.0,0.0293
63,2022-07-28 04:25:00,0.0,0.0293
63,2022-07-28 04:30:00,0.0,0.028
63,2022-07-28 04:35:00,0.0,0.0363
63,2022-07-28 04:40:00,0.0,0.0303
63,2022-07-28 04:45:00,0.0,0.0293
63,2022-07-28 04:50:00,0.0,0.0133
63,2022-07-28 04:55:00,0.0,0.0223
63,2022-07-28 05:00:00,0.0,0.0203
63,2022-07-28 05:05:00,0.0,0.0213
63,2022-07-28 05:10:00,0.0,0.0253
63,2022-07-28 05:15:00,0.0,0.0233
63,2022-07-28 05:20:00,0.0,0.0272
63,2022-07-28 05:25:00,0.0,0.0099
63,2022-07-28 05:30:00,0.0,0.0123
63,2022-07-28 05:35:00,0.0,0.0093
63,2022-07-28 05:40:00,0.0,0.0084
63,2022-07-28 05:45:00,0.0,0.0044
63,2022-07-28 05:50:00,0.0,0.0004
63,2022-07-28 05:55:00,0.0,0.0144
63,2022-07-28 06:00:00,0.0,0.0114
63,2022-07-28 06:05:00,0.0,0.0254
63,2022-07-28 06:10:00,0.0,0.0194
63,2022-07-28 06:15:00,0.0,0.0184
63,2022-07-28 06:20:00,0.0,0.0644
63,2022-07-28 06:25:00,0.0,0.0574
63,2022-07-28 06:30:00,0.0,0.0414
63,2022-07-28 06:35:00,0.0,0.0304
63,2022-07-28 06:40:00,0.0,0.0184
63,2022-07-28 06:45:00,0.0,0.0074
63,2022-07-28 06:50:00,0.0,0.0154
63,2022-07-28 06:55:00,0.0,0.0274
63,2022-07-28 07:00:00,0.0,0.0174
63,2022-07-28 07:05:00,0.0,0.0185
63,2022-07-28 07:10:00,0.0,0.0085
63,2022-07-28 07:15:00,0.0,0.0285
63,2022-07-28 07:20:00,0.0,0.0255
63,2022-07-28 07:25:00,0.0,0.0275
63,2022-07-28 07:30:00,0.0,0.0285
63,2022-07-28 07:35:00,0.0,0.0365
63,2022-07-28 07:40:00,0.0,0.0405
63,2022-07-28 07:45:00,0.0,0.0185
63,2022-07-28 07:50:00,0.0,0.0325
63,2022-07-28 07:55:00,0.0,0.0295
63,2022-07-28 08:00:00,0.0,0.0285
63,2022-07-28 08:05:00,0.0,0.0575
63,2022-07-28 08:10:00,0.0,0.0475
63,2022-07-28 08:15:00,0.0,0.0505
63,2022-07-28 08:20:00,0.0,0.0585
63,2022-07-28 08:25:00,0.0,0.0476
63,2022-07-28 08:30:00,0.0,0.0336
63,2022-07-28 08:35:00,0.0,0.0476
63,2022-07-28 08:40:00,0.0,0.0436
63,2022-07-28 08:45:00,0.0,0.0266
63,2022-07-28 08:50:00,0.0,0.0216
63,2022-07-28 08:55:00,0.0,0.0386
63,2022-07-28 09:00:00,0.0,0.0306
63,2022-07-28 09:05:00,0.0,0.0276
63,2022-07-28 09:10:00,0.0,0.0316
63,2022-07-28 09:15:00,0.0,0.0286
63,2022-07-28 09:20:00,0.0,0.0116
63,2022-07-28 09:25:00,0.0,0.0366
63,2022-07-28 09:30:00,0.0,0.0296
63,2022-07-28 09:35:00,0.0,0.0466
63,2022-07-28 09:40:00,0.0,0.0136
63,2022-07-28 09:45:00,0.0,0.0306
63,2022-07-28 09:50:00,0.0,0.0367
63,2022-07-28 09:55:00,0.0,0.0337
63,2022-07-28 10:00:00,0.0,0.0567
63,2022-07-28 10:05:00,0.0,0.0467
63,2022-07-28 10:10:00,0.0,0.0657
63,2022-07-28 10:15:00,0.0,0.0247
63,2022-07-28 10:20:00,0.0,0.0147
63,2022-07-28 10:25:00,0.0,0.0147
63,2022-07-28 10:30:00,0.0,0.0367
63,2022-07-28 10:35:00,0.0,0.0407
63,2022-07-28 10:40:00,0.0,0.0267
63,2022-07-28 10:45:00,0.0,0.0327
63,2022-07-28 10:50:00,0.0,0.0487
63,2022-07-28 10:55:00,0.0,0.0257
63,2022-07-28 11:00:00,0.0,0.0107
63,2022-07-28 11:05:00,0.0,0.0177
63,2022-07-28 11:10:00,0.0,0.0418
63,2022-07-28 11:15:00,0.0,0.0238
63,2022-07-28 11:20:00,0.0,0.0248
63,2022-07-28 11:25:00,0.0,0.0298
63,2022-07-28 11:30:00,0.0,0.0288
63,2022-07-28 11:35:00,0.0,0.0362
63,2022-07-28 11:40:00,0.0,0.0238
63,2022-07-28 11:45:00,0.0,0.0264
63,2022-07-28 11:50:00,0.0,0.0198
63,2022-07-28 11:55:00,0.0,0.0198
63,2022-07-28 12:00:00,0.0,0.0188
64,2022-07-29 02:20:00,0.0,0.0079
64,2022-07-29 02:25:00,0.0,0.0219
64,2022-07-29 02:30:00,0.0,0.0269
64,2022-07-29 02:35:00,0.0376,0.0289
64,2022-07-29 02:40:00,0.0,0.0229
64,2022-07-29 02:45:00,0.0376,0.0279
64,2022-07-29 02:50:00,0.0,0.0359
64,2022-07-29 02:55:00,0.0376,0.1489
64,2022-07-29 03:00:00,0.0,0.2339
64,2022-07-29 03:05:00,0.0,0.1499
64,2022-07-29 03:10:00,0.0,0.1099
64,2022-07-29 03:15:00,0.0,0.0869
64,2022-07-29 03:20:00,0.0,0.0669
64,2022-07-29 03:25:00,0.0,0.0599
64,2022-07-29 03:30:00,0.0,0.0789
64,2022-07-29 03:35:00,0.0,0.0739
64,2022-07-29 03:40:00,0.0,0.0658
64,2022-07-29 03:45:00,0.0,0.062
64,2022-07-29 03:50:00,0.0,0.068
64,2022-07-29 03:55:00,0.0,0.0567
64,2022-07-29 04:00:00,0.0,0.044
64,2022-07-29 04:05:00,0.0,0.043
64,2022-07-29 04:10:00,0.0,0.055
64,2022-07-29 04:15:00,0.0,0.052
64,2022-07-29 04:20:00,0.0,0.058
64,2022-07-29 04:25:00,0.0,0.0486
64,2022-07-29 04:30:00,0.0,0.045
64,2022-07-29 04:35:00,0.0,0.0518
64,2022-07-29 04:40:00,0.0,0.036
64,2022-07-29 04:45:00,0.0,0.038
64,2022-07-29 04:50:00,0.0,0.04
64,2022-07-29 04:55:00,0.0,0.032
64,2022-07-29 05:00:00,0.0,0.0241
64,2022-07-29 05:05:00,0.0,0.0311
64,2022-07-29 05:10:00,0.0,0.0181
64,2022-07-29 05:15:00,0.0,0.0281
64,2022-07-29 05:20:00,0.0,0.0491
64,2022-07-29 05:25:00,0.0,0.0441
64,2022-07-29 05:30:00,0.0,0.0391
64,2022-07-29 05:35:00,0.0,0.0321
64,2022-07-29 05:40:00,0.0,0.0331
64,2022-07-29 05:45:00,0.0,0.0341
64,2022-07-29 05:50:00,0.0,0.0261
64,2022-07-29 05:55:00,0.0,0.0181
64,2022-07-29 06:00:00,0.0,0.0201
65,2022-07-31 04:10:00,0.001,-0.0256
65,2022-07-31 04:15:00,0.002,-0.0241
65,2022-07-31 04:20:00,0.002,-0.0197
65,2022-07-31 04:25:00,0.003,-0.0217
65,2022-07-31 04:30:00,0.004,-0.0156
65,2022-07-31 04:35:00,0.004,-0.0287
65,2022-07-31 04:40:00,0.003,-0.026
65,2022-07-31 04:45:00,0.002,-0.0182
65,2022-07-31 04:50:00,0.002,-0.0143
65,2022-07-31 04:55:00,0.002,-0.0238
65,2022-07-31 05:00:00,0.003,-0.0202
65,2022-07-31 05:05:00,0.003,-0.0133
65,2022-07-31 05:10:00,0.003,-0.0093
65,2022-07-31 05:15:00,0.004,-0.0103
65,2022-07-31 05:20:00,0.004,-0.0154
65,2022-07-31 05:25:00,0.005,-0.0089
65,2022-07-31 05:30:00,0.006,-0.0109
65,2022-07-31 05:35:00,0.006,0.0019
65,2022-07-31 05:40:00,0.006,0.0121
65,2022-07-31 05:45:00,0.006,0.0126
65,2022-07-31 05:50:00,0.006,0.0215
65,2022-07-31 05:55:00,0.008,0.0237
65,2022-07-31 06:00:00,0.009,0.02
65,2022-07-31 06:05:00,0.008,0.0415
65,2022-07-31 06:10:00,0.007,0.0531
65,2022-07-31 06:15:00,0.008,0.0689
65,2022-07-31 06:20:00,0.012,0.0781
65,2022-07-31 06:25:00,0.009,0.0892
65,2022-07-31 06:30:00,0.014,0.1204
65,2022-07-31 06:35:00,0.014,0.1404
65,2022-07-31 06:40:00,0.018,0.1594
65,2022-07-31 06:45:00,0.017,0.1853
65,2022-07-31 06:50:00,0.007,0.1743
65,2022-07-31 06:55:00,0.003,0.2343
65,2022-07-31 07:00:00,0.001,0.2273
65,2022-07-31 07:05:00,0.002,0.2183
65,2022-07-31 07:10:00,0.004,0.2183
65,2022-07-31 07:15:00,0.011,0.2087
65,2022-07-31 07:20:00,0.008,0.1567
65,2022-07-31 07:25:00,0.008,0.1487
65,2022-07-31 07:30:00,0.007,0.1384
65,2022-07-31 07:35:00,0.006,0.1512
65,2022-07-31 07:40:00,0.01,0.1642
65,2022-07-31 07:45:00,0.006,0.1417
65,2022-07-31 07:50:00,0.002,0.1866
65,2022-07-31 07:55:00,0.0,0.2168
65,2022-07-31 08:00:00,0.0,0.2256
65,2022-07-31 08:05:00,0.0,0.2051
65,2022-07-31 08:10:00,0.0,0.2385
65,2022-07-31 08:15:00,0.0,0.206
65,2022-07-31 08:20:00,0.0,0.201
65,2022-07-31 08:25:00,0.0,0.2205
65,2022-07-31 08:30:00,0.0,0.2415
65,2022-07-31 08:35:00,0.0,0.1895
65,2022-07-31 08:40:00,0.0,0.1879
65,2022-07-31 08:45:00,0.0,0.1899
65,2022-07-31 08:50:00,0.0,0.1668
65,2022-07-31 08:55:00,0.0,0.1644
65,2022-07-31 09:00:00,0.0,0.1029
65,2022-07-31 09:05:00,0.0,0.1049
65,2022-07-31 09:10:00,0.0,0.1393
65,2022-07-31 09:15:00,0.0,0.1158
65,2022-07-31 09:20:00,0.0,0.0768
65,2022-07-31 09:25:00,0.0,0.0853
65,2022-07-31 09:30:00,0.0,0.0893
65,2022-07-31 09:35:00,0.0,0.0613
65,2022-07-31 09:40:00,0.0,0.0437
65,2022-07-31 09:45:00,0.0,0.0637
65,2022-07-31 09:50:00,0.0,0.0797
65,2022-07-31 09:55:00,0.0,0.0657
65,2022-07-31 10:00:00,0.0,0.0767
65,2022-07-31 10:05:00,0.0,0.0781
65,2022-07-31 10:10:00,0.0,0.0696
65,2022-07-31 10:15:00,0.0,0.0546
65,2022-07-31 10:20:00,0.0,0.0346
65,2022-07-31 10:25:00,0.0,0.0471
65,2022-07-31 10:30:00,0.0,0.0311
65,2022-07-31 10:35:00,0.0,0.012
65,2022-07-31 10:40:00,0.0,0.0295
65,2022-07-31 10:45:00,0.0,0.0405
65,2022-07-31 10:50:00,0.0,0.041
65,2022-07-31 10:55:00,0.0,0.059
65,2022-07-31 11:00:00,0.0,0.0335
65,2022-07-31 11:05:00,0.0,0.0454
65,2022-07-31 11:10:00,0.0,0.0309
65,2022-07-31 11:15:00,0.0,0.0269
65,2022-07-31 11:20:00,0.0,0.0249
65,2022-07-31 11:25:00,0.0,0.0269
65,2022-07-31 11:30:00,0.0,0.0349
65,2022-07-31 11:35:00,0.0,0.0413
65,2022-07-31 11:40:00,0.0,0.0353
65,2022-07-31 11:45:00,0.0,0.0018
65,2022-07-31 11:50:00,0.0,0.0128
65,2022-07-31 11:55:00,0.0,0.0073
65,2022-07-31 12:00:00,0.0,-0.0018
65,2022-07-31 12:05:00,0.0,-0.0048
65,2022-07-31 12:10:00,0.0,-0.0073
65,2022-07-31 12:15:00,0.0,0.0117
65,2022-07-31 12:20:00,0.0,0.0317
65,2022-07-31 12:25:00,0.0,0.0232
65,2022-07-31 12:30:00,0.0,-0.0039
65,2022-07-31 12:35:00,0.0,0.0091
65,2022-07-31 12:40:00,0.0,0.0221
65,2022-07-31 12:45:00,0.0,0.0501
65,2022-07-31 12:50:00,0.0,0.0421
65,2022-07-31 12:55:00,0.0,0.0456
65,2022-07-31 13:00:00,0.0,0.0415
65,2022-07-31 13:05:00,0.0,0.0259
65,2022-07-31 13:10:00,0.0,0.021
65,2022-07-31 13:15:00,0.0,0.027
65,2022-07-31 13:20:00,0.0,0.044
65,2022-07-31 13:25:00,0.0,0.0284
65,2022-07-31 13:30:00,0.0,0.0079
65,2022-07-31 13:35:00,0.0,-0.0041
65,2022-07-31 13:40:00,0.0,0.0054
65,2022-07-31 13:45:00,0.0,0.0104
65,2022-07-31 13:50:00,0.0,0.0244
65,2022-07-31 13:55:00,0.0,0.0434
65,2022-07-31 14:00:00,0.0,0.0343
65,2022-07-31 14:05:00,0.0,0.0298
65,2022-07-31 14:10:00,0.0,-0.0007
65,2022-07-31 14:15:00,0.0,0.0203
65,2022-07-31 14:20:00,0.0,0.0218
65,2022-07-31 14:25:00,0.0,-0.0128
65,2022-07-31 14:30:00,0.0,0.0022
65,2022-07-31 14:35:00,0.0,0.0122
65,2022-07-31 14:40:00,0.0,0.0197
65,2022-07-31 14:45:00,0.0,0.0147
65,2022-07-31 14:50:00,0.0,0.0202
65,2022-07-31 14:55:00,0.0,-0.0034
66,2022-08-01 09:55:00,0.0,0.0557
66,2022-08-01 10:00:00,0.0,0.0487
66,2022-08-01 10:05:00,0.0,0.0411
66,2022-08-01 10:10:00,0.0376,0.0151
66,2022-08-01 10:15:00,0.0,0.0081
66,2022-08-01 10:20:00,0.0,-0.0089
66,2022-08-01 10:25:00,0.0,-0.0004
66,2022-08-01 10:30:00,0.0,0.0431
66,2022-08-01 10:35:00,0.0,0.0605
66,2022-08-01 10:40:00,0.0,0.072
66,2022-08-01 10:45:00,0.0376,0.157
66,2022-08-01 10:50:00,0.0,0.1035
66,2022-08-01 10:55:00,0.0,0.122
66,2022-08-01 11:00:00,0.0,0.1395
66,2022-08-01 11:05:00,0.0,0.1119
66,2022-08-01 11:10:00,0.0,0.1679
66,2022-08-01 11:15:00,0.0,0.1204
66,2022-08-01 11:20:00,0.0,0.1229
66,2022-08-01 11:25:00,0.0,0.1159
66,2022-08-01 11:30:00,0.0,0.1154
66,2022-08-01 11:35:00,0.0,0.1423
66,2022-08-01 11:40:00,0.0,0.1233
66,2022-08-01 11:45:00,0.0,0.0968
66,2022-08-01 11:50:00,0.0,0.1023
66,2022-08-01 11:55:00,0.0,0.0875
66,2022-08-01 12:00:00,0.0,0.0813
66,2022-08-01 12:05:00,0.0,0.0918
66,2022-08-01 12:10:00,0.0,0.0902
66,2022-08-01 12:15:00,0.0,0.1032
66,2022-08-01 12:20:00,0.0,0.0802
66,2022-08-01 12:25:00,0.0,0.1107
66,2022-08-01 12:30:00,0.0,0.1036
66,2022-08-01 12:35:00,0.0,0.1006
66,2022-08-01 12:40:00,0.0,0.0887
66,2022-08-01 12:45:00,0.0,0.0871
66,2022-08-01 12:50:00,0.0,0.0841
66,2022-08-01 12:55:00,0.0,0.1001
66,2022-08-01 13:00:00,0.0,0.0615
66,2022-08-01 13:05:00,0.0,0.082
66,2022-08-01 13:10:00,0.0,0.109
66,2022-08-01 13:15:00,0.0,0.0835
66,2022-08-01 13:20:00,0.0,0.082
66,2022-08-01 13:25:00,0.0,0.0815
66,2022-08-01 13:30:00,0.0,0.0694
66,2022-08-01 13:35:00,0.0,0.0844
66,2022-08-01 13:40:00,0.0,0.0849
66,2022-08-01 13:45:00,0.0,0.0604
66,2022-08-01 13:50:00,0.0,0.0709
67,2022-08-04 03:35:00,0.0,-0.0063
67,2022-08-04 03:40:00,0.0,0.0027
67,2022-08-04 03:45:00,0.0,0.0047
67,2022-08-04 03:50:00,0.0382,0.0037
67,2022-08-04 03:55:00,0.0,-0.0013
67,2022-08-04 04:00:00,0.0,0.0026
67,2022-08-04 04:05:00,0.0,0.0126
67,2022-08-04 04:10:00,0.0,0.0136
67,2022-08-04 04:15:00,0.0,0.0176
67,2022-08-04 04:20:00,0.0,0.0156
67,2022-08-04 04:25:00,0.0,0.0125
67,2022-08-04 04:30:00,0.0,0.0163
67,2022-08-04 04:35:00,0.0,0.0075
67,2022-08-04 04:40:00,0.0,-0.0015
67,2022-08-04 04:45:00,0.0,0.0105
67,2022-08-04 04:50:00,0.0,0.0184
67,2022-08-04 04:55:00,0.0,-0.0056
67,2022-08-04 05:00:00,0.0,-0.0186
67,2022-08-04 05:05:00,0.0,-0.0026
67,2022-08-04 05:10:00,0.0,-0.0106
67,2022-08-04 05:15:00,0.0,-0.0227
67,2022-08-04 05:20:00,0.0,-0.0029
67,2022-08-04 05:25:00,0.0,-0.0112
67,2022-08-04 05:30:00,0.0,-0.0057
67,2022-08-04 05:35:00,0.0,-0.0057
67,2022-08-04 05:40:00,0.0,-0.0078
67,2022-08-04 05:45:00,0.0,-0.0038
67,2022-08-04 05:50:00,0.0,-0.0088
67,2022-08-04 05:55:00,0.0,-0.0028
67,2022-08-04 06:00:00,0.0,-0.0058
67,2022-08-04 06:05:00,0.0,-0.0159
67,2022-08-04 06:10:00,0.0,-0.0169
67,2022-08-04 06:15:00,0.0,-0.0069
67,2022-08-04 06:20:00,0.0,0.0011
67,2022-08-04 06:25:00,0.0,-0.0059
67,2022-08-04 06:30:00,0.0,0.006
67,2022-08-04 06:35:00,0.0,-0.006
67,2022-08-04 06:40:00,0.0,-0.006
67,2022-08-04 06:45:00,0.0,-0.006
67,2022-08-04 06:50:00,0.0,-0.015
68,2022-08-04 16:35:00,0.0,0.0627
68,2022-08-04 16:40:00,0.0,0.0456
68,2022-08-04 16:45:00,0.0,0.0116
68,2022-08-04 16:50:00,0.039,0.0166
68,2022-08-04 16:55:00,0.0,0.0286
68,2022-08-04 17:00:00,0.0,0.0176
68,2022-08-04 17:05:00,0.0,0.0235
68,2022-08-04 17:10:00,0.0,0.0325
68,2022-08-04 17:15:00,0.0,0.0175
68,2022-08-04 17:20:00,0.0,0.0465
68,2022-08-04 17:25:00,0.0,0.0175
68,2022-08-04 17:30:00,0.0,0.0325
68,2022-08-04 17:35:00,0.0,0.0514
68,2022-08-04 17:40:00,0.0,0.0614
68,2022-08-04 17:45:00,0.0,0.0374
68,2022-08-04 17:50:00,0.0,0.0404
68,2022-08-04 17:55:00,0.0,0.0584
68,2022-08-04 18:00:00,0.0382,0.0593
68,2022-08-04 18:05:00,0.0,0.0303
68,2022-08-04 18:10:00,0.0,0.0193
68,2022-08-04 18:15:00,0.0,0.0183
68,2022-08-04 18:20:00,0.0,0.0093
68,2022-08-04 18:25:00,0.0,0.0462
68,2022-08-04 18:30:00,0.0,0.0474
68,2022-08-04 18:35:00,0.0,0.0482
68,2022-08-04 18:40:00,0.0,0.0462
68,2022-08-04 18:45:00,0.0,0.0622
68,2022-08-04 18:50:00,0.0,0.1041
68,2022-08-04 18:55:00,0.0,0.0721
68,2022-08-04 19:00:00,0.0,0.0781
68,2022-08-04 19:05:00,0.0,0.0491
68,2022-08-04 19:10:00,0.0,0.0361
68,2022-08-04 19:15:00,0.0,0.078
68,2022-08-04 19:20:00,0.0,0.059
68,2022-08-04 19:25:00,0.0,0.043
68,2022-08-04 19:30:00,0.0,0.038
68,2022-08-04 19:35:00,0.0,0.028
68,2022-08-04 19:40:00,0.0,0.0479
68,2022-08-04 19:45:00,0.0,0.0419
68,2022-08-04 19:50:00,0.0,0.0234
68,2022-08-04 19:55:00,0.0,0.0279
68,2022-08-04 20:00:00,0.0,0.0149
68,2022-08-04 20:05:00,0.0,0.0348
68,2022-08-04 20:10:00,0.0,0.0308
68,2022-08-04 20:15:00,0.0,0.0368
68,2022-08-04 20:20:00,0.0,0.0248
68,2022-08-04 20:25:00,0.0,0.0298
68,2022-08-04 20:30:00,0.0,0.0447
68,2022-08-04 20:35:00,0.0,0.0297
68,2022-08-04 20:40:00,0.0,0.0427
68,2022-08-04 20:45:00,0.0,0.0287
68,2022-08-04 20:50:00,0.0,0.0187
68,2022-08-04 20:55:00,0.0,0.0226
68,2022-08-04 21:00:00,0.0,0.0196
68,2022-08-04 21:05:00,0.0,0.0356
69,2022-08-05 02:25:00,0.002,-0.0097
69,2022-08-05 02:30:00,0.001,-0.0037
69,2022-08-05 02:35:00,0.002,-0.0027
69,2022-08-05 02:40:00,0.001,0.0033
69,2022-08-05 02:45:00,0.001,0.0043
69,2022-08-05 02:50:00,0.002,0.0072
69,2022-08-05 02:55:00,0.003,0.0022
69,2022-08-05 03:00:00,0.004,-0.0068
69,2022-08-05 03:05:00,0.005,-0.0088
69,2022-08-05 03:10:00,0.006,-0.0058
69,2022-08-05 03:15:00,0.006,-0.0049
69,2022-08-05 03:20:00,0.005,-0.0039
69,2022-08-05 03:25:00,0.002,0.0011
69,2022-08-05 03:30:00,0.0,0.0071
69,2022-08-05 03:35:00,0.0,0.0041
69,2022-08-05 03:40:00,0.0,-0.0001
69,2022-08-05 03:45:00,0.0,0.005
69,2022-08-05 03:50:00,0.0,0.012
69,2022-08-05 03:55:00,0.0,0.0088
69,2022-08-05 04:00:00,0.0,0.001
69,2022-08-05 04:05:00,0.0,0.007
69,2022-08-05 04:10:00,0.0,0.0239
69,2022-08-05 04:15:00,0.0,0.0219
69,2022-08-05 04:20:00,0.0,0.0179
69,2022-08-05 04:25:00,0.0,0.0195
69,2022-08-05 04:30:00,0.0,0.0199
69,2022-08-05 04:35:00,0.0,0.0076
69,2022-08-05 04:40:00,0.0,0.0078
69,2022-08-05 04:45:00,0.0,0.0158
69,2022-08-05 04:50:00,0.0,0.0258
69,2022-08-05 04:55:00,0.0,0.0078
69,2022-08-05 05:00:00,0.0,0.0117
69,2022-08-05 05:05:00,0.0,0.0357
69,2022-08-05 05:10:00,0.0,0.0297
69,2022-08-05 05:15:00,0.0,0.0227
69,2022-08-05 05:20:00,0.0,0.0207
69,2022-08-05 05:25:00,0.0,0.0206
69,2022-08-05 05:30:00,0.0,0.0326
69,2022-08-05 05:35:00,0.0,0.0426
69,2022-08-05 05:40:00,0.0,0.0216
69,2022-08-05 05:45:00,0.0,0.0206
69,2022-08-05 05:50:00,0.0,0.0265
69,2022-08-05 05:55:00,0.0,0.0225
69,2022-08-05 06:00:00,0.0,0.0175
69,2022-08-05 06:05:00,0.0,0.0275
69,2022-08-05 06:10:00,0.0,0.0065
69,2022-08-05 06:15:00,0.0,0.0034
69,2022-08-05 06:20:00,0.0,0.0144
69,2022-08-05 06:25:00,0.0,0.0174
69,2022-08-05 06:30:00,0.0,0.0224
69,2022-08-05 06:35:00,0.0,0.0384
69,2022-08-05 06:40:00,0.0,0.0353
69,2022-08-05 06:45:00,0.0,0.0223
69,2022-08-05 06:50:00,0.0,0.0253
69,2022-08-05 06:55:00,0.0,0.0183
69,2022-08-05 07:00:00,0.0,0.0363
69,2022-08-05 07:05:00,0.0,0.0232
69,2022-08-05 07:10:00,0.0,0.0292
69,2022-08-05 07:15:00,0.0,0.0122
69,2022-08-05 07:20:00,0.0,0.0192
69,2022-08-05 07:25:00,0.0,0.0382
69,2022-08-05 07:30:00,0.0,0.0231
69,2022-08-05 07:35:00,0.0,0.0221
69,2022-08-05 07:40:00,0.002,0.0121
69,2022-08-05 07:45:00,0.031,0.0061
69,2022-08-05 07:50:00,0.062,-0.0059
69,2022-08-05 07:55:00,0.077,0.0003
69,2022-08-05 08:00:00,0.039,1.02
69,2022-08-05 08:05:00,0.006,0.996
69,2022-08-05 08:10:00,0.0,1.091
69,2022-08-05 08:15:00,0.0,0.7838
69,2022-08-05 08:20:00,0.0,0.2449
69,2022-08-05 08:25:00,0.0,0.2149
69,2022-08-05 08:30:00,0.0,0.1549
69,2022-08-05 08:35:00,0.0,0.1199
69,2022-08-05 08:40:00,0.0,0.1439
69,2022-08-05 08:45:00,0.0,0.1309
69,2022-08-05 08:50:00,0.0,0.0998
69,2022-08-05 08:55:00,0.0,0.1108
69,2022-08-05 09:00:00,0.0,0.1018
69,2022-08-05 09:05:00,0.0,0.1128
69,2022-08-05 09:10:00,0.001,0.1078
69,2022-08-05 09:15:00,0.001,0.0797
69,2022-08-05 09:20:00,0.0,0.0587
69,2022-08-05 09:25:00,0.0,0.1197
69,2022-08-05 09:30:00,0.0,0.0867
69,2022-08-05 09:35:00,0.003,0.0337
69,2022-08-05 09:40:00,0.005,0.0316
69,2022-08-05 09:45:00,0.004,0.0326
69,2022-08-05 09:50:00,0.004,0.0336
69,2022-08-05 09:55:00,0.006,0.0406
69,2022-08-05 10:00:00,0.005,0.0516
69,2022-08-05 10:05:00,0.007,0.0455
69,2022-08-05 10:10:00,0.004,0.0465
69,2022-08-05 10:15:00,0.004,0.0435
69,2022-08-05 10:20:00,0.006,0.1905
69,2022-08-05 10:25:00,0.007,0.1805
69,2022-08-05 10:30:00,0.01,0.1674
69,2022-08-05 10:35:00,0.006,0.1534
69,2022-08-05 10:40:00,0.001,0.1674
69,2022-08-05 10:45:00,0.0,0.1658
69,2022-08-05 10:50:00,0.0,0.1444
69,2022-08-05 10:55:00,0.0,0.1643
69,2022-08-05 11:00:00,0.003,0.1693
69,2022-08-05 11:05:00,0.008,0.1523
69,2022-08-05 11:10:00,0.007,0.1671
69,2022-08-05 11:15:00,0.003,0.1271
69,2022-08-05 11:20:00,0.002,0.1022
69,2022-08-05 11:25:00,0.001,0.1052
69,2022-08-05 11:30:00,0.0,0.1062
69,2022-08-05 11:35:00,0.0,0.1022
69,2022-08-05 11:40:00,0.0,0.1352
69,2022-08-05 11:45:00,0.0,0.1061
69,2022-08-05 11:50:00,0.0,0.1161
69,2022-08-05 11:55:00,0.0,0.1161
69,2022-08-05 12:00:00,0.0,0.1181
69,2022-08-05 12:05:00,0.0,0.1493
69,2022-08-05 12:10:00,0.0,0.128
69,2022-08-05 12:15:00,0.0,0.1268
69,2022-08-05 12:20:00,0.0,0.1383
69,2022-08-05 12:25:00,0.0,0.114
69,2022-08-05 12:30:00,0.0,0.11
69,2022-08-05 12:35:00,0.0,0.0779
69,2022-08-05 12:40:00,0.0,0.0769
69,2022-08-05 12:45:00,0.0,0.0849
69,2022-08-05 12:50:00,0.0,0.0799
69,2022-08-05 12:55:00,0.0,0.0669
69,2022-08-05 13:00:00,0.0,0.0688
69,2022-08-05 13:05:00,0.0,0.0538
69,2022-08-05 13:10:00,0.0,0.0537
69,2022-08-05 13:15:00,0.0,0.0598
69,2022-08-05 13:20:00,0.0,0.0466
69,2022-08-05 13:25:00,0.0,0.0687
69,2022-08-05 13:30:00,0.0,0.0587
69,2022-08-05 13:35:00,0.0,0.0287
69,2022-08-05 13:40:00,0.0,0.0397
69,2022-08-05 13:45:00,0.0,0.0607
69,2022-08-05 13:50:00,0.0,0.0507
69,2022-08-05 13:55:00,0.0,0.0516
69,2022-08-05 14:00:00,0.0,0.0476
69,2022-08-05 14:05:00,0.0,0.0406
69,2022-08-05 14:10:00,0.0,0.0566
70,2022-08-05 17:05:00,0.0,0.0589
70,2022-08-05 17:10:00,0.0,0.0639
70,2022-08-05 17:15:00,0.0,0.0778
70,2022-08-05 17:20:00,0.0,0.0528
70,2022-08-05 17:25:00,0.001,0.0488
70,2022-08-05 17:30:00,0.0,0.0458
70,2022-08-05 17:35:00,0.0,0.0758
70,2022-08-05 17:40:00,0.0,0.0527
70,2022-08-05 17:45:00,0.0,0.0347
70,2022-08-05 17:50:00,0.0,0.0497
70,2022-08-05 17:55:00,0.0,0.0487
70,2022-08-05 18:00:00,0.0,0.0487
70,2022-08-05 18:05:00,0.0,0.0156
70,2022-08-05 18:10:00,0.0,0.0171
70,2022-08-05 18:15:00,0.0,0.0256
70,2022-08-05 18:20:00,0.0,0.0116
70,2022-08-05 18:25:00,0.0,0.0206
70,2022-08-05 18:30:00,0.0,0.0235
70,2022-08-05 18:35:00,0.0,-0.0165
70,2022-08-05 18:40:00,0.0,-0.017
70,2022-08-05 18:45:00,0.0,0.0095
70,2022-08-05 18:50:00,0.0,0.009
70,2022-08-05 18:55:00,0.0,0.0055
70,2022-08-05 19:00:00,0.0,0.0249
70,2022-08-05 19:05:00,0.0,0.0134
70,2022-08-05 19:10:00,0.0,0.0104
70,2022-08-05 19:15:00,0.0,0.0024
70,2022-08-05 19:20:00,0.0,0.0184
70,2022-08-05 19:25:00,0.0,0.0228
70,2022-08-05 19:30:00,0.0,0.0238
70,2022-08-05 19:35:00,0.0,0.0273
70,2022-08-05 19:40:00,0.0,0.0123
70,2022-08-05 19:45:00,0.0,0.0078
70,2022-08-05 19:50:00,0.0,0.0287
70,2022-08-05 19:55:00,0.0,0.0292
70,2022-08-05 20:00:00,0.0,0.0337
70,2022-08-05 20:05:00,0.0,0.0352
70,2022-08-05 20:10:00,0.0,0.0292
70,2022-08-05 20:15:00,0.0,0.0406
70,2022-08-05 20:20:00,0.0,0.0286
70,2022-08-05 20:25:00,0.0,0.0321
70,2022-08-05 20:30:00,0.0,0.0286
70,2022-08-05 20:35:00,0.0,0.0581
71,2022-08-05 23:45:00,0.009,0.0043
71,2022-08-05 23:50:00,0.009,0.0138
71,2022-08-05 23:55:00,0.011,0.0273
71,2022-08-06 00:00:00,0.029,0.0313
71,2022-08-06 00:05:00,0.039,0.0192
71,2022-08-06 00:10:00,0.031,0.0162
71,2022-08-06 00:15:00,0.017,0.6557
71,2022-08-06 00:20:00,0.009,0.4322
71,2022-08-06 00:25:00,0.002,0.3752
71,2022-08-06 00:30:00,0.0,0.3586
71,2022-08-06 00:35:00,0.0,0.3101
71,2022-08-06 00:40:00,0.0,0.2781
71,2022-08-06 00:45:00,0.0,0.2566
71,2022-08-06 00:50:00,0.0,0.2101
71,2022-08-06 00:55:00,0.0,0.1725
71,2022-08-06 01:00:00,0.0,0.166
71,2022-08-06 01:05:00,0.0,0.156
71,2022-08-06 01:10:00,0.0,0.1465
71,2022-08-06 01:15:00,0.0,0.1315
71,2022-08-06 01:20:00,0.0,0.1234
71,2022-08-06 01:25:00,0.0,0.1164
71,2022-08-06 01:30:00,0.0,0.1264
71,2022-08-06 01:35:00,0.0,0.1224
71,2022-08-06 01:40:00,0.0,0.1259
71,2022-08-06 01:45:00,0.0,0.1238
71,2022-08-06 01:50:00,0.0,0.1173
71,2022-08-06 01:55:00,0.0,0.1158
71,2022-08-06 02:00:00,0.0,0.1133
71,2022-08-06 02:05:00,0.0,0.1163
71,2022-08-06 02:10:00,0.0,0.0977
71,2022-08-06 02:15:00,0.0,0.0972
71,2022-08-06 02:20:00,0.0,0.0897
71,2022-08-06 02:25:00,0.0,0.0932
71,2022-08-06 02:30:00,0.0,0.0872
71,2022-08-06 02:35:00,0.0,0.0881
71,2022-08-06 02:40:00,0.0,0.1006
71,2022-08-06 02:45:00,0.0,0.0786
71,2022-08-06 02:50:00,0.0,0.0956
71,2022-08-06 02:55:00,0.0,0.0946
71,2022-08-06 03:00:00,0.0,0.08
71,2022-08-06 03:05:00,0.0,0.074
71,2022-08-06 03:10:00,0.0,0.079
71,2022-08-06 03:15:00,0.0,0.0775
71,2022-08-06 03:20:00,0.0,0.0725
71,2022-08-06 03:25:00,0.0,0.0644
71,2022-08-06 03:30:00,0.0,0.0664
71,2022-08-06 03:35:00,0.0,0.0629
71,2022-08-06 03:40:00,0.0,0.0599
71,2022-08-06 03:45:00,0.0,0.0534
71,2022-08-06 03:50:00,0.0,0.0593
71,2022-08-06 03:55:00,0.0,0.0498
71,2022-08-06 04:00:00,0.0,0.0563
71,2022-08-06 04:05:00,0.0,0.0568
71,2022-08-06 04:10:00,0.0,0.0578
71,2022-08-06 04:15:00,0.0,0.0552
71,2022-08-06 04:20:00,0.0,0.0677
71,2022-08-06 04:25:00,0.0,0.0602
71,2022-08-06 04:30:00,0.0,0.0557
71,2022-08-06 04:35:00,0.0,0.0642
71,2022-08-06 04:40:00,0.0,0.0426
71,2022-08-06 04:45:00,0.0,0.0511
71,2022-08-06 04:50:00,0.0,0.0441
71,2022-08-06 04:55:00,0.0,0.0411
71,2022-08-06 05:00:00,0.0,0.0516
71,2022-08-06 05:05:00,0.0,0.0505
71,2022-08-06 05:10:00,0.0,0.0575
71,2022-08-06 05:15:00,0.0,0.051
71,2022-08-06 05:20:00,0.0,0.0415
71,2022-08-06 05:25:00,0.0,0.0535
71,2022-08-06 05:30:00,0.0,0.05
71,2022-08-06 05:35:00,0.0,0.0449
71,2022-08-06 05:40:00,0.0,0.0529
71,2022-08-06 05:45:00,0.0,0.0489
71,2022-08-06 05:50:00,0.0,0.0474
71,2022-08-06 05:55:00,0.0,0.0489
71,2022-08-06 06:00:00,0.0,0.0533
71,2022-08-06 06:05:00,0.005,0.0503
71,2022-08-06 06:10:00,0.006,0.0553
71,2022-08-06 06:15:00,0.004,0.0483
71,2022-08-06 06:20:00,0.005,0.0593
71,2022-08-06 06:25:00,0.003,0.0522
71,2022-08-06 06:30:00,0.003,0.0382
71,2022-08-06 06:35:00,0.003,0.0472
71,2022-08-06 06:40:00,0.001,0.0527
71,2022-08-06 06:45:00,0.0,0.0527
71,2022-08-06 06:50:00,0.0,0.0736
71,2022-08-06 06:55:00,0.0,0.0986
71,2022-08-06 07:00:00,0.0,0.1236
71,2022-08-06 07:05:00,0.0,0.1326
71,2022-08-06 07:10:00,0.0,0.1431
71,2022-08-06 07:15:00,0.0,0.1495
71,2022-08-06 07:20:00,0.0,0.1225
71,2022-08-06 07:25:00,0.0,0.0935
71,2022-08-06 07:30:00,0.0,0.0845
71,2022-08-06 07:35:00,0.0,0.0865
71,2022-08-06 07:40:00,0.0,0.0844
71,2022-08-06 07:45:00,0.0,0.1084
71,2022-08-06 07:50:00,0.0,0.1029
71,2022-08-06 07:55:00,0.0,0.1084
71,2022-08-06 08:00:00,0.0,0.0734
71,2022-08-06 08:05:00,0.0,0.1008
71,2022-08-06 08:10:00,0.0,0.0648
71,2022-08-06 08:15:00,0.0,0.0608
71,2022-08-06 08:20:00,0.0,0.0638
71,2022-08-06 08:25:00,0.0,0.0963
71,2022-08-06 08:30:00,0.0,0.0747
71,2022-08-06 08:35:00,0.0,0.0442
71,2022-08-06 08:40:00,0.0,0.0547
71,2022-08-06 08:45:00,0.0,0.0572
71,2022-08-06 08:50:00,0.0,0.0607
71,2022-08-06 08:55:00,0.0,0.0591
71,2022-08-06 09:00:00,0.0,0.0641
71,2022-08-06 09:05:00,0.0,0.0636
71,2022-08-06 09:10:00,0.0,0.0626
71,2022-08-06 09:15:00,0.0,0.0921
71,2022-08-06 09:20:00,0.0,0.0715
71,2022-08-06 09:25:00,0.0,0.0515
71,2022-08-06 09:30:00,0.0,0.077
71,2022-08-06 09:35:00,0.0,0.0665
71,2022-08-06 09:40:00,0.0,0.059
72,2022-08-09 12:40:00,0.0,0.0346
72,2022-08-09 12:45:00,0.001,0.0101
72,2022-08-09 12:50:00,0.013,0.0246
72,2022-08-09 12:55:00,0.02,0.0233
72,2022-08-09 13:00:00,0.018,0.0086
72,2022-08-09 13:05:00,0.022,0.0282
72,2022-08-09 13:10:00,0.021,0.0177
72,2022-08-09 13:15:00,0.008,0.0582
72,2022-08-09 13:20:00,0.004,0.0182
72,2022-08-09 13:25:00,0.003,0.062
72,2022-08-09 13:30:00,0.001,0.0638
72,2022-08-09 13:35:00,0.0,0.0533
72,2022-08-09 13:40:00,0.0,0.0363
72,2022-08-09 13:45:00,0.0,0.0388
72,2022-08-09 13:50:00,0.0,0.0543
72,2022-08-09 13:55:00,0.0,0.0658
72,2022-08-09 14:00:00,0.0,0.0503
72,2022-08-09 14:05:00,0.0,0.0233
72,2022-08-09 14:10:00,0.0,0.0502
72,2022-08-09 14:15:00,0.0,0.0424
72,2022-08-09 14:20:00,0.0,0.0129
72,2022-08-09 14:25:00,0.0,0.0078
72,2022-08-09 14:30:00,0.0,0.0174
72,2022-08-09 14:35:00,0.0,0.0371
72,2022-08-09 14:40:00,0.0,0.0218
72,2022-08-09 14:45:00,0.0,0.042
72,2022-08-09 14:50:00,0.0,0.024
72,2022-08-09 14:55:00,0.0,0.031
72,2022-08-09 15:00:00,0.0,0.0455
72,2022-08-09 15:05:00,0.0,0.0395
72,2022-08-09 15:10:00,0.0,0.0275
72,2022-08-09 15:15:00,0.0,-0.0044
72,2022-08-09 15:20:00,0.0,0.0066
72,2022-08-09 15:25:00,0.0,0.0176
72,2022-08-09 15:30:00,0.0,0.0201
72,2022-08-09 15:35:00,0.0,0.0186
72,2022-08-09 15:40:00,0.0,0.0131
72,2022-08-09 15:45:00,0.0,-0.0064
72,2022-08-09 15:50:00,0.0,0.0006
72,2022-08-09 15:55:00,0.0,0.0142
72,2022-08-09 16:00:00,0.0,-0.0053
72,2022-08-09 16:05:00,0.0,0.0002
72,2022-08-09 16:10:00,0.0,0.0037
72,2022-08-09 16:15:00,0.0,0.0187
72,2022-08-09 16:20:00,0.0,0.0122
72,2022-08-09 16:25:00,0.0,0.0207
73,2022-08-09 20:35:00,0.0,0.0016
73,2022-08-09 20:40:00,0.0,-0.0013
73,2022-08-09 20:45:00,0.0,-0.0018
73,2022-08-09 20:50:00,0.001,-0.018
73,2022-08-09 20:55:00,0.008,-0.0137
73,2022-08-09 21:00:00,0.013,0.0039
73,2022-08-09 21:05:00,0.01,0.0035
73,2022-08-09 21:10:00,0.002,0.0065
73,2022-08-09 21:15:00,0.0,0.0162
73,2022-08-09 21:20:00,0.001,0.0571
73,2022-08-09 21:25:00,0.001,0.1091
73,2022-08-09 21:30:00,0.0,0.0912
73,2022-08-09 21:35:00,0.0,0.0742
73,2022-08-09 21:40:00,0.0,0.0523
73,2022-08-09 21:45:00,0.0,0.0593
73,2022-08-09 21:50:00,0.0,0.0619
73,2022-08-09 21:55:00,0.0,0.0629
73,2022-08-09 22:00:00,0.0,0.0459
73,2022-08-09 22:05:00,0.0,0.0381
73,2022-08-09 22:10:00,0.0,0.0301
73,2022-08-09 22:15:00,0.0,0.0437
73,2022-08-09 22:20:00,0.0,0.0527
73,2022-08-09 22:25:00,0.0,0.0368
73,2022-08-09 22:30:00,0.0,0.0433
73,2022-08-09 22:35:00,0.0,0.0439
73,2022-08-09 22:40:00,0.0,0.0324
73,2022-08-09 22:45:00,0.0,0.0286
73,2022-08-09 22:50:00,0.0,0.0328
73,2022-08-09 22:55:00,0.0,0.0285
73,2022-08-09 23:00:00,0.0,0.0071
73,2022-08-09 23:05:00,0.0,0.0162
73,2022-08-09 23:10:00,0.0,0.0257
73,2022-08-09 23:15:00,0.0,0.0372
73,2022-08-09 23:20:00,0.0,0.0218
73,2022-08-09 23:25:00,0.0,0.0189
73,2022-08-09 23:30:00,0.0,0.0156
73,2022-08-09 23:35:00,0.0,0.0166
73,2022-08-09 23:40:00,0.0,0.0178
73,2022-08-09 23:45:00,0.0,0.0246
73,2022-08-09 23:50:00,0.0,0.0146
73,2022-08-09 23:55:00,0.0,0.0157
73,2022-08-10 00:00:00,0.0,0.0268
73,2022-08-10 00:05:00,0.0,0.0178
74,2022-08-14 07:15:00,0.0,0.0245
74,2022-08-14 07:20:00,0.0,0.0395
74,2022-08-14 07:25:00,0.001,0.0445
74,2022-08-14 07:30:00,0.004,0.0472
74,2022-08-14 07:35:00,0.009,0.019
74,2022-08-14 07:40:00,0.013,0.036
74,2022-08-14 07:45:00,0.005,0.0085
74,2022-08-14 07:50:00,0.006,0.0234
74,2022-08-14 07:55:00,0.008,0.0167
74,2022-08-14 08:00:00,0.007,0.0414
74,2022-08-14 08:05:00,0.006,0.045
74,2022-08-14 08:10:00,0.003,0.0374
74,2022-08-14 08:15:00,0.004,0.0299
74,2022-08-14 08:20:00,0.003,0.0739
74,2022-08-14 08:25:00,0.002,0.0814
74,2022-08-14 08:30:00,0.004,0.0764
74,2022-08-14 08:35:00,0.006,0.0944
74,2022-08-14 08:40:00,0.006,0.0849
74,2022-08-14 08:45:00,0.008,0.0819
74,2022-08-14 08:50:00,0.016,0.0698
74,2022-08-14 08:55:00,0.026,0.0734
74,2022-08-14 09:00:00,0.011,0.0929
74,2022-08-14 09:05:00,0.002,0.3069
74,2022-08-14 09:10:00,0.0,0.2424
74,2022-08-14 09:15:00,0.0,0.1789
74,2022-08-14 09:20:00,0.0,0.1659
74,2022-08-14 09:25:00,0.0,0.1954
74,2022-08-14 09:30:00,0.001,0.1634
74,2022-08-14 09:35:00,0.0,0.1714
74,2022-08-14 09:40:00,0.0,0.1369
74,2022-08-14 09:45:00,0.0,0.1129
74,2022-08-14 09:50:00,0.0,0.0909
74,2022-08-14 09:55:00,0.0,0.0719
74,2022-08-14 10:00:00,0.0,0.0779
74,2022-08-14 10:05:00,0.0,0.0844
74,2022-08-14 10:10:00,0.0,0.0799
74,2022-08-14 10:15:00,0.018,0.0509
74,2022-08-14 10:20:00,0.015,0.0729
74,2022-08-14 10:25:00,0.001,0.0554
74,2022-08-14 10:30:00,0.0,0.1214
74,2022-08-14 10:35:00,0.0,0.1444
74,2022-08-14 10:40:00,0.0,0.1339
74,2022-08-14 10:45:00,0.0,0.1029
74,2022-08-14 10:50:00,0.0,0.0914
74,2022-08-14 10:55:00,0.0,0.0814
74,2022-08-14 11:00:00,0.0,0.0769
74,2022-08-14 11:05:00,0.0,0.1159
74,2022-08-14 11:10:00,0.0,0.0874
74,2022-08-14 11:15:00,0.0,0.1154
74,2022-08-14 11:20:00,0.0,0.1164
74,2022-08-14 11:25:00,0.0,0.0953
74,2022-08-14 11:30:00,0.0,0.1163
74,2022-08-14 11:35:00,0.0,0.0978
74,2022-08-14 11:40:00,0.0,0.1148
74,2022-08-14 11:45:00,0.0,0.1003
74,2022-08-14 11:50:00,0.0,0.0833
74,2022-08-14 11:55:00,0.0,0.0798
74,2022-08-14 12:00:00,0.0,0.0708
74,2022-08-14 12:05:00,0.0,0.0948
74,2022-08-14 12:10:00,0.0,0.0903
74,2022-08-14 12:15:00,0.0,0.0633
74,2022-08-14 12:20:00,0.0,0.0903
74,2022-08-14 12:25:00,0.0,0.0898
74,2022-08-14 12:30:00,0.0,0.0508
74,2022-08-14 12:35:00,0.0,0.0708
74,2022-08-14 12:40:00,0.0,0.0818
74,2022-08-14 12:45:00,0.0,0.0638
74,2022-08-14 12:50:00,0.0,0.0598
74,2022-08-14 12:55:00,0.0,0.0763
74,2022-08-14 13:00:00,0.0,0.0563
74,2022-08-14 13:05:00,0.0,0.0497
74,2022-08-14 13:10:00,0.0,0.0438
74,2022-08-14 13:15:00,0.001,0.0558
74,2022-08-14 13:20:00,0.001,0.0628
74,2022-08-14 13:25:00,0.001,0.0553
75,2022-08-20 13:50:00,0.0,-0.0384
75,2022-08-20 13:55:00,0.0,-0.0194
75,2022-08-20 14:00:00,0.002,-0.0104
75,2022-08-20 14:05:00,0.011,-0.0134
75,2022-08-20 14:10:00,0.017,-0.0254
75,2022-08-20 14:15:00,0.017,-0.0154
75,2022-08-20 14:20:00,0.056,-0.0039
75,2022-08-20 14:25:00,0.075,-0.0089
75,2022-08-20 14:30:00,0.07,0.0081
75,2022-08-20 14:35:00,0.014,0.3261
75,2022-08-20 14:40:00,0.001,0.9976
75,2022-08-20 14:45:00,0.0,0.5956
75,2022-08-20 14:50:00,0.0,0.3556
75,2022-08-20 14:55:00,0.0,0.2726
75,2022-08-20 15:00:00,0.0,0.2756
75,2022-08-20 15:05:00,0.0,0.212
75,2022-08-20 15:10:00,0.0,0.182
75,2022-08-20 15:15:00,0.0,0.175
75,2022-08-20 15:20:00,0.0,0.1505
75,2022-08-20 15:25:00,0.0,0.136
75,2022-08-20 15:30:00,0.0,0.146
75,2022-08-20 15:35:00,0.0,0.116
75,2022-08-20 15:40:00,0.0,0.119
75,2022-08-20 15:45:00,0.0,0.0925
75,2022-08-20 15:50:00,0.0,0.097
75,2022-08-20 15:55:00,0.0,0.105
75,2022-08-20 16:00:00,0.0,0.0905
75,2022-08-20 16:05:00,0.0,0.0845
75,2022-08-20 16:10:00,0.0,0.0765
75,2022-08-20 16:15:00,0.0,0.083
75,2022-08-20 16:20:00,0.0,0.076
75,2022-08-20 16:25:00,0.0,0.087
75,2022-08-20 16:30:00,0.0,0.073
75,2022-08-20 16:35:00,0.0,0.0515
75,2022-08-20 16:40:00,0.0,0.047
75,2022-08-20 16:45:00,0.0,0.0665
75,2022-08-20 16:50:00,0.0,0.0475
75,2022-08-20 16:55:00,0.0,0.0405
75,2022-08-20 17:00:00,0.0,0.0415
75,2022-08-20 17:05:00,0.0,0.0519
75,2022-08-20 17:10:00,0.0,0.0499
75,2022-08-20 17:15:00,0.0,0.0439
75,2022-08-20 17:20:00,0.0,0.0674
75,2022-08-20 17:25:00,0.0,0.0589
75,2022-08-20 17:30:00,0.0,0.0524
75,2022-08-20 17:35:00,0.0,0.0474
75,2022-08-20 17:40:00,0.001,0.0479
75,2022-08-20 17:45:00,0.009,0.0409
75,2022-08-20 17:50:00,0.041,0.0419
75,2022-08-20 17:55:00,0.028,0.0509
75,2022-08-20 18:00:00,0.001,0.0389
75,2022-08-20 18:05:00,0.0,0.0139
75,2022-08-20 18:10:00,0.0,0.0219
75,2022-08-20 18:15:00,0.0,0.0239
75,2022-08-20 18:20:00,0.0,0.0174
75,2022-08-20 18:25:00,0.0,0.0139
75,2022-08-20 18:30:00,0.0,0.0169
75,2022-08-20 18:35:00,0.0,0.0584
75,2022-08-20 18:40:00,0.0,0.0624
75,2022-08-20 18:45:00,0.0,0.0494
75,2022-08-20 18:50:00,0.0,0.0474
75,2022-08-20 18:55:00,0.0,0.0609
75,2022-08-20 19:00:00,0.0,0.0539
75,2022-08-20 19:05:00,0.0,0.0458
75,2022-08-20 19:10:00,0.0,0.0668
75,2022-08-20 19:15:00,0.0,0.0633
75,2022-08-20 19:20:00,0.0,0.0628
75,2022-08-20 19:25:00,0.0,0.0788
75,2022-08-20 19:30:00,0.0,0.0533
75,2022-08-20 19:35:00,0.0,0.0353
75,2022-08-20 19:40:00,0.0,0.0438
75,2022-08-20 19:45:00,0.0,0.0548
75,2022-08-20 19:50:00,0.0,0.0193
75,2022-08-20 19:55:00,0.0,0.0363
75,2022-08-20 20:00:00,0.0,0.0193
75,2022-08-20 20:05:00,0.0,0.0008
75,2022-08-20 20:10:00,0.0,0.0163
75,2022-08-20 20:15:00,0.0,0.0173
75,2022-08-20 20:20:00,0.0,0.0193
75,2022-08-20 20:25:00,0.0,0.0138
75,2022-08-20 20:30:00,0.0,0.0263
75,2022-08-20 20:35:00,0.0,0.0443
75,2022-08-20 20:40:00,0.0,0.0443
75,2022-08-20 20:45:00,0.0,0.0353
75,2022-08-20 20:50:00,0.0,0.0418
75,2022-08-20 20:55:00,0.0,0.0383
75,2022-08-20 21:00:00,0.0,0.0198
76,2022-08-21 13:00:00,0.0,0.04
76,2022-08-21 13:05:00,0.0,0.0014
76,2022-08-21 13:10:00,0.0,0.0114
76,2022-08-21 13:15:00,0.0376,0.0044
76,2022-08-21 13:20:00,0.0,0.0245
76,2022-08-21 13:25:00,0.0,-0.0121
76,2022-08-21 13:30:00,0.0376,0.0194
76,2022-08-21 13:35:00,0.0,0.0264
76,2022-08-21 13:40:00,0.0376,0.1449
76,2022-08-21 13:45:00,0.0,0.3009
76,2022-08-21 13:50:00,0.0,0.4489
76,2022-08-21 13:55:00,0.0,0.4679
76,2022-08-21 14:00:00,0.0,0.3479
76,2022-08-21 14:05:00,0.0,0.3384
76,2022-08-21 14:10:00,0.0,0.3049
76,2022-08-21 14:15:00,0.0,0.3189
76,2022-08-21 14:20:00,0.0,0.2714
76,2022-08-21 14:25:00,0.0,0.2539
76,2022-08-21 14:30:00,0.0,0.2379
76,2022-08-21 14:35:00,0.0,0.2129
76,2022-08-21 14:40:00,0.0,0.1914
76,2022-08-21 14:45:00,0.0,0.1834
76,2022-08-21 14:50:00,0.0,0.1729
76,2022-08-21 14:55:00,0.0,0.1334
76,2022-08-21 15:00:00,0.0,0.1594
76,2022-08-21 15:05:00,0.0,0.1703
76,2022-08-21 15:10:00,0.0,0.1503
76,2022-08-21 15:15:00,0.0,0.1526
76,2022-08-21 15:20:00,0.0,0.1388
76,2022-08-21 15:25:00,0.0,0.1183
76,2022-08-21 15:30:00,0.0,0.1188
76,2022-08-21 15:35:00,0.0,0.1523
76,2022-08-21 15:40:00,0.0,0.1223
76,2022-08-21 15:45:00,0.0,0.1028
76,2022-08-21 15:50:00,0.0,0.1253
76,2022-08-21 15:55:00,0.0,0.0953
76,2022-08-21 16:00:00,0.0,0.1239
76,2022-08-21 16:05:00,0.0,0.0887
76,2022-08-21 16:10:00,0.0,0.0832
76,2022-08-21 16:15:00,0.0,0.1213
76,2022-08-21 16:20:00,0.0,0.1073
76,2022-08-21 16:25:00,0.0,0.1018
76,2022-08-21 16:30:00,0.0,0.0973
76,2022-08-21 16:35:00,0.0,0.0998
76,2022-08-21 16:40:00,0.0,0.1163
76,2022-08-21 16:45:00,0.0,0.0848
77,2022-08-29 12:35:00,0.0,0.0007
77,2022-08-29 12:40:00,0.0,0.0278
77,2022-08-29 12:45:00,0.0,0.0172
77,2022-08-29 12:50:00,0.001,0.0032
77,2022-08-29 12:55:00,0.001,0.0272
77,2022-08-29 13:00:00,0.0,0.0057
77,2022-08-29 13:05:00,0.0,0.0162
77,2022-08-29 13:10:00,0.0,0.0142
77,2022-08-29 13:15:00,0.002,0.0117
77,2022-08-29 13:20:00,0.006,-0.0078
77,2022-08-29 13:25:00,0.004,0.0027
77,2022-08-29 13:30:00,0.004,0.0137
77,2022-08-29 13:35:00,0.003,0.0177
77,2022-08-29 13:40:00,0.002,0.0142
77,2022-08-29 13:45:00,0.001,0.0287
77,2022-08-29 13:50:00,0.0,0.0292
77,2022-08-29 13:55:00,0.0,-0.0033
77,2022-08-29 14:00:00,0.0,0.0121
77,2022-08-29 14:05:00,0.001,0.0098
77,2022-08-29 14:10:00,0.002,0.0383
77,2022-08-29 14:15:00,0.0,0.0423
77,2022-08-29 14:20:00,0.001,0.0408
77,2022-08-29 14:25:00,0.001,0.0343
77,2022-08-29 14:30:00,0.0,0.0503
77,2022-08-29 14:35:00,0.0,0.0323
77,2022-08-29 14:40:00,0.0,0.0363
77,2022-08-29 14:45:00,0.0,0.0298
77,2022-08-29 14:50:00,0.0,0.0358
77,2022-08-29 14:55:00,0.0,0.0378
77,2022-08-29 15:00:00,0.0,0.0333
77,2022-08-29 15:05:00,0.0,0.0533
77,2022-08-29 15:10:00,0.0,0.0373
77,2022-08-29 15:15:00,0.0,0.0353
77,2022-08-29 15:20:00,0.0,0.0393
77,2022-08-29 15:25:00,0.0,0.0268
77,2022-08-29 15:30:00,0.0,0.0278
77,2022-08-29 15:35:00,0.0,0.0073
77,2022-08-29 15:40:00,0.0,0.0179
77,2022-08-29 15:45:00,0.0,0.0069
77,2022-08-29 15:50:00,0.0,0.0344
77,2022-08-29 15:55:00,0.0,0.0214
77,2022-08-29 16:00:00,0.0,0.0124
77,2022-08-29 16:05:00,0.0,0.0249
77,2022-08-29 16:10:00,0.0,0.0124
77,2022-08-29 16:15:00,0.0,-0.0066
77,2022-08-29 16:20:00,0.0,-0.0016
78,2022-08-29 20:55:00,0.0,-0.0183
78,2022-08-29 21:00:00,0.0,-0.0018
78,2022-08-29 21:05:00,0.001,-0.0458
78,2022-08-29 21:10:00,0.008,-0.0348
78,2022-08-29 21:15:00,0.013,-0.0078
78,2022-08-29 21:20:00,0.005,-0.0053
78,2022-08-29 21:25:00,0.0,-0.0108
78,2022-08-29 21:30:00,0.002,-0.0203
78,2022-08-29 21:35:00,0.013,-0.0223
78,2022-08-29 21:40:00,0.035,-0.0183
78,2022-08-29 21:45:00,0.019,-0.0063
78,2022-08-29 21:50:00,0.002,0.0227
78,2022-08-29 21:55:00,0.001,0.0242
78,2022-08-29 22:00:00,0.0,0.0833
78,2022-08-29 22:05:00,0.0,0.0658
78,2022-08-29 22:10:00,0.0,0.0633
78,2022-08-29 22:15:00,0.0,0.0968
78,2022-08-29 22:20:00,0.0,0.0698
78,2022-08-29 22:25:00,0.0,0.0418
78,2022-08-29 22:30:00,0.0,0.0385
78,2022-08-29 22:35:00,0.0,0.0281
78,2022-08-29 22:40:00,0.0,0.0243
78,2022-08-29 22:45:00,0.0,0.0253
78,2022-08-29 22:50:00,0.0,0.0288
78,2022-08-29 22:55:00,0.0,0.0168
78,2022-08-29 23:00:00,0.0,0.0178
78,2022-08-29 23:05:00,0.0,0.0203
78,2022-08-29 23:10:00,0.0,0.0048
78,2022-08-29 23:15:00,0.0,0.0053
78,2022-08-29 23:20:00,0.0,0.0168
78,2022-08-29 23:25:00,0.0,0.0003
78,2022-08-29 23:30:00,0.0,0.0078
78,2022-08-29 23:35:00,0.0,0.0113
78,2022-08-29 23:40:00,0.0,0.0084
78,2022-08-29 23:45:00,0.0,-0.0026
78,2022-08-29 23:50:00,0.0,0.0064
78,2022-08-29 23:55:00,0.0,-0.0016
78,2022-08-30 00:00:00,0.0,0.0049
78,2022-08-30 00:05:00,0.0,0.0024
78,2022-08-30 00:10:00,0.0,-0.0106
78,2022-08-30 00:15:00,0.0,-0.0106
78,2022-08-30 00:20:00,0.0,-0.0021
78,2022-08-30 00:25:00,0.0,0.0009
78,2022-08-30 00:30:00,0.0,-0.0016
78,2022-08-30 00:35:00,0.0,-0.0071
78,2022-08-30 00:40:00,0.0,0.0114
78,2022-08-30 00:45:00,0.0,0.0069
78,2022-08-30 00:50:00,0.0,0.0064
78,2022-08-30 00:55:00,0.0,-0.0136
78,2022-08-30 01:00:00,0.0,0.0054
78,2022-08-30 01:05:00,0.0,0.0004
78,2022-08-30 01:10:00,0.0,-0.0101
78,2022-08-30 01:15:00,0.0,-0.0085
78,2022-08-30 01:20:00,0.0,0.0025
78,2022-08-30 01:25:00,0.0,0.005
78,2022-08-30 01:30:00,0.0,0.006
78,2022-08-30 01:35:00,0.0,-0.0055
78,2022-08-30 01:40:00,0.0,-0.005
78,2022-08-30 01:45:00,0.0,-0.009
78,2022-08-30 01:50:00,0.0,-0.007
78,2022-08-30 01:55:00,0.0,-0.018
78,2022-08-30 02:00:00,0.0,-0.016
78,2022-08-30 02:05:00,0.0,-0.0095
78,2022-08-30 02:10:00,0.0,-0.0045
78,2022-08-30 02:15:00,0.003,-0.008
78,2022-08-30 02:20:00,0.018,-0.004
78,2022-08-30 02:25:00,0.017,-0.0075
78,2022-08-30 02:30:00,0.026,0.044
78,2022-08-30 02:35:00,0.02,0.0175
78,2022-08-30 02:40:00,0.019,-0.001
78,2022-08-30 02:45:00,0.014,0.2715
78,2022-08-30 02:50:00,0.012,0.1881
78,2022-08-30 02:55:00,0.01,0.1491
78,2022-08-30 03:00:00,0.01,0.1461
78,2022-08-30 03:05:00,0.001,0.1451
78,2022-08-30 03:10:00,0.001,0.1631
78,2022-08-30 03:15:00,0.0,0.1593
78,2022-08-30 03:20:00,0.001,0.1491
78,2022-08-30 03:25:00,0.007,0.1425
78,2022-08-30 03:30:00,0.012,0.1406
78,2022-08-30 03:35:00,0.019,0.1151
78,2022-08-30 03:40:00,0.024,0.1161
78,2022-08-30 03:45:00,0.021,0.0991
78,2022-08-30 03:50:00,0.022,0.0846
78,2022-08-30 03:55:00,0.012,0.1031
78,2022-08-30 04:00:00,0.004,0.1669
78,2022-08-30 04:05:00,0.0,0.1804
78,2022-08-30 04:10:00,0.0,0.1766
78,2022-08-30 04:15:00,0.0,0.1636
78,2022-08-30 04:20:00,0.0,0.1712
78,2022-08-30 04:25:00,0.0,0.1642
78,2022-08-30 04:30:00,0.0,0.1417
78,2022-08-30 04:35:00,0.0,0.1272
78,2022-08-30 04:40:00,0.0,0.1252
78,2022-08-30 04:45:00,0.0,0.1377
78,2022-08-30 04:50:00,0.0,0.1382
78,2022-08-30 04:55:00,0.0,0.1297
78,2022-08-30 05:00:00,0.0,0.1242
78,2022-08-30 05:05:00,0.0,0.1182
78,2022-08-30 05:10:00,0.0,0.1117
78,2022-08-30 05:15:00,0.0,0.1157
78,2022-08-30 05:20:00,0.0,0.1027
78,2022-08-30 05:25:00,0.0,0.0942
78,2022-08-30 05:30:00,0.0,0.0957
78,2022-08-30 05:35:00,0.0,0.0942
78,2022-08-30 05:40:00,0.0,0.0919
78,2022-08-30 05:45:00,0.0,0.1117
78,2022-08-30 05:50:00,0.0,0.112
78,2022-08-30 05:55:00,0.0,0.1007
78,2022-08-30 06:00:00,0.0,0.0993
78,2022-08-30 06:05:00,0.0,0.0918
78,2022-08-30 06:10:00,0.0,0.0843
78,2022-08-30 06:15:00,0.0,0.1023
78,2022-08-30 06:20:00,0.0,0.0948
78,2022-08-30 06:25:00,0.0,0.0778
78,2022-08-30 06:30:00,0.0,0.1044
78,2022-08-30 06:35:00,0.0,0.0963
78,2022-08-30 06:40:00,0.0,0.0633
78,2022-08-30 06:45:00,0.0,0.0788
78,2022-08-30 06:50:00,0.0,0.0958
78,2022-08-30 06:55:00,0.0,0.0688
78,2022-08-30 07:00:00,0.0,0.0558
78,2022-08-30 07:05:00,0.0,0.0673
78,2022-08-30 07:10:00,0.0,0.086
78,2022-08-30 07:15:00,0.0,0.0718
78,2022-08-30 07:20:00,0.0,0.0683
78,2022-08-30 07:25:00,0.0,0.0503
78,2022-08-30 07:30:00,0.0,0.0353
78,2022-08-30 07:35:00,0.0,0.0468
78,2022-08-30 07:40:00,0.0,0.0409
78,2022-08-30 07:45:00,0.0,0.0444
78,2022-08-30 07:50:00,0.0,0.0314
78,2022-08-30 07:55:00,0.0,0.0257
78,2022-08-30 08:00:00,0.0,0.0464
78,2022-08-30 08:05:00,0.0,0.0349
78,2022-08-30 08:10:00,0.0,0.0364
78,2022-08-30 08:15:00,0.0,0.0504
78,2022-08-30 08:20:00,0.0,0.0369
78,2022-08-30 08:25:00,0.0,0.0384
78,2022-08-30 08:30:00,0.0,0.0377
78,2022-08-30 08:35:00,0.0,0.0464
78,2022-08-30 08:40:00,0.0,0.0314
78,2022-08-30 08:45:00,0.0,0.0401
78,2022-08-30 08:50:00,0.0,0.037
78,2022-08-30 08:55:00,0.0,0.0429
79,2022-09-03 05:10:00,0.0,-0.0022
79,2022-09-03 05:15:00,0.0,0.0063
79,2022-09-03 05:20:00,0.0,0.0148
79,2022-09-03 05:25:00,0.006,0.0098
79,2022-09-03 05:30:00,0.005,0.0053
79,2022-09-03 05:35:00,0.002,0.0013
79,2022-09-03 05:40:00,0.014,0.0083
79,2022-09-03 05:45:00,0.016,0.0043
79,2022-09-03 05:50:00,0.01,0.0077
79,2022-09-03 05:55:00,0.002,0.0312
79,2022-09-03 06:00:00,0.0,0.0057
79,2022-09-03 06:05:00,0.0,0.0187
79,2022-09-03 06:10:00,0.0,0.0187
79,2022-09-03 06:15:00,0.0,0.0037
79,2022-09-03 06:20:00,0.0,0.0167
79,2022-09-03 06:25:00,0.0,0.0126
79,2022-09-03 06:30:00,0.0,0.0006
79,2022-09-03 06:35:00,0.0,0.0196
79,2022-09-03 06:40:00,0.01,0.0151
79,2022-09-03 06:45:00,0.042,0.0291
79,2022-09-03 06:50:00,0.043,0.0371
79,2022-09-03 06:55:00,0.016,0.0101
79,2022-09-03 07:00:00,0.032,0.0761
79,2022-09-03 07:05:00,0.136,0.188
79,2022-09-03 07:10:00,0.165,0.1355
79,2022-09-03 07:15:00,0.072,0.383
79,2022-09-03 07:20:00,0.037,1.094
79,2022-09-03 07:25:00,0.008,1.162
79,2022-09-03 07:30:00,0.007,1.426
79,2022-09-03 07:35:00,0.001,1.112
79,2022-09-03 07:40:00,0.0,0.9359
79,2022-09-03 07:45:00,0.0,0.5589
79,2022-09-03 07:50:00,0.0,0.4534
79,2022-09-03 07:55:00,0.0,0.3799
79,2022-09-03 08:00:00,0.0,0.3619
79,2022-09-03 08:05:00,0.0,0.3054
79,2022-09-03 08:10:00,0.0,0.2114
79,2022-09-03 08:15:00,0.0,0.2084
79,2022-09-03 08:20:00,0.0,0.1993
79,2022-09-03 08:25:00,0.0,0.2028
79,2022-09-03 08:30:00,0.0,0.2003
79,2022-09-03 08:35:00,0.0,0.1818
79,2022-09-03 08:40:00,0.0,0.1923
79,2022-09-03 08:45:00,0.0,0.1998
79,2022-09-03 08:50:00,0.0,0.1973
79,2022-09-03 08:55:00,0.0,0.1897
79,2022-09-03 09:00:00,0.0,0.1647
79,2022-09-03 09:05:00,0.0,0.1602
79,2022-09-03 09:10:00,0.0,0.1902
79,2022-09-03 09:15:00,0.0,0.1557
79,2022-09-03 09:20:00,0.0,0.1772
79,2022-09-03 09:25:00,0.0,0.1472
79,2022-09-03 09:30:00,0.0,0.1537
79,2022-09-03 09:35:00,0.0,0.1481
79,2022-09-03 09:40:00,0.0,0.1486
79,2022-09-03 09:45:00,0.0,0.1271
79,2022-09-03 09:50:00,0.0,0.1611
79,2022-09-03 09:55:00,0.0,0.1376
79,2022-09-03 10:00:00,0.0,0.1461
79,2022-09-03 10:05:00,0.0,0.1331
79,2022-09-03 10:10:00,0.008,0.13
79,2022-09-03 10:15:00,0.019,0.125
79,2022-09-03 10:20:00,0.005,0.1225
79,2022-09-03 10:25:00,0.001,0.1285
79,2022-09-03 10:30:00,0.0,0.12
79,2022-09-03 10:35:00,0.0,0.159
79,2022-09-03 10:40:00,0.0,0.119
79,2022-09-03 10:45:00,0.0,0.1165
79,2022-09-03 10:50:00,0.0,0.1234
79,2022-09-03 10:55:00,0.0,0.1244
79,2022-09-03 11:00:00,0.0,0.1334
79,2022-09-03 11:05:00,0.0,0.1149
79,2022-09-03 11:10:00,0.0,0.1309
79,2022-09-03 11:15:00,0.0,0.1464
79,2022-09-03 11:20:00,0.0,0.1369
79,2022-09-03 11:25:00,0.0,0.1418
79,2022-09-03 11:30:00,0.0,0.1198
79,2022-09-03 11:35:00,0.0,0.1398
79,2022-09-03 11:40:00,0.0,0.1353
79,2022-09-03 11:45:00,0.0,0.1023
79,2022-09-03 11:50:00,0.001,0.1083
79,2022-09-03 11:55:00,0.003,0.0978
79,2022-09-03 12:00:00,0.004,0.0933
79,2022-09-03 12:05:00,0.006,0.0947
79,2022-09-03 12:10:00,0.002,0.0762
79,2022-09-03 12:15:00,0.0,0.0797
79,2022-09-03 12:20:00,0.0,0.0937
79,2022-09-03 12:25:00,0.0,0.0942
79,2022-09-03 12:30:00,0.0,0.0882
79,2022-09-03 12:35:00,0.0,0.0942
79,2022-09-03 12:40:00,0.0,0.0896
79,2022-09-03 12:45:00,0.0,0.1331
79,2022-09-03 12:50:00,0.0,0.1421
79,2022-09-03 12:55:00,0.0,0.1296
79,2022-09-03 13:00:00,0.0,0.1186
79,2022-09-03 13:05:00,0.0,0.0846
79,2022-09-03 13:10:00,0.0,0.1101
79,2022-09-03 13:15:00,0.0,0.0905
79,2022-09-03 13:20:00,0.0,0.1035
79,2022-09-03 13:25:00,0.0,0.095
79,2022-09-03 13:30:00,0.0,0.0915
79,2022-09-03 13:35:00,0.0,0.1125
79,2022-09-03 13:40:00,0.0,0.108
79,2022-09-03 13:45:00,0.0,0.093
79,2022-09-03 13:50:00,0.0,0.105
79,2022-09-03 13:55:00,0.0,0.0769
79,2022-09-03 14:00:00,0.0,0.0969
79,2022-09-03 14:05:00,0.0,0.0859
79,2022-09-03 14:10:00,0.0,0.0929
79,2022-09-03 14:15:00,0.0,0.0879
79,2022-09-03 14:20:00,0.0,0.1004
79,2022-09-03 14:25:00,0.0,0.0904
79,2022-09-03 14:30:00,0.0,0.0813
79,2022-09-03 14:35:00,0.0,0.0713
79,2022-09-03 14:40:00,0.0,0.0628
79,2022-09-03 14:45:00,0.0,0.0888
79,2022-09-03 14:50:00,0.0,0.1208
79,2022-09-03 14:55:00,0.0,0.0778
79,2022-09-03 15:00:00,0.0,0.0658
79,2022-09-03 15:05:00,0.0,0.0623
79,2022-09-03 15:10:00,0.002,0.0572
79,2022-09-03 15:15:00,0.003,0.0692
79,2022-09-03 15:20:00,0.001,0.0727
79,2022-09-03 15:25:00,0.0,0.0662
79,2022-09-03 15:30:00,0.0,0.0622
79,2022-09-03 15:35:00,0.0,0.0672
79,2022-09-03 15:40:00,0.0,0.0772
79,2022-09-03 15:45:00,0.0,0.0916
79,2022-09-03 15:50:00,0.0,0.0771
79,2022-09-03 15:55:00,0.0,0.0751
79,2022-09-03 16:00:00,0.001,0.0666
79,2022-09-03 16:05:00,0.004,0.0756
79,2022-09-03 16:10:00,0.004,0.0856
79,2022-09-03 16:15:00,0.004,0.0521
79,2022-09-03 16:20:00,0.003,0.0571
79,2022-09-03 16:25:00,0.002,0.055
79,2022-09-03 16:30:00,0.0,0.056
79,2022-09-03 16:35:00,0.0,0.0375
79,2022-09-03 16:40:00,0.0,0.113
79,2022-09-03 16:45:00,0.0,0.0935
79,2022-09-03 16:50:00,0.001,0.0805
79,2022-09-03 16:55:00,0.002,0.0755
79,2022-09-03 17:00:00,0.006,0.0844
79,2022-09-03 17:05:00,0.007,0.0709
79,2022-09-03 17:10:00,0.012,0.0719
79,2022-09-03 17:15:00,0.013,0.0939
79,2022-09-03 17:20:00,0.015,0.0874
79,2022-09-03 17:25:00,0.023,0.0839
79,2022-09-03 17:30:00,0.026,0.0844
79,2022-09-03 17:35:00,0.018,0.1224
79,2022-09-03 17:40:00,0.018,0.2518
79,2022-09-03 17:45:00,0.031,0.3178
79,2022-09-03 17:50:00,0.061,0.2398
79,2022-09-03 17:55:00,0.051,0.2678
79,2022-09-03 18:00:00,0.018,0.9138
79,2022-09-03 18:05:00,0.009,1.0708
79,2022-09-03 18:10:00,0.007,0.7188
79,2022-09-03 18:15:00,0.008,0.6117
79,2022-09-03 18:20:00,0.009,0.5182
79,2022-09-03 18:25:00,0.011,0.4957
79,2022-09-03 18:30:00,0.01,0.4207
79,2022-09-03 18:35:00,0.009,0.4572
79,2022-09-03 18:40:00,0.009,0.3902
79,2022-09-03 18:45:00,0.01,0.3682
79,2022-09-03 18:50:00,0.009,0.3722
79,2022-09-03 18:55:00,0.008,0.4006
79,2022-09-03 19:00:00,0.009,0.4046
79,2022-09-03 19:05:00,0.013,0.3686
79,2022-09-03 19:10:00,0.018,0.4106
79,2022-09-03 19:15:00,0.019,0.3781
79,2022-09-03 19:20:00,0.017,0.4286
79,2022-09-03 19:25:00,0.013,0.4716
79,2022-09-03 19:30:00,0.013,0.475
79,2022-09-03 19:35:00,0.009,0.506
79,2022-09-03 19:40:00,0.006,0.5585
79,2022-09-03 19:45:00,0.005,0.5405
79,2022-09-03 19:50:00,0.004,0.543
79,2022-09-03 19:55:00,0.003,0.492
79,2022-09-03 20:00:00,0.002,0.478
79,2022-09-03 20:05:00,0.0,0.3805
79,2022-09-03 20:10:00,0.0,0.4069
79,2022-09-03 20:15:00,0.0,0.4239
79,2022-09-03 20:20:00,0.0,0.4319
79,2022-09-03 20:25:00,0.0,0.4194
79,2022-09-03 20:30:00,0.0,0.3959
79,2022-09-03 20:35:00,0.0,0.3799
79,2022-09-03 20:40:00,0.0,0.3689
79,2022-09-03 20:45:00,0.0,0.3658
79,2022-09-03 20:50:00,0.0,0.3543
79,2022-09-03 20:55:00,0.0,0.3288
79,2022-09-03 21:00:00,0.0,0.3263
79,2022-09-03 21:05:00,0.0,0.3548
79,2022-09-03 21:10:00,0.0,0.3623
79,2022-09-03 21:15:00,0.0,0.3303
79,2022-09-03 21:20:00,0.0,0.3308
79,2022-09-03 21:25:00,0.0,0.3107
79,2022-09-03 21:30:00,0.0,0.2877
79,2022-09-03 21:35:00,0.0,0.2662
79,2022-09-03 21:40:00,0.0,0.2542
79,2022-09-03 21:45:00,0.0,0.2592
79,2022-09-03 21:50:00,0.0,0.2462
79,2022-09-03 21:55:00,0.0,0.2662
79,2022-09-03 22:00:00,0.0,0.2511
79,2022-09-03 22:05:00,0.0,0.2546
79,2022-09-03 22:10:00,0.0,0.2351
79,2022-09-03 22:15:00,0.0,0.2546
79,2022-09-03 22:20:00,0.0,0.2536
79,2022-09-03 22:25:00,0.0,0.2336
79,2022-09-03 22:30:00,0.0,0.2346
79,2022-09-03 22:35:00,0.0,0.226
79,2022-09-03 22:40:00,0.0,0.229
79,2022-09-03 22:45:00,0.0,0.2265
79,2022-09-03 22:50:00,0.0,0.215
79,2022-09-03 22:55:00,0.0,0.2045
79,2022-09-03 23:00:00,0.0,0.2045
79,2022-09-03 23:05:00,0.0,0.206
79,2022-09-03 23:10:00,0.0,0.201
79,2022-09-03 23:15:00,0.0,0.2044
79,2022-09-03 23:20:00,0.0,0.2029
79,2022-09-03 23:25:00,0.0,0.2089
79,2022-09-03 23:30:00,0.001,0.2019
79,2022-09-03 23:35:00,0.002,0.1979
79,2022-09-03 23:40:00,0.002,0.1959
79,2022-09-03 23:45:00,0.001,0.1914
79,2022-09-03 23:50:00,0.0,0.1868
79,2022-09-03 23:55:00,0.0,0.1828
79,2022-09-04 00:00:00,0.0,0.1913
79,2022-09-04 00:05:00,0.0,0.2003
79,2022-09-04 00:10:00,0.0,0.1733
79,2022-09-04 00:15:00,0.0,0.1963
79,2022-09-04 00:20:00,0.0,0.1898
79,2022-09-04 00:25:00,0.0,0.1833
79,2022-09-04 00:30:00,0.0,0.1757
79,2022-09-04 00:35:00,0.0,0.1777
79,2022-09-04 00:40:00,0.0,0.1792
79,2022-09-04 00:45:00,0.0,0.1942
79,2022-09-04 00:50:00,0.0,0.1737
79,2022-09-04 00:55:00,0.0,0.1662
79,2022-09-04 01:00:00,0.0,0.1757
79,2022-09-04 01:05:00,0.0,0.1841
79,2022-09-04 01:10:00,0.0,0.1506
79,2022-09-04 01:15:00,0.0,0.1546
79,2022-09-04 01:20:00,0.0,0.1621
79,2022-09-04 01:25:00,0.0,0.1666
79,2022-09-04 01:30:00,0.0,0.1481
79,2022-09-04 01:35:00,0.0,0.1526
79,2022-09-04 01:40:00,0.0,0.1561
79,2022-09-04 01:45:00,0.0,0.1655
79,2022-09-04 01:50:00,0.0,0.1666
79,2022-09-04 01:55:00,0.0,0.154
79,2022-09-04 02:00:00,0.0,0.1266
79,2022-09-04 02:05:00,0.0,0.1435
79,2022-09-04 02:10:00,0.0,0.143
79,2022-09-04 02:15:00,0.0,0.142
79,2022-09-04 02:20:00,0.0,0.1373
79,2022-09-04 02:25:00,0.0,0.1384
79,2022-09-04 02:30:00,0.0,0.1309
79,2022-09-04 02:35:00,0.0,0.1319
79,2022-09-04 02:40:00,0.0,0.1204
79,2022-09-04 02:45:00,0.0,0.1374
79,2022-09-04 02:50:00,0.0,0.1329
79,2022-09-04 02:55:00,0.0,0.1314
79,2022-09-04 03:00:00,0.0,0.1403
79,2022-09-04 03:05:00,0.0,0.1518
79,2022-09-04 03:10:00,0.0,0.1463
79,2022-09-04 03:15:00,0.0,0.1418
79,2022-09-04 03:20:00,0.0,0.1278
79,2022-09-04 03:25:00,0.0,0.1292
79,2022-09-04 03:30:00,0.0,0.1353
79,2022-09-04 03:35:00,0.0,0.1422
79,2022-09-04 03:40:00,0.0,0.1267
79,2022-09-04 03:45:00,0.0,0.1317
79,2022-09-04 03:50:00,0.0,0.1292
79,2022-09-04 03:55:00,0.0,0.1272
79,2022-09-04 04:00:00,0.0,0.1212
79,2022-09-04 04:05:00,0.0,0.1342
79,2022-09-04 04:10:00,0.0,0.1092
79,2022-09-04 04:15:00,0.0,0.1276
79,2022-09-04 04:20:00,0.0,0.1151
79,2022-09-04 04:25:00,0.0,0.1221
79,2022-09-04 04:30:00,0.0,0.1242
79,2022-09-04 04:35:00,0.0,0.1221
79,2022-09-04 04:40:00,0.0,0.1328
79,2022-09-04 04:45:00,0.0,0.1186
79,2022-09-04 04:50:00,0.0,0.1125
79,2022-09-04 04:55:00,0.0,0.11
79,2022-09-04 05:00:00,0.0,0.1266
79,2022-09-04 05:05:00,0.0,0.1175
79,2022-09-04 05:10:00,0.0,0.1245
79,2022-09-04 05:15:00,0.0,0.1045
79,2022-09-04 05:20:00,0.0,0.0945
79,2022-09-04 05:25:00,0.0,0.099
79,2022-09-04 05:30:00,0.0,0.1159
79,2022-09-04 05:35:00,0.0,0.1147
79,2022-09-04 05:40:00,0.0,0.1099
79,2022-09-04 05:45:00,0.0,0.1034
79,2022-09-04 05:50:00,0.0,0.1054
79,2022-09-04 05:55:00,0.0,0.1045
79,2022-09-04 06:00:00,0.0,0.1119
79,2022-09-04 06:05:00,0.0,0.0983
79,2022-09-04 06:10:00,0.0,0.111
79,2022-09-04 06:15:00,0.0,0.1128
79,2022-09-04 06:20:00,0.0,0.0949
79,2022-09-04 06:25:00,0.0,0.101
79,2022-09-04 06:30:00,0.0,0.1173
79,2022-09-04 06:35:00,0.0,0.1123
79,2022-09-04 06:40:00,0.0,0.1123
79,2022-09-04 06:45:00,0.0,0.1112
79,2022-09-04 06:50:00,0.0,0.1162
79,2022-09-04 06:55:00,0.0,0.1062
79,2022-09-04 07:00:00,0.0,0.1152
79,2022-09-04 07:05:00,0.0,0.1122
79,2022-09-04 07:10:00,0.0,0.1292
79,2022-09-04 07:15:00,0.0,0.0937
79,2022-09-04 07:20:00,0.0,0.1046
79,2022-09-04 07:25:00,0.0,0.1066
79,2022-09-04 07:30:00,0.0,0.0964
79,2022-09-04 07:35:00,0.0,0.1091
79,2022-09-04 07:40:00,0.0,0.1121
79,2022-09-04 07:45:00,0.0,0.1157
79,2022-09-04 07:50:00,0.0,0.1346
79,2022-09-04 07:55:00,0.0,0.1098
79,2022-09-04 08:00:00,0.0,0.1325
79,2022-09-04 08:05:00,0.0,0.103
79,2022-09-04 08:10:00,0.0,0.0985
79,2022-09-04 08:15:00,0.0,0.096
79,2022-09-04 08:20:00,0.0,0.0899
79,2022-09-04 08:25:00,0.0,0.1135
79,2022-09-04 08:30:00,0.0,0.0915
79,2022-09-04 08:35:00,0.0,0.0984
79,2022-09-04 08:40:00,0.0,0.1039
79,2022-09-04 08:45:00,0.0,0.1149
79,2022-09-04 08:50:00,0.0,0.1108
79,2022-09-04 08:55:00,0.0,0.0974
79,2022-09-04 09:00:00,0.0,0.0919
79,2022-09-04 09:05:00,0.0,0.1129
79,2022-09-04 09:10:00,0.0,0.0623
79,2022-09-04 09:15:00,0.0,0.0738
79,2022-09-04 09:20:00,0.0,0.0598
79,2022-09-04 09:25:00,0.0,0.0863
79,2022-09-04 09:30:00,0.0,0.0933
79,2022-09-04 09:35:00,0.0,0.0843
79,2022-09-04 09:40:00,0.0,0.0768
79,2022-09-04 09:45:00,0.0,0.0848
79,2022-09-04 09:50:00,0.0,0.0867
79,2022-09-04 09:55:00,0.0,0.0857
79,2022-09-04 10:00:00,0.0,0.0877
79,2022-09-04 10:05:00,0.0,0.0942
79,2022-09-04 10:10:00,0.0,0.1137
79,2022-09-04 10:15:00,0.0,0.0807
79,2022-09-04 10:20:00,0.0,0.0837
79,2022-09-04 10:25:00,0.0,0.0741
79,2022-09-04 10:30:00,0.0,0.0741
79,2022-09-04 10:35:00,0.0,0.0971
79,2022-09-04 10:40:00,0.0,0.0836
79,2022-09-04 10:45:00,0.0,0.0926
79,2022-09-04 10:50:00,0.0,0.0841
79,2022-09-04 10:55:00,0.0,0.0911
79,2022-09-04 11:00:00,0.0,0.0626
79,2022-09-04 11:05:00,0.0,0.0695
79,2022-09-04 11:10:00,0.0,0.062
79,2022-09-04 11:15:00,0.0,0.064
79,2022-09-04 11:20:00,0.0,0.045
79,2022-09-04 11:25:00,0.0,0.074
79,2022-09-04 11:30:00,0.0,0.048
79,2022-09-04 11:35:00,0.0,0.0635
79,2022-09-04 11:40:00,0.0,0.0454
79,2022-09-04 11:45:00,0.0,0.0539
79,2022-09-04 11:50:00,0.0,0.0669
79,2022-09-04 11:55:00,0.0,0.0564
79,2022-09-04 12:00:00,0.0,0.0623
79,2022-09-04 12:05:00,0.0,0.0554
79,2022-09-04 12:10:00,0.0,0.0599
79,2022-09-04 12:15:00,0.0,0.0599
79,2022-09-04 12:20:00,0.0,0.0858
79,2022-09-04 12:25:00,0.0,0.0963
79,2022-09-04 12:30:00,0.0,0.0533
79,2022-09-04 12:35:00,0.0,0.0483
79,2022-09-04 12:40:00,0.0,0.0623
79,2022-09-04 12:45:00,0.0,0.0693
79,2022-09-04 12:50:00,0.0,0.0753
79,2022-09-04 12:55:00,0.0,0.0687
79,2022-09-04 13:00:00,0.0,0.0797
79,2022-09-04 13:05:00,0.0,0.0721
79,2022-09-04 13:10:00,0.0,0.0602
79,2022-09-04 13:15:00,0.0,0.0692
79,2022-09-04 13:20:00,0.0,0.0832
79,2022-09-04 13:25:00,0.0,0.0496
79,2022-09-04 13:30:00,0.0,0.0602
79,2022-09-04 13:35:00,0.0,0.0621
79,2022-09-04 13:40:00,0.0,0.0626
79,2022-09-04 13:45:00,0.0,0.0626
79,2022-09-04 13:50:00,0.0,0.0816
79,2022-09-04 13:55:00,0.0,0.0816
79,2022-09-04 14:00:00,0.0,0.0676
79,2022-09-04 14:05:00,0.0,0.0951
79,2022-09-04 14:10:00,0.0,0.0535
79,2022-09-04 14:15:00,0.0,0.0585
79,2022-09-04 14:20:00,0.0,0.053
79,2022-09-04 14:25:00,0.0,0.0535
79,2022-09-04 14:30:00,0.0,0.0545
79,2022-09-04 14:35:00,0.0,0.0675
79,2022-09-04 14:40:00,0.0,0.063
80,2022-09-04 14:40:00,0.0,0.063
80,2022-09-04 14:45:00,0.0,0.051
80,2022-09-04 14:50:00,0.0,0.0644
80,2022-09-04 14:55:00,0.024,0.0469
80,2022-09-04 15:00:00,0.103,0.0409
80,2022-09-04 15:05:00,0.053,0.0559
80,2022-09-04 15:10:00,0.007,0.1089
80,2022-09-04 15:15:00,0.0,0.9612
80,2022-09-04 15:20:00,0.0,0.6164
80,2022-09-04 15:25:00,0.003,0.3578
80,2022-09-04 15:30:00,0.012,0.3233
80,2022-09-04 15:35:00,0.015,0.2518
80,2022-09-04 15:40:00,0.003,0.2418
80,2022-09-04 15:45:00,0.0,0.1913
80,2022-09-04 15:50:00,0.0,0.2148
80,2022-09-04 15:55:00,0.0,0.1858
80,2022-09-04 16:00:00,0.0,0.1864
80,2022-09-04 16:05:00,0.0,0.1791
80,2022-09-04 16:10:00,0.0,0.1777
80,2022-09-04 16:15:00,0.0,0.2067
80,2022-09-04 16:20:00,0.0,0.1937
80,2022-09-04 16:25:00,0.0,0.1812
80,2022-09-04 16:30:00,0.0,0.1747
80,2022-09-04 16:35:00,0.0,0.1872
80,2022-09-04 16:40:00,0.0,0.1996
80,2022-09-04 16:45:00,0.0,0.1901
80,2022-09-04 16:50:00,0.0,0.1726
80,2022-09-04 16:55:00,0.0,0.1666
80,2022-09-04 17:00:00,0.0,0.1511
80,2022-09-04 17:05:00,0.0,0.1461
80,2022-09-04 17:10:00,0.0,0.1447
80,2022-09-04 17:15:00,0.0,0.137
80,2022-09-04 17:20:00,0.0,0.148
80,2022-09-04 17:25:00,0.0,0.153
80,2022-09-04 17:30:00,0.0,0.1405
80,2022-09-04 17:35:00,0.0,0.1505
80,2022-09-04 17:40:00,0.0,0.1475
80,2022-09-04 17:45:00,0.0,0.133
80,2022-09-04 17:50:00,0.0,0.1224
80,2022-09-04 17:55:00,0.0,0.1394
80,2022-09-04 18:00:00,0.0,0.1304
80,2022-09-04 18:05:00,0.0,0.0993
80,2022-09-04 18:10:00,0.0,0.0864
80,2022-09-04 18:15:00,0.0,0.1299
80,2022-09-04 18:20:00,0.0,0.0989
80,2022-09-04 18:25:00,0.0,0.1194
80,2022-09-04 18:30:00,0.0,0.1078
80,2022-09-04 18:35:00,0.0,0.1098
80,2022-09-04 18:40:00,0.0,0.1203
80,2022-09-04 18:45:00,0.0,0.1018
80,2022-09-04 18:50:00,0.0,0.1217
80,2022-09-04 18:55:00,0.0,0.1113
80,2022-09-04 19:00:00,0.0,0.1308
80,2022-09-04 19:05:00,0.0,0.1223
80,2022-09-04 19:10:00,0.0,0.1022
80,2022-09-04 19:15:00,0.0,0.1087
80,2022-09-04 19:20:00,0.0,0.0842
80,2022-09-04 19:25:00,0.0,0.0917
80,2022-09-04 19:30:00,0.0,0.0889
80,2022-09-04 19:35:00,0.006,0.1008
80,2022-09-04 19:40:00,0.021,0.0722
80,2022-09-04 19:45:00,0.007,0.0761
80,2022-09-04 19:50:00,0.001,0.0766
80,2022-09-04 19:55:00,0.0,0.0886
80,2022-09-04 20:00:00,0.0,0.0841
80,2022-09-04 20:05:00,0.0,0.1046
80,2022-09-04 20:10:00,0.0,0.1329
80,2022-09-04 20:15:00,0.0,0.1234
80,2022-09-04 20:20:00,0.0,0.1296
80,2022-09-04 20:25:00,0.0,0.126
80,2022-09-04 20:30:00,0.0,0.1185
80,2022-09-04 20:35:00,0.0,0.1185
80,2022-09-04 20:40:00,0.0,0.1385
80,2022-09-04 20:45:00,0.0,0.119
80,2022-09-04 20:50:00,0.0,0.1175
80,2022-09-04 20:55:00,0.0,0.126
80,2022-09-04 21:00:00,0.0,0.0974
80,2022-09-04 21:05:00,0.0,0.0989
80,2022-09-04 21:10:00,0.0,0.1318
80,2022-09-04 21:15:00,0.0,0.1179
80,2022-09-04 21:20:00,0.0,0.1094
80,2022-09-04 21:25:00,0.0,0.0974
80,2022-09-04 21:30:00,0.0,0.0849
80,2022-09-04 21:35:00,0.0,0.1074
80,2022-09-04 21:40:00,0.0,0.0903
80,2022-09-04 21:45:00,0.0,0.1133
80,2022-09-04 21:50:00,0.0,0.1293
80,2022-09-04 21:55:00,0.0,0.1013
80,2022-09-04 22:00:00,0.0,0.1208
80,2022-09-04 22:05:00,0.0,0.1168
80,2022-09-04 22:10:00,0.0,0.1468
80,2022-09-04 22:15:00,0.0,0.1302
80,2022-09-04 22:20:00,0.0,0.1207
80,2022-09-04 22:25:00,0.0,0.1072
80,2022-09-04 22:30:00,0.0,0.1091
80,2022-09-04 22:35:00,0.0,0.1212
80,2022-09-04 22:40:00,0.0,0.1237
80,2022-09-04 22:45:00,0.0,0.1497
80,2022-09-04 22:50:00,0.0,0.1312
80,2022-09-04 22:55:00,0.0,0.1281
80,2022-09-04 23:00:00,0.0,0.1151
80,2022-09-04 23:05:00,0.0,0.1086
80,2022-09-04 23:10:00,0.0,0.0936
80,2022-09-04 23:15:00,0.0,0.0881
80,2022-09-04 23:20:00,0.0,0.1101
80,2022-09-04 23:25:00,0.0,0.1054
80,2022-09-04 23:30:00,0.0,0.1045
80,2022-09-04 23:35:00,0.001,0.106
80,2022-09-04 23:40:00,0.0,0.1057
80,2022-09-04 23:45:00,0.0,0.104
80,2022-09-04 23:50:00,0.0,0.098
80,2022-09-04 23:55:00,0.001,0.1025
80,2022-09-05 00:00:00,0.02,0.099
80,2022-09-05 00:05:00,0.063,0.1045
80,2022-09-05 00:10:00,0.085,0.1154
80,2022-09-05 00:15:00,0.168,0.1114
80,2022-09-05 00:20:00,0.196,0.807
80,2022-09-05 00:25:00,0.127,1.1214
80,2022-09-05 00:30:00,0.12,1.3109
80,2022-09-05 00:35:00,0.061,1.4049
80,2022-09-05 00:40:00,0.025,1.8079
80,2022-09-05 00:45:00,0.011,1.9113
80,2022-09-05 00:50:00,0.002,1.6633
80,2022-09-05 00:55:00,0.0,1.5088
80,2022-09-05 01:00:00,0.0,1.6863
80,2022-09-05 01:05:00,0.0,1.4073
80,2022-09-05 01:10:00,0.0,1.3113
80,2022-09-05 01:15:00,0.0,0.9863
80,2022-09-05 01:20:00,0.0,1.0493
80,2022-09-05 01:25:00,0.0,0.9252
80,2022-09-05 01:30:00,0.0,0.9712
80,2022-09-05 01:35:00,0.0,0.7947
80,2022-09-05 01:40:00,0.003,0.7202
80,2022-09-05 01:45:00,0.051,0.7422
80,2022-09-05 01:50:00,0.024,0.7117
80,2022-09-05 01:55:00,0.008,0.6657
80,2022-09-05 02:00:00,0.02,0.6321
80,2022-09-05 02:05:00,0.01,0.6551
80,2022-09-05 02:10:00,0.009,0.6606
80,2022-09-05 02:15:00,0.015,0.6826
80,2022-09-05 02:20:00,0.028,0.6966
80,2022-09-05 02:25:00,0.052,0.6786
80,2022-09-05 02:30:00,0.025,0.9546
80,2022-09-05 02:35:00,0.022,0.798
80,2022-09-05 02:40:00,0.013,0.702
80,2022-09-05 02:45:00,0.007,0.891
80,2022-09-05 02:50:00,0.009,1.0335
80,2022-09-05 02:55:00,0.009,0.994
80,2022-09-05 03:00:00,0.006,1.1965
80,2022-09-05 03:05:00,0.001,1.3605
80,2022-09-05 03:10:00,0.001,1.2155
80,2022-09-05 03:15:00,0.002,1.0684
80,2022-09-05 03:20:00,0.004,1.0114
80,2022-09-05 03:25:00,0.007,0.8539
80,2022-09-05 03:30:00,0.006,0.8119
80,2022-09-05 03:35:00,0.001,0.7839
80,2022-09-05 03:40:00,0.001,1.0219
80,2022-09-05 03:45:00,0.002,0.9369
80,2022-09-05 03:50:00,0.003,0.8598
80,2022-09-05 03:55:00,0.002,0.8478
80,2022-09-05 04:00:00,0.001,0.8008
80,2022-09-05 04:05:00,0.0,0.7568
80,2022-09-05 04:10:00,0.0,0.7763
80,2022-09-05 04:15:00,0.0,0.7943
80,2022-09-05 04:20:00,0.0,0.7978
80,2022-09-05 04:25:00,0.0,0.7143
80,2022-09-05 04:30:00,0.0,0.7357
80,2022-09-05 04:35:00,0.0,0.6702
80,2022-09-05 04:40:00,0.0,0.6757
80,2022-09-05 04:45:00,0.0,0.6647
80,2022-09-05 04:50:00,0.0,0.6577
80,2022-09-05 04:55:00,0.0,0.6247
80,2022-09-05 05:00:00,0.0,0.5992
80,2022-09-05 05:05:00,0.0,0.5786
80,2022-09-05 05:10:00,0.0,0.5971
80,2022-09-05 05:15:00,0.0,0.5711
80,2022-09-05 05:20:00,0.0,0.5531
80,2022-09-05 05:25:00,0.0,0.5666
80,2022-09-05 05:30:00,0.0,0.5526
80,2022-09-05 05:35:00,0.0,0.5746
80,2022-09-05 05:40:00,0.0,0.5636
80,2022-09-05 05:45:00,0.002,0.4955
80,2022-09-05 05:50:00,0.003,0.506
80,2022-09-05 05:55:00,0.001,0.4855
80,2022-09-05 06:00:00,0.0,0.485
80,2022-09-05 06:05:00,0.0,0.505
80,2022-09-05 06:10:00,0.0,0.4455
80,2022-09-05 06:15:00,0.0,0.4425
80,2022-09-05 06:20:00,0.0,0.4464
80,2022-09-05 06:25:00,0.0,0.4289
80,2022-09-05 06:30:00,0.0,0.4599
80,2022-09-05 06:35:00,0.0,0.4334
80,2022-09-05 06:40:00,0.0,0.4109
80,2022-09-05 06:45:00,0.0,0.4324
80,2022-09-05 06:50:00,0.0,0.3894
80,2022-09-05 06:55:00,0.0,0.4219
80,2022-09-05 07:00:00,0.0,0.4213
80,2022-09-05 07:05:00,0.0,0.4073
80,2022-09-05 07:10:00,0.0,0.3863
80,2022-09-05 07:15:00,0.0,0.4063
80,2022-09-05 07:20:00,0.0,0.3688
80,2022-09-05 07:25:00,0.0,0.3908
80,2022-09-05 07:30:00,0.0,0.3943
80,2022-09-05 07:35:00,0.0,0.4102
80,2022-09-05 07:40:00,0.0,0.4012
80,2022-09-05 07:45:00,0.0,0.3682
80,2022-09-05 07:50:00,0.0,0.4077
80,2022-09-05 07:55:00,0.0,0.3897
80,2022-09-05 08:00:00,0.0,0.3702
80,2022-09-05 08:05:00,0.0,0.3637
80,2022-09-05 08:10:00,0.0,0.3807
80,2022-09-05 08:15:00,0.0,0.3566
80,2022-09-05 08:20:00,0.0,0.38
80,2022-09-05 08:25:00,0.0,0.3426
80,2022-09-05 08:30:00,0.0,0.3926
80,2022-09-05 08:35:00,0.0,0.3691
80,2022-09-05 08:40:00,0.0,0.4031
80,2022-09-05 08:45:00,0.0,0.4146
80,2022-09-05 08:50:00,0.0,0.4195
80,2022-09-05 08:55:00,0.0,0.399
80,2022-09-05 09:00:00,0.0,0.3895
80,2022-09-05 09:05:00,0.0,0.362
80,2022-09-05 09:10:00,0.0,0.393
80,2022-09-05 09:15:00,0.0,0.3879
80,2022-09-05 09:20:00,0.0,0.3545
80,2022-09-05 09:25:00,0.0,0.3295
80,2022-09-05 09:30:00,0.0,0.3653
80,2022-09-05 09:35:00,0.0,0.3784
80,2022-09-05 09:40:00,0.0,0.3799
80,2022-09-05 09:45:00,0.0,0.3479
80,2022-09-05 09:50:00,0.0,0.3404
80,2022-09-05 09:55:00,0.0,0.3329
80,2022-09-05 10:00:00,0.0,0.3899
80,2022-09-05 10:05:00,0.0,0.3323
80,2022-09-05 10:10:00,0.0,0.3083
80,2022-09-05 10:15:00,0.0,0.3463
80,2022-09-05 10:20:00,0.0,0.3503
80,2022-09-05 10:25:00,0.0,0.3638
80,2022-09-05 10:30:00,0.0,0.3423
80,2022-09-05 10:35:00,0.0,0.3638
80,2022-09-05 10:40:00,0.0,0.3223
80,2022-09-05 10:45:00,0.0,0.3772
80,2022-09-05 10:50:00,0.0,0.3337
80,2022-09-05 10:55:00,0.0,0.3312
80,2022-09-05 11:00:00,0.0,0.3607
80,2022-09-05 11:05:00,0.0,0.3132
80,2022-09-05 11:10:00,0.0,0.3232
80,2022-09-05 11:15:00,0.0,0.3047
80,2022-09-05 11:20:00,0.0,0.3051
80,2022-09-05 11:25:00,0.0,0.3101
80,2022-09-05 11:30:00,0.0,0.3196
80,2022-09-05 11:35:00,0.0,0.3106
80,2022-09-05 11:40:00,0.0,0.3066
80,2022-09-05 11:45:00,0.0,0.3271
80,2022-09-05 11:50:00,0.0,0.3156
80,2022-09-05 11:55:00,0.0,0.2978
80,2022-09-05 12:00:00,0.0,0.3195
80,2022-09-05 12:05:00,0.0,0.306
80,2022-09-05 12:10:00,0.0,0.3155
80,2022-09-05 12:15:00,0.0,0.3455
80,2022-09-05 12:20:00,0.0,0.3075
80,2022-09-05 12:25:00,0.0,0.295
80,2022-09-05 12:30:00,0.0,0.319
80,2022-09-05 12:35:00,0.0,0.3269
80,2022-09-05 12:40:00,0.0,0.29
80,2022-09-05 12:45:00,0.0,0.2274
80,2022-09-05 12:50:00,0.0,0.2394
80,2022-09-05 12:55:00,0.0,0.3424
80,2022-09-05 13:00:00,0.0,0.2889
80,2022-09-05 13:05:00,0.0,0.2714
80,2022-09-05 13:10:00,0.0,0.2503
80,2022-09-05 13:15:00,0.0,0.2698
80,2022-09-05 13:20:00,0.0,0.2693
80,2022-09-05 13:25:00,0.0,0.2698
80,2022-09-05 13:30:00,0.0,0.2578
80,2022-09-05 13:35:00,0.0,0.2768
80,2022-09-05 13:40:00,0.0,0.2853
80,2022-09-05 13:45:00,0.0,0.2978
80,2022-09-05 13:50:00,0.0,0.2772
80,2022-09-05 13:55:00,0.0,0.2697
80,2022-09-05 14:00:00,0.0,0.2851
80,2022-09-05 14:05:00,0.0,0.2897
80,2022-09-05 14:10:00,0.0,0.2852
80,2022-09-05 14:15:00,0.0,0.2522
80,2022-09-05 14:20:00,0.0,0.2707
80,2022-09-05 14:25:00,0.0,0.2131
80,2022-09-05 14:30:00,0.0,0.2531
80,2022-09-05 14:35:00,0.0,0.2501
80,2022-09-05 14:40:00,0.0,0.2451
80,2022-09-05 14:45:00,0.0,0.2196
80,2022-09-05 14:50:00,0.0,0.2236
80,2022-09-05 14:55:00,0.0,0.2366
80,2022-09-05 15:00:00,0.0,0.2451
80,2022-09-05 15:05:00,0.0,0.236
80,2022-09-05 15:10:00,0.0,0.233
80,2022-09-05 15:15:00,0.0,0.214
80,2022-09-05 15:20:00,0.0,0.218
80,2022-09-05 15:25:00,0.0,0.2045
80,2022-09-05 15:30:00,0.0,0.2205
80,2022-09-05 15:35:00,0.0,0.241
80,2022-09-05 15:40:00,0.0,0.2354
80,2022-09-05 15:45:00,0.0,0.2194
80,2022-09-05 15:50:00,0.0,0.1749
80,2022-09-05 15:55:00,0.0,0.1889
80,2022-09-05 16:00:00,0.0,0.1869
80,2022-09-05 16:05:00,0.0,0.1884
80,2022-09-05 16:10:00,0.0,0.1819
80,2022-09-05 16:15:00,0.0,0.1979
80,2022-09-05 16:20:00,0.0,0.2048
80,2022-09-05 16:25:00,0.0,0.2003
80,2022-09-05 16:30:00,0.0,0.2098
80,2022-09-05 16:35:00,0.0,0.2058
80,2022-09-05 16:40:00,0.0,0.2008
80,2022-09-05 16:45:00,0.0,0.1923
80,2022-09-05 16:50:00,0.001,0.2158
80,2022-09-05 16:55:00,0.0,0.2182
80,2022-09-05 17:00:00,0.0,0.2052
80,2022-09-05 17:05:00,0.0,0.1907
80,2022-09-05 17:10:00,0.001,0.1792
80,2022-09-05 17:15:00,0.001,0.1962
80,2022-09-05 17:20:00,0.0,0.2332
80,2022-09-05 17:25:00,0.0,0.2522
81,2022-09-05 17:30:00,0.001,0.1827
81,2022-09-05 17:35:00,0.0,0.1886
81,2022-09-05 17:40:00,0.002,0.1751
81,2022-09-05 17:45:00,0.017,0.1836
81,2022-09-05 17:50:00,0.03,0.1861
81,2022-09-05 17:55:00,0.023,0.1761
81,2022-09-05 18:00:00,0.015,0.1901
81,2022-09-05 18:05:00,0.006,0.1746
81,2022-09-05 18:10:00,0.001,0.1875
81,2022-09-05 18:15:00,0.0,0.199
81,2022-09-05 18:20:00,0.0,0.1775
81,2022-09-05 18:25:00,0.0,0.192
81,2022-09-05 18:30:00,0.0,0.206
81,2022-09-05 18:35:00,0.0,0.2255
81,2022-09-05 18:40:00,0.0,0.2215
81,2022-09-05 18:45:00,0.0,0.2205
81,2022-09-05 18:50:00,0.0,0.2604
81,2022-09-05 18:55:00,0.0,0.2599
81,2022-09-05 19:00:00,0.0,0.2754
81,2022-09-05 19:05:00,0.0,0.2489
81,2022-09-05 19:10:00,0.0,0.2734
81,2022-09-05 19:15:00,0.0,0.2484
81,2022-09-05 19:20:00,0.0,0.2319
81,2022-09-05 19:25:00,0.0,0.2423
81,2022-09-05 19:30:00,0.0,0.2323
81,2022-09-05 19:35:00,0.0,0.2168
81,2022-09-05 19:40:00,0.0,0.2363
81,2022-09-05 19:45:00,0.0,0.2433
81,2022-09-05 19:50:00,0.0,0.2438
81,2022-09-05 19:55:00,0.0,0.2048
81,2022-09-05 20:00:00,0.0,0.2323
81,2022-09-05 20:05:00,0.0,0.2062
81,2022-09-05 20:10:00,0.0,0.2372
81,2022-09-05 20:15:00,0.0,0.1937
81,2022-09-05 20:20:00,0.0,0.2
81,2022-09-05 20:25:00,0.0,0.2382
81,2022-09-05 20:30:00,0.0,0.1882
81,2022-09-05 20:35:00,0.0,0.2037
81,2022-09-05 20:40:00,0.0,0.207
81,2022-09-05 20:45:00,0.0,0.2176
81,2022-09-05 20:50:00,0.0,0.2391
81,2022-09-05 20:55:00,0.0,0.2171
81,2022-09-05 21:00:00,0.0,0.2166
81,2022-09-05 21:05:00,0.0,0.1766
81,2022-09-05 21:10:00,0.0,0.2076
81,2022-09-05 21:15:00,0.002,0.1965
81,2022-09-05 21:20:00,0.003,0.175
81,2022-09-05 21:25:00,0.001,0.1795
81,2022-09-05 21:30:00,0.0,0.135
81,2022-09-05 21:35:00,0.0,0.165
81,2022-09-05 21:40:00,0.0,0.159
81,2022-09-05 21:45:00,0.0,0.19
81,2022-09-05 21:50:00,0.0,0.188
81,2022-09-05 21:55:00,0.0,0.1814
81,2022-09-05 22:00:00,0.0,0.1824
81,2022-09-05 22:05:00,0.0,0.1789
81,2022-09-05 22:10:00,0.0,0.1654
81,2022-09-05 22:15:00,0.0,0.17
81,2022-09-05 22:20:00,0.0,0.1509
81,2022-09-05 22:25:00,0.0,0.2029
81,2022-09-05 22:30:00,0.0,0.1636
81,2022-09-05 22:35:00,0.0,0.1472
81,2022-09-05 22:40:00,0.0,0.1353
81,2022-09-05 22:45:00,0.0,0.1443
81,2022-09-05 22:50:00,0.0,0.1488
81,2022-09-05 22:55:00,0.0,0.1348
81,2022-09-05 23:00:00,0.0,0.1398
81,2022-09-05 23:05:00,0.0,0.1443
81,2022-09-05 23:10:00,0.0,0.1427
81,2022-09-05 23:15:00,0.0,0.1342
81,2022-09-05 23:20:00,0.0,0.1447
81,2022-09-05 23:25:00,0.0,0.1402
81,2022-09-05 23:30:00,0.0,0.1457
81,2022-09-05 23:35:00,0.0,0.1432
81,2022-09-05 23:40:00,0.0,0.1542
81,2022-09-05 23:45:00,0.0,0.1351
81,2022-09-05 23:50:00,0.0,0.1461
81,2022-09-05 23:55:00,0.0,0.1471
81,2022-09-06 00:00:00,0.0,0.1376
81,2022-09-06 00:05:00,0.0,0.1461
81,2022-09-06 00:10:00,0.0,0.1301
81,2022-09-06 00:15:00,0.0,0.1251
81,2022-09-06 00:20:00,0.0,0.1266
81,2022-09-06 00:25:00,0.0,0.1405
81,2022-09-06 00:30:00,0.0,0.141
82,2022-09-06 09:20:00,0.0,0.1251
82,2022-09-06 09:25:00,0.0,0.1205
82,2022-09-06 09:30:00,0.0,0.1006
82,2022-09-06 09:35:00,0.009,0.1171
82,2022-09-06 09:40:00,0.037,0.1106
82,2022-09-06 09:45:00,0.079,0.1185
82,2022-09-06 09:50:00,0.023,0.109
82,2022-09-06 09:55:00,0.004,0.7855
82,2022-09-06 10:00:00,0.0,0.6888
82,2022-09-06 10:05:00,0.0,0.482
82,2022-09-06 10:10:00,0.0,0.399
82,2022-09-06 10:15:00,0.0,0.3145
82,2022-09-06 10:20:00,0.0,0.2829
82,2022-09-06 10:25:00,0.0,0.2944
82,2022-09-06 10:30:00,0.0,0.2884
82,2022-09-06 10:35:00,0.001,0.2629
82,2022-09-06 10:40:00,0.002,0.2414
82,2022-09-06 10:45:00,0.0,0.2454
82,2022-09-06 10:50:00,0.004,0.2314
82,2022-09-06 10:55:00,0.003,0.2524
82,2022-09-06 11:00:00,0.001,0.2253
82,2022-09-06 11:05:00,0.001,0.2098
82,2022-09-06 11:10:00,0.001,0.1955
82,2022-09-06 11:15:00,0.002,0.2018
82,2022-09-06 11:20:00,0.005,0.2013
82,2022-09-06 11:25:00,0.007,0.2093
82,2022-09-06 11:30:00,0.01,0.1966
82,2022-09-06 11:35:00,0.008,0.2118
82,2022-09-06 11:40:00,0.003,0.216
82,2022-09-06 11:45:00,0.001,0.2027
82,2022-09-06 11:50:00,0.0,0.2222
82,2022-09-06 11:55:00,0.0,0.2269
82,2022-09-06 12:00:00,0.0,0.2102
82,2022-09-06 12:05:00,0.0,0.2243
82,2022-09-06 12:10:00,0.0,0.2096
82,2022-09-06 12:15:00,0.0,0.2174
82,2022-09-06 12:20:00,0.0,0.2436
82,2022-09-06 12:25:00,0.0,0.2221
82,2022-09-06 12:30:00,0.0,0.2347
82,2022-09-06 12:35:00,0.0,0.2046
82,2022-09-06 12:40:00,0.0,0.1881
82,2022-09-06 12:45:00,0.0,0.2106
82,2022-09-06 12:50:00,0.0,0.194
82,2022-09-06 12:55:00,0.0,0.1976
82,2022-09-06 13:00:00,0.0,0.1869
82,2022-09-06 13:05:00,0.0,0.2185
82,2022-09-06 13:10:00,0.0,0.212
82,2022-09-06 13:15:00,0.0,0.2025
82,2022-09-06 13:20:00,0.0,0.2025
82,2022-09-06 13:25:00,0.0,0.1852
82,2022-09-06 13:30:00,0.0,0.1769
82,2022-09-06 13:35:00,0.0,0.2054
82,2022-09-06 13:40:00,0.0,0.1774
82,2022-09-06 13:45:00,0.0,0.1909
82,2022-09-06 13:50:00,0.0,0.1744
82,2022-09-06 13:55:00,0.0,0.2029
82,2022-09-06 14:00:00,0.0,0.1734
82,2022-09-06 14:05:00,0.0,0.1603
82,2022-09-06 14:10:00,0.0,0.1482
82,2022-09-06 14:15:00,0.0,0.1613
82,2022-09-06 14:20:00,0.0,0.1748
82,2022-09-06 14:25:00,0.0,0.1657
82,2022-09-06 14:30:00,0.0,0.1703
82,2022-09-06 14:35:00,0.0,0.1699
82,2022-09-06 14:40:00,0.0,0.1626
82,2022-09-06 14:45:00,0.0,0.1647
82,2022-09-06 14:50:00,0.0,0.1607
82,2022-09-06 14:55:00,0.0,0.1747
82,2022-09-06 15:00:00,0.0,0.1562
82,2022-09-06 15:05:00,0.0,0.1562
82,2022-09-06 15:10:00,0.0,0.1662
82,2022-09-06 15:15:00,0.0,0.1382
82,2022-09-06 15:20:00,0.0,0.1501
82,2022-09-06 15:25:00,0.0,0.1491
82,2022-09-06 15:30:00,0.0,0.1526
82,2022-09-06 15:35:00,0.0,0.1741
82,2022-09-06 15:40:00,0.0,0.1706
82,2022-09-06 15:45:00,0.0,0.1321
82,2022-09-06 15:50:00,0.0,0.1371
82,2022-09-06 15:55:00,0.0,0.1355
82,2022-09-06 16:00:00,0.0,0.145
82,2022-09-06 16:05:00,0.0,0.1445
82,2022-09-06 16:10:00,0.0,0.141
82,2022-09-06 16:15:00,0.0,0.144
82,2022-09-06 16:20:00,0.0,0.1695
82,2022-09-06 16:25:00,0.0,0.156
82,2022-09-06 16:30:00,0.0,0.134
82,2022-09-06 16:35:00,0.0,0.1484
82,2022-09-06 16:40:00,0.0,0.1724
82,2022-09-06 16:45:00,0.0,0.1509
82,2022-09-06 16:50:00,0.0,0.1489
82,2022-09-06 16:55:00,0.0,0.1424
82,2022-09-06 17:00:00,0.0,0.1279
83,2022-09-11 04:50:00,0.0,-0.0049
83,2022-09-11 04:55:00,0.0,-0.0044
83,2022-09-11 05:00:00,0.0,-0.0058
83,2022-09-11 05:05:00,0.0376,-0.0049
83,2022-09-11 05:10:00,0.0,-0.007
83,2022-09-11 05:15:00,0.0,-0.022
83,2022-09-11 05:20:00,0.0,-0.008
83,2022-09-11 05:25:00,0.0,-0.0115
83,2022-09-11 05:30:00,0.0,0.0045
83,2022-09-11 05:35:00,0.0,0.0193
83,2022-09-11 05:40:00,0.0,0.0145
83,2022-09-11 05:45:00,0.0,0.012
83,2022-09-11 05:50:00,0.0,0.018
83,2022-09-11 05:55:00,0.0,0.0222
83,2022-09-11 06:00:00,0.0,0.0205
83,2022-09-11 06:05:00,0.0,0.008
83,2022-09-11 06:10:00,0.0,0.0146
83,2022-09-11 06:15:00,0.0,0.0155
83,2022-09-11 06:20:00,0.0,0.0036
83,2022-09-11 06:25:00,0.0,-0.0033
83,2022-09-11 06:30:00,0.0,-0.011
83,2022-09-11 06:35:00,0.0,-0.013
83,2022-09-11 06:40:00,0.0,-0.003
83,2022-09-11 06:45:00,0.0,-0.002
83,2022-09-11 06:50:00,0.0,0.011
83,2022-09-11 06:55:00,0.0,-0.0011
83,2022-09-11 07:00:00,0.0,0.0129
83,2022-09-11 07:05:00,0.0,0.0039
83,2022-09-11 07:10:00,0.0,0.0049
83,2022-09-11 07:15:00,0.0,0.0004
83,2022-09-11 07:20:00,0.0,0.0024
83,2022-09-11 07:25:00,0.0,0.0144
83,2022-09-11 07:30:00,0.0,-0.0068
83,2022-09-11 07:35:00,0.0,0.0039
83,2022-09-11 07:40:00,0.0,0.0229
83,2022-09-11 07:45:00,0.0,0.0225
83,2022-09-11 07:50:00,0.0,0.0314
83,2022-09-11 07:55:00,0.0,0.0266
83,2022-09-11 08:00:00,0.0,0.0144
83,2022-09-11 08:05:00,0.0,0.0049
83,2022-09-11 08:10:00,0.0,0.0344
83,2022-09-11 08:15:00,0.0,0.0339
83,2022-09-11 08:20:00,0.0,0.0228
83,2022-09-11 08:25:00,0.0,0.0314
83,2022-09-11 08:30:00,0.0,0.0144
83,2022-09-11 08:35:00,0.0,0.0044
83,2022-09-11 08:40:00,0.0,0.0309
83,2022-09-11 08:45:00,0.0,0.0278
83,2022-09-11 08:50:00,0.0,0.0417
83,2022-09-11 08:55:00,0.0,0.0633
83,2022-09-11 09:00:00,0.0,0.0598
83,2022-09-11 09:05:00,0.0,0.0408
83,2022-09-11 09:10:00,0.0,0.0523
83,2022-09-11 09:15:00,0.0,0.0538
83,2022-09-11 09:20:00,0.0,0.0318
83,2022-09-11 09:25:00,0.0,0.0153
83,2022-09-11 09:30:00,0.0,0.0053
83,2022-09-11 09:35:00,0.0,-0.0027
83,2022-09-11 09:40:00,0.0,-0.0102
83,2022-09-11 09:45:00,0.0,-0.0142
83,2022-09-11 09:50:00,0.0,-0.0262
83,2022-09-11 09:55:00,0.0,-0.0272
83,2022-09-11 10:00:00,0.0,-0.0192
83,2022-09-11 10:05:00,0.0,-0.0027
83,2022-09-11 10:10:00,0.0,0.0048
83,2022-09-11 10:15:00,0.0,0.0238
83,2022-09-11 10:20:00,0.0,0.0278
83,2022-09-11 10:25:00,0.0,0.0093
83,2022-09-11 10:30:00,0.0,0.0092
83,2022-09-11 10:35:00,0.002,0.0332
83,2022-09-11 10:40:00,0.005,0.0427
83,2022-09-11 10:45:00,0.003,0.0507
83,2022-09-11 10:50:00,0.001,0.0662
83,2022-09-11 10:55:00,0.0,0.0572
83,2022-09-11 11:00:00,0.0,0.0257
83,2022-09-11 11:05:00,0.0,0.0247
83,2022-09-11 11:10:00,0.0,0.0552
83,2022-09-11 11:15:00,0.0,0.0332
83,2022-09-11 11:20:00,0.0,0.0362
83,2022-09-11 11:25:00,0.0,0.0472
83,2022-09-11 11:30:00,0.0,0.0672
83,2022-09-11 11:35:00,0.0,0.0677
83,2022-09-11 11:40:00,0.0,0.0477
83,2022-09-11 11:45:00,0.0,0.0522
83,2022-09-11 11:50:00,0.0,0.0472
83,2022-09-11 11:55:00,0.0,0.0287
83,2022-09-11 12:00:00,0.0,0.0626
83,2022-09-11 12:05:00,0.0,0.0417
83,2022-09-11 12:10:00,0.0,0.0232
83,2022-09-11 12:15:00,0.0,0.0242
83,2022-09-11 12:20:00,0.0,0.0341
83,2022-09-11 12:25:00,0.0,0.0336
83,2022-09-11 12:30:00,0.0,0.0286
83,2022-09-11 12:35:00,0.0,0.0406
83,2022-09-11 12:40:00,0.0,0.0466
83,2022-09-11 12:45:00,0.0,0.0286
83,2022-09-11 12:50:00,0.0,0.0296
83,2022-09-11 12:55:00,0.0,0.0201
83,2022-09-11 13:00:00,0.0,0.0151
83,2022-09-11 13:05:00,0.0,0.0145
83,2022-09-11 13:10:00,0.0,0.0066
83,2022-09-11 13:15:00,0.0,0.0096
83,2022-09-11 13:20:00,0.0,0.0216
83,2022-09-11 13:25:00,0.0,0.064
83,2022-09-11 13:30:00,0.0,0.0446
83,2022-09-11 13:35:00,0.0,0.0516
83,2022-09-11 13:40:00,0.0,0.0261
83,2022-09-11 13:45:00,0.0,0.0241
83,2022-09-11 13:50:00,0.0,0.0191
83,2022-09-11 13:55:00,0.0,0.0011
83,2022-09-11 14:00:00,0.0,0.0101
83,2022-09-11 14:05:00,0.0,0.0366
83,2022-09-11 14:10:00,0.0,0.001
83,2022-09-11 14:15:00,0.0,0.01
83,2022-09-11 14:20:00,0.0,0.0025
83,2022-09-11 14:25:00,0.0,-0.001
83,2022-09-11 14:30:00,0.0,0.02
83,2022-09-11 14:35:00,0.0,0.035
83,2022-09-11 14:40:00,0.0,0.0305
83,2022-09-11 14:45:00,0.0,0.0285
83,2022-09-11 14:50:00,0.0,0.032
83,2022-09-11 14:55:00,0.0,-0.0135
83,2022-09-11 15:00:00,0.0,-0.0185
83,2022-09-11 15:05:00,0.0,-0.0105
83,2022-09-11 15:10:00,0.0,0.0015
83,2022-09-11 15:15:00,0.0,-0.0112
83,2022-09-11 15:20:00,0.0,0.011
83,2022-09-11 15:25:00,0.0,-0.0085
83,2022-09-11 15:30:00,0.0,0.002
83,2022-09-11 15:35:00,0.0,0.0075
83,2022-09-11 15:40:00,0.0,-0.0185
83,2022-09-11 15:45:00,0.0,-0.003
83,2022-09-11 15:50:00,0.0,0.0005
83,2022-09-11 15:55:00,0.0,-0.0146
83,2022-09-11 16:00:00,0.0,-0.014
83,2022-09-11 16:05:00,0.0,0.0019
83,2022-09-11 16:10:00,0.0,0.0134
83,2022-09-11 16:15:00,0.0,0.0364
83,2022-09-11 16:20:00,0.0,0.0354
83,2022-09-11 16:25:00,0.0,0.0229
83,2022-09-11 16:30:00,0.001,0.0364
83,2022-09-11 16:35:00,0.007,0.0409
83,2022-09-11 16:40:00,0.001,0.0484
83,2022-09-11 16:45:00,0.057,0.0339
83,2022-09-11 16:50:00,0.093,0.0374
83,2022-09-11 16:55:00,0.023,0.0414
83,2022-09-11 17:00:00,0.015,0.9699
83,2022-09-11 17:05:00,0.018,0.4689
83,2022-09-11 17:10:00,0.028,0.4145
83,2022-09-11 17:15:00,0.022,0.4259
83,2022-09-11 17:20:00,0.013,0.8089
83,2022-09-11 17:25:00,0.002,0.7659
83,2022-09-11 17:30:00,0.0,0.4704
83,2022-09-11 17:35:00,0.0,0.4074
83,2022-09-11 17:40:00,0.0,0.3454
83,2022-09-11 17:45:00,0.0,0.3158
83,2022-09-11 17:50:00,0.0,0.2953
83,2022-09-11 17:55:00,0.0,0.2433
83,2022-09-11 18:00:00,0.0,0.2633
83,2022-09-11 18:05:00,0.0,0.2112
83,2022-09-11 18:10:00,0.0,0.1913
83,2022-09-11 18:15:00,0.0,0.2028
83,2022-09-11 18:20:00,0.0,0.1878
83,2022-09-11 18:25:00,0.0,0.2173
83,2022-09-11 18:30:00,0.0,0.1838
83,2022-09-11 18:35:00,0.0,0.1658
83,2022-09-11 18:40:00,0.0,0.1653
83,2022-09-11 18:45:00,0.0,0.1508
83,2022-09-11 18:50:00,0.0,0.1357
83,2022-09-11 18:55:00,0.0,0.1633
83,2022-09-11 19:00:00,0.0,0.1448
83,2022-09-11 19:05:00,0.002,0.1193
83,2022-09-11 19:10:00,0.019,0.1323
83,2022-09-11 19:15:00,0.058,0.1398
83,2022-09-11 19:20:00,0.026,0.1403
83,2022-09-11 19:25:00,0.004,0.5038
83,2022-09-11 19:30:00,0.0,0.3739
83,2022-09-11 19:35:00,0.0,0.2999
83,2022-09-11 19:40:00,0.0,0.2782
83,2022-09-11 19:45:00,0.0,0.2752
83,2022-09-11 19:50:00,0.0,0.2707
83,2022-09-11 19:55:00,0.0,0.3097
83,2022-09-11 20:00:00,0.0,0.2112
83,2022-09-11 20:05:00,0.0,0.1797
83,2022-09-11 20:10:00,0.0,0.2091
83,2022-09-11 20:15:00,0.0,0.2005
83,2022-09-11 20:20:00,0.0,0.1967
83,2022-09-11 20:25:00,0.0,0.1952
83,2022-09-11 20:30:00,0.0,0.1927
83,2022-09-11 20:35:00,0.0,0.1607
83,2022-09-11 20:40:00,0.0,0.1807
83,2022-09-11 20:45:00,0.0,0.1842
83,2022-09-11 20:50:00,0.0,0.1417
83,2022-09-11 20:55:00,0.0,0.1442
83,2022-09-11 21:00:00,0.0,0.1467
83,2022-09-11 21:05:00,0.0,0.1342
83,2022-09-11 21:10:00,0.0,0.1321
83,2022-09-11 21:15:00,0.0,0.1552
83,2022-09-11 21:20:00,0.0,0.1376
83,2022-09-11 21:25:00,0.0,0.1186
83,2022-09-11 21:30:00,0.0,0.1181
83,2022-09-11 21:35:00,0.0,0.1246
83,2022-09-11 21:40:00,0.0,0.1136
83,2022-09-11 21:45:00,0.0,0.0986
83,2022-09-11 21:50:00,0.0,0.1126
83,2022-09-11 21:55:00,0.0,0.1136
83,2022-09-11 22:00:00,0.0,0.1331
83,2022-09-11 22:05:00,0.0,0.1321
83,2022-09-11 22:10:00,0.0,0.1321
83,2022-09-11 22:15:00,0.0,0.1096
83,2022-09-11 22:20:00,0.0,0.1161
83,2022-09-11 22:25:00,0.0,0.1006
83,2022-09-11 22:30:00,0.0,0.0945
83,2022-09-11 22:35:00,0.0,0.0916
83,2022-09-11 22:40:00,0.0,0.0881
83,2022-09-11 22:45:00,0.001,0.0831
83,2022-09-11 22:50:00,0.002,0.0886
83,2022-09-11 22:55:00,0.001,0.0806
83,2022-09-11 23:00:00,0.0,0.0726
83,2022-09-11 23:05:00,0.0,0.0651
83,2022-09-11 23:10:00,0.0,0.074
83,2022-09-11 23:15:00,0.0,0.0765
83,2022-09-11 23:20:00,0.0,0.0655
83,2022-09-11 23:25:00,0.0,0.0569
83,2022-09-11 23:30:00,0.0,0.054
83,2022-09-11 23:35:00,0.0,0.0724
83,2022-09-11 23:40:00,0.0,0.0552
83,2022-09-11 23:45:00,0.0,0.0565
83,2022-09-11 23:50:00,0.0,0.0675
83,2022-09-11 23:55:00,0.0,0.051
83,2022-09-12 00:00:00,0.0,0.0615
83,2022-09-12 00:05:00,0.0,0.06
83,2022-09-12 00:10:00,0.0,0.063
83,2022-09-12 00:15:00,0.0,0.057
83,2022-09-12 00:20:00,0.0,0.0536
83,2022-09-12 00:25:00,0.0,0.052
83,2022-09-12 00:30:00,0.0,0.0565
83,2022-09-12 00:35:00,0.0,0.0595
83,2022-09-12 00:40:00,0.0,0.0515
83,2022-09-12 00:45:00,0.0,0.052
83,2022-09-12 00:50:00,0.0,0.054
83,2022-09-12 00:55:00,0.0,0.0554
83,2022-09-12 01:00:00,0.0,0.0599
83,2022-09-12 01:05:00,0.0,0.0519
83,2022-09-12 01:10:00,0.0,0.0539
83,2022-09-12 01:15:00,0.0,0.0539
83,2022-09-12 01:20:00,0.0,0.0489
83,2022-09-12 01:25:00,0.0,0.0559
83,2022-09-12 01:30:00,0.0,0.0549
83,2022-09-12 01:35:00,0.0,0.0524
83,2022-09-12 01:40:00,0.0,0.0519
83,2022-09-12 01:45:00,0.0,0.0469
83,2022-09-12 01:50:00,0.0,0.0634
83,2022-09-12 01:55:00,0.0,0.0514
83,2022-09-12 02:00:00,0.0,0.0609
84,2022-09-19 05:10:00,0.0,0.0141
84,2022-09-19 05:15:00,0.0,0.0161
84,2022-09-19 05:20:00,0.0,0.0311
84,2022-09-19 05:25:00,0.0376,0.0337
84,2022-09-19 05:30:00,0.0,0.0407
84,2022-09-19 05:35:00,0.0,0.0597
84,2022-09-19 05:40:00,0.0,0.0527
84,2022-09-19 05:45:00,0.0,0.0827
84,2022-09-19 05:50:00,0.0,0.0762
84,2022-09-19 05:55:00,0.0,0.0837
84,2022-09-19 06:00:00,0.0,0.0812
84,2022-09-19 06:05:00,0.0,0.0902
84,2022-09-19 06:10:00,0.0,0.0727
84,2022-09-19 06:15:00,0.0,0.0877
84,2022-09-19 06:20:00,0.0,0.0907
84,2022-09-19 06:25:00,0.0,0.0832
84,2022-09-19 06:30:00,0.0,0.0922
84,2022-09-19 06:35:00,0.0,0.0717
84,2022-09-19 06:40:00,0.0,0.0922
84,2022-09-19 06:45:00,0.0,0.0647
84,2022-09-19 06:50:00,0.0,0.0447
84,2022-09-19 06:55:00,0.0,0.0492
84,2022-09-19 07:00:00,0.0,0.0417
84,2022-09-19 07:05:00,0.0,0.0267
84,2022-09-19 07:10:00,0.0,0.0347
84,2022-09-19 07:15:00,0.0,0.0347
84,2022-09-19 07:20:00,0.0,0.0612
84,2022-09-19 07:25:00,0.0,0.0532
84,2022-09-19 07:30:00,0.0,0.0537
84,2022-09-19 07:35:00,0.0,0.0616
84,2022-09-19 07:40:00,0.0,0.0327
84,2022-09-19 07:45:00,0.0,0.0337
84,2022-09-19 07:50:00,0.0,0.0242
84,2022-09-19 07:55:00,0.0,0.0282
84,2022-09-19 08:00:00,0.0,0.0237
84,2022-09-19 08:05:00,0.0,0.0382
84,2022-09-19 08:10:00,0.0,0.0072
84,2022-09-19 08:15:00,0.0,0.0142
84,2022-09-19 08:20:00,0.0,0.0286
84,2022-09-19 08:25:00,0.0,0.0222
85,2022-09-21 18:10:00,0.0,-0.0059
85,2022-09-21 18:15:00,0.0,0.0051
85,2022-09-21 18:20:00,0.0,0.0301
85,2022-09-21 18:25:00,0.039,0.0066
85,2022-09-21 18:30:00,0.0,0.0032
85,2022-09-21 18:35:00,0.0,0.0182
85,2022-09-21 18:40:00,0.0,0.0273
85,2022-09-21 18:45:00,0.0,0.0113
85,2022-09-21 18:50:00,0.0,0.0173
85,2022-09-21 18:55:00,0.0,0.0464
85,2022-09-21 19:00:00,0.0,0.0364
85,2022-09-21 19:05:00,0.0,0.0875
85,2022-09-21 19:10:00,0.0,0.0915
85,2022-09-21 19:15:00,0.0,0.0885
85,2022-09-21 19:20:00,0.0,0.0486
85,2022-09-21 19:25:00,0.0,0.0406
85,2022-09-21 19:30:00,0.0,0.0546
85,2022-09-21 19:35:00,0.0,0.0627
85,2022-09-21 19:40:00,0.0,0.0377
85,2022-09-21 19:45:00,0.0,0.0247
85,2022-09-21 19:50:00,0.0,0.0358
85,2022-09-21 19:55:00,0.0,0.0378
85,2022-09-21 20:00:00,0.0,0.0188
85,2022-09-21 20:05:00,0.0,0.0379
85,2022-09-21 20:10:00,0.0,0.0209
85,2022-09-21 20:15:00,0.0,0.0259
85,2022-09-21 20:20:00,0.0,-0.009
85,2022-09-21 20:25:00,0.0,-0.006
85,2022-09-21 20:30:00,0.0,0.013
85,2022-09-21 20:35:00,0.0,0.0081
85,2022-09-21 20:40:00,0.0,-0.0069
85,2022-09-21 20:45:00,0.0,-0.0259
85,2022-09-21 20:50:00,0.0,0.0072
85,2022-09-21 20:55:00,0.0,-0.0048
85,2022-09-21 21:00:00,0.0,0.0123
85,2022-09-21 21:05:00,0.0,0.0003
85,2022-09-21 21:10:00,0.0,-0.0077
85,2022-09-21 21:15:00,0.0,-0.0046
85,2022-09-21 21:20:00,0.0,-0.0046
85,2022-09-21 21:25:00,0.0,-0.0046
86,2022-09-24 03:15:00,0.0,-0.0039
86,2022-09-24 03:20:00,0.0,0.0061
86,2022-09-24 03:25:00,0.0,0.0041
86,2022-09-24 03:30:00,0.0376,0.005
86,2022-09-24 03:35:00,0.0,0.0035
86,2022-09-24 03:40:00,0.0,-0.0005
86,2022-09-24 03:45:00,0.0,-0.0071
86,2022-09-24 03:50:00,0.0,-0.0071
86,2022-09-24 03:55:00,0.0,0.0024
86,2022-09-24 04:00:00,0.0,-0.0002
86,2022-09-24 04:05:00,0.0,0.0013
86,2022-09-24 04:10:00,0.0,0.0023
86,2022-09-24 04:15:00,0.0,0.0087
86,2022-09-24 04:20:00,0.0,0.0052
86,2022-09-24 04:25:00,0.0,0.0357
86,2022-09-24 04:30:00,0.0,0.0231
86,2022-09-24 04:35:00,0.0376,0.0196
86,2022-09-24 04:40:00,0.0,0.0191
86,2022-09-24 04:45:00,0.0,0.0205
86,2022-09-24 04:50:00,0.0,0.0215
86,2022-09-24 04:55:00,0.0,0.0345
86,2022-09-24 05:00:00,0.0,0.0339
86,2022-09-24 05:05:00,0.0,0.0279
86,2022-09-24 05:10:00,0.0,0.0228
86,2022-09-24 05:15:00,0.0,0.0253
86,2022-09-24 05:20:00,0.0,-0.0012
86,2022-09-24 05:25:00,0.0,0.0097
86,2022-09-24 05:30:00,0.0,0.0132
86,2022-09-24 05:35:00,0.0,0.0092
86,2022-09-24 05:40:00,0.0,-0.0079
86,2022-09-24 05:45:00,0.0,0.0011
86,2022-09-24 05:50:00,0.0,0.0086
86,2022-09-24 05:55:00,0.0,0.012
86,2022-09-24 06:00:00,0.0,0.0005
86,2022-09-24 06:05:00,0.0,0.0115
86,2022-09-24 06:10:00,0.0,0.0074
86,2022-09-24 06:15:00,0.0,0.0044
86,2022-09-24 06:20:00,0.0,0.0204
86,2022-09-24 06:25:00,0.0,0.0223
86,2022-09-24 06:30:00,0.0,0.0093
86,2022-09-24 06:35:00,0.0,0.0023
86,2022-09-24 06:40:00,0.0,0.0037
86,2022-09-24 06:45:00,0.0376,0.0167
86,2022-09-24 06:50:00,0.0,0.0197
86,2022-09-24 06:55:00,0.0,0.0026
86,2022-09-24 07:00:00,0.0,-0.0004
86,2022-09-24 07:05:00,0.0,0.0505
86,2022-09-24 07:10:00,0.0,0.089
86,2022-09-24 07:15:00,0.0,0.0755
86,2022-09-24 07:20:00,0.0,0.0484
86,2022-09-24 07:25:00,0.0,0.0344
86,2022-09-24 07:30:00,0.0,0.0374
86,2022-09-24 07:35:00,0.0,0.0343
86,2022-09-24 07:40:00,0.0,0.0193
86,2022-09-24 07:45:00,0.0,0.0283
86,2022-09-24 07:50:00,0.0,0.0377
86,2022-09-24 07:55:00,0.0,0.0732
86,2022-09-24 08:00:00,0.0,0.0722
86,2022-09-24 08:05:00,0.0,0.0486
86,2022-09-24 08:10:00,0.0,0.0486
86,2022-09-24 08:15:00,0.0,0.0256
86,2022-09-24 08:20:00,0.0,0.0275
86,2022-09-24 08:25:00,0.0,0.071
86,2022-09-24 08:30:00,0.0,0.0515
86,2022-09-24 08:35:00,0.0,0.0259
86,2022-09-24 08:40:00,0.0,-0.0026
86,2022-09-24 08:45:00,0.0,0.0039
86,2022-09-24 08:50:00,0.0,0.0143
86,2022-09-24 08:55:00,0.0,0.0158
86,2022-09-24 09:00:00,0.0,0.0108
86,2022-09-24 09:05:00,0.0,0.0202
86,2022-09-24 09:10:00,0.0,0.0082
86,2022-09-24 09:15:00,0.0,0.0126
86,2022-09-24 09:20:00,0.0,0.0011
86,2022-09-24 09:25:00,0.0,-0.0279
86,2022-09-24 09:30:00,0.0,-0.0035
86,2022-09-24 09:35:00,0.0,-0.022
86,2022-09-24 09:40:00,0.0,-0.0215
86,2022-09-24 09:45:00,0.0,-0.0031
87,2022-10-06 13:40:00,0.0,0.0027
87,2022-10-06 13:45:00,0.0,-0.0122
87,2022-10-06 13:50:00,0.0,-0.0042
87,2022-10-06 13:55:00,0.1127,0.0038
87,2022-10-06 14:00:00,0.0,-0.0042
87,2022-10-06 14:05:00,0.0,-0.0061
87,2022-10-06 14:10:00,0.0,0.0009
87,2022-10-06 14:15:00,0.0,0.0089
87,2022-10-06 14:20:00,0.0,0.0029
87,2022-10-06 14:25:00,0.0,-0.002
87,2022-10-06 14:30:00,0.0,-0.004
87,2022-10-06 14:35:00,0.0,-0.01
87,2022-10-06 14:40:00,0.0,-0.006
87,2022-10-06 14:45:00,0.0,-0.0019
87,2022-10-06 14:50:00,0.0,0.0025
87,2022-10-06 14:55:00,0.0,-0.0069
87,2022-10-06 15:00:00,0.0,-0.0059
87,2022-10-06 15:05:00,0.0,-0.0039
87,2022-10-06 15:10:00,0.0,0.0072
87,2022-10-06 15:15:00,0.0,0.0192
87,2022-10-06 15:20:00,0.0,0.0172
87,2022-10-06 15:25:00,0.0,-0.0068
87,2022-10-06 15:30:00,0.0,-0.0127
87,2022-10-06 15:35:00,0.0,0.0093
87,2022-10-06 15:40:00,0.0,-0.0107
87,2022-10-06 15:45:00,0.0,-0.0197
87,2022-10-06 15:50:00,0.0,-0.0196
87,2022-10-06 15:55:00,0.0,-0.0236
87,2022-10-06 16:00:00,0.0,-0.0206
87,2022-10-06 16:05:00,0.0,-0.0296
87,2022-10-06 16:10:00,0.0,-0.0265
87,2022-10-06 16:15:00,0.0,-0.0255
87,2022-10-06 16:20:00,0.0,-0.0115
87,2022-10-06 16:25:00,0.0,-0.0115
87,2022-10-06 16:30:00,0.0,-0.0084
87,2022-10-06 16:35:00,0.0,-0.0114
87,2022-10-06 16:40:00,0.0,-0.0244
87,2022-10-06 16:45:00,0.0,-0.0244
87,2022-10-06 16:50:00,0.0,-0.0053
87,2022-10-06 16:55:00,0.0,0.0017
88,2022-10-25 18:40:00,0.0,-0.0086
88,2022-10-25 18:45:00,0.0,0.0089
88,2022-10-25 18:50:00,0.001,0.0279
88,2022-10-25 18:55:00,0.004,0.0183
88,2022-10-25 19:00:00,0.005,0.0258
88,2022-10-25 19:05:00,0.004,0.0128
88,2022-10-25 19:10:00,0.002,0.0288
88,2022-10-25 19:15:00,0.001,0.0108
88,2022-10-25 19:20:00,0.0,0.0152
88,2022-10-25 19:25:00,0.0,0.0055
88,2022-10-25 19:30:00,0.0,0.0033
88,2022-10-25 19:35:00,0.001,0.0077
88,2022-10-25 19:40:00,0.002,-0.0008
88,2022-10-25 19:45:00,0.004,0.0207
88,2022-10-25 19:50:00,0.003,0.0132
88,2022-10-25 19:55:00,0.004,0.0157
88,2022-10-25 20:00:00,0.006,0.0122
88,2022-10-25 20:05:00,0.011,0.0257
88,2022-10-25 20:10:00,0.011,0.0131
88,2022-10-25 20:15:00,0.01,-0.0059
88,2022-10-25 20:20:00,0.008,0.0461
88,2022-10-25 20:25:00,0.006,0.0336
88,2022-10-25 20:30:00,0.007,0.0306
88,2022-10-25 20:35:00,0.011,0.0126
88,2022-10-25 20:40:00,0.019,0.0446
88,2022-10-25 20:45:00,0.02,0.055
88,2022-10-25 20:50:00,0.014,0.0637
88,2022-10-25 20:55:00,0.008,0.074
88,2022-10-25 21:00:00,0.002,0.1025
88,2022-10-25 21:05:00,0.001,0.1
88,2022-10-25 21:10:00,0.0,0.119
88,2022-10-25 21:15:00,0.0,0.0716
88,2022-10-25 21:20:00,0.0,0.0984
88,2022-10-25 21:25:00,0.003,0.0864
88,2022-10-25 21:30:00,0.008,0.0884
88,2022-10-25 21:35:00,0.005,0.0874
88,2022-10-25 21:40:00,0.006,0.0784
88,2022-10-25 21:45:00,0.008,0.0694
88,2022-10-25 21:50:00,0.008,0.0729
88,2022-10-25 21:55:00,0.007,0.0878
88,2022-10-25 22:00:00,0.006,0.0798
88,2022-10-25 22:05:00,0.006,0.0928
88,2022-10-25 22:10:00,0.0,0.0978
88,2022-10-25 22:15:00,0.0,0.1143
88,2022-10-25 22:20:00,0.0,0.1023
88,2022-10-25 22:25:00,0.001,0.1293
88,2022-10-25 22:30:00,0.002,0.1018
88,2022-10-25 22:35:00,0.001,0.1112
88,2022-10-25 22:40:00,0.003,0.1027
88,2022-10-25 22:45:00,0.002,0.1018
88,2022-10-25 22:50:00,0.002,0.098
88,2022-10-25 22:55:00,0.002,0.0746
88,2022-10-25 23:00:00,0.001,0.0942
88,2022-10-25 23:05:00,0.0,0.0672
88,2022-10-25 23:10:00,0.0,0.0816
88,2022-10-25 23:15:00,0.0,0.076
88,2022-10-25 23:20:00,0.0,0.0796
88,2022-10-25 23:25:00,0.0,0.0736
88,2022-10-25 23:30:00,0.0,0.0722
88,2022-10-25 23:35:00,0.0,0.1002
88,2022-10-25 23:40:00,0.0,0.0853
88,2022-10-25 23:45:00,0.0,0.082
88,2022-10-25 23:50:00,0.0,0.086
88,2022-10-25 23:55:00,0.0,0.105
88,2022-10-26 00:00:00,0.0,0.107
88,2022-10-26 00:05:00,0.0,0.113
88,2022-10-26 00:10:00,0.0,0.0875
88,2022-10-26 00:15:00,0.0,0.078
88,2022-10-26 00:20:00,0.0,0.0914
88,2022-10-26 00:25:00,0.0,0.0729
88,2022-10-26 00:30:00,0.0,0.0622
88,2022-10-26 00:35:00,0.0,0.0704
88,2022-10-26 00:40:00,0.0,0.0694
88,2022-10-26 00:45:00,0.0,0.0589
88,2022-10-26 00:50:00,0.0,0.0664
88,2022-10-26 00:55:00,0.0,0.0583
88,2022-10-26 01:00:00,0.0,0.0643
88,2022-10-26 01:05:00,0.0,0.0643
88,2022-10-26 01:10:00,0.0,0.0623
88,2022-10-26 01:15:00,0.004,0.0568
88,2022-10-26 01:20:00,0.026,0.0533
88,2022-10-26 01:25:00,0.034,0.0583
88,2022-10-26 01:30:00,0.014,0.0468
88,2022-10-26 01:35:00,0.007,0.2362
88,2022-10-26 01:40:00,0.003,0.2082
88,2022-10-26 01:45:00,0.008,0.1447
88,2022-10-26 01:50:00,0.019,0.1382
88,2022-10-26 01:55:00,0.015,0.1177
88,2022-10-26 02:00:00,0.004,0.1312
88,2022-10-26 02:05:00,0.0,0.1629
88,2022-10-26 02:10:00,0.0,0.1908
88,2022-10-26 02:15:00,0.0,0.2116
88,2022-10-26 02:20:00,0.0,0.1956
88,2022-10-26 02:25:00,0.0,0.1796
88,2022-10-26 02:30:00,0.0,0.1926
88,2022-10-26 02:35:00,0.0,0.1736
88,2022-10-26 02:40:00,0.0,0.1739
88,2022-10-26 02:45:00,0.0,0.1535
88,2022-10-26 02:50:00,0.0,0.1385
88,2022-10-26 02:55:00,0.0,0.1195
88,2022-10-26 03:00:00,0.0,0.1155
88,2022-10-26 03:05:00,0.0,0.1175
88,2022-10-26 03:10:00,0.0,0.102
88,2022-10-26 03:15:00,0.0,0.0975
88,2022-10-26 03:20:00,0.0,0.0959
88,2022-10-26 03:25:00,0.0,0.1034
88,2022-10-26 03:30:00,0.0,0.1054
88,2022-10-26 03:35:00,0.0,0.0924
88,2022-10-26 03:40:00,0.0,0.1024
88,2022-10-26 03:45:00,0.0,0.0974
88,2022-10-26 03:50:00,0.0,0.0911
88,2022-10-26 03:55:00,0.0,0.0918
88,2022-10-26 04:00:00,0.0,0.0823
88,2022-10-26 04:05:00,0.0,0.0718
88,2022-10-26 04:10:00,0.0,0.0743
88,2022-10-26 04:15:00,0.0,0.0858
88,2022-10-26 04:20:00,0.0,0.0893
88,2022-10-26 04:25:00,0.0,0.0938
88,2022-10-26 04:30:00,0.0,0.0833
88,2022-10-26 04:35:00,0.0,0.0627
88,2022-10-26 04:40:00,0.0,0.0667
88,2022-10-26 04:45:00,0.026,0.0807
88,2022-10-26 04:50:00,0.006,0.0682
88,2022-10-26 04:55:00,0.0,0.0787
88,2022-10-26 05:00:00,0.0,0.0562
88,2022-10-26 05:05:00,0.0,0.0502
88,2022-10-26 05:10:00,0.0,0.0721
88,2022-10-26 05:15:00,0.0,0.0961
88,2022-10-26 05:20:00,0.0,0.1124
88,2022-10-26 05:25:00,0.0,0.1335
88,2022-10-26 05:30:00,0.0,0.117
88,2022-10-26 05:35:00,0.0,0.1091
88,2022-10-26 05:40:00,0.0,0.1201
88,2022-10-26 05:45:00,0.0,0.1135
88,2022-10-26 05:50:00,0.0,0.113
88,2022-10-26 05:55:00,0.0,0.0994
88,2022-10-26 06:00:00,0.0,0.1001
88,2022-10-26 06:05:00,0.0,0.099
88,2022-10-26 06:10:00,0.0,0.093
88,2022-10-26 06:15:00,0.0,0.087
88,2022-10-26 06:20:00,0.0,0.0884
88,2022-10-26 06:25:00,0.0,0.0749
88,2022-10-26 06:30:00,0.0,0.1009
88,2022-10-26 06:35:00,0.0,0.0979
88,2022-10-26 06:40:00,0.0,0.0884
88,2022-10-26 06:45:00,0.0,0.0864
88,2022-10-26 06:50:00,0.0,0.0794
88,2022-10-26 06:55:00,0.0,0.0788
88,2022-10-26 07:00:00,0.0,0.0743
88,2022-10-26 07:05:00,0.0,0.0708
88,2022-10-26 07:10:00,0.0,0.0763
88,2022-10-26 07:15:00,0.0,0.0553
88,2022-10-26 07:20:00,0.0,0.0743
88,2022-10-26 07:25:00,0.0,0.0663
88,2022-10-26 07:30:00,0.0,0.0638
88,2022-10-26 07:35:00,0.0,0.0722
88,2022-10-26 07:40:00,0.0,0.0527
88,2022-10-26 07:45:00,0.0,0.0822
88,2022-10-26 07:50:00,0.0,0.0597
88,2022-10-26 07:55:00,0.0,0.0787
89,2022-10-30 13:50:00,0.001,0.0487
89,2022-10-30 13:55:00,0.0,0.0786
89,2022-10-30 14:00:00,0.001,0.0546
89,2022-10-30 14:05:00,0.007,0.0511
89,2022-10-30 14:10:00,0.019,0.0386
89,2022-10-30 14:15:00,0.014,0.0436
89,2022-10-30 14:20:00,0.005,0.0481
89,2022-10-30 14:25:00,0.001,0.0456
89,2022-10-30 14:30:00,0.0,0.0406
89,2022-10-30 14:35:00,0.0,0.0276
89,2022-10-30 14:40:00,0.0,0.077
89,2022-10-30 14:45:00,0.0,0.033
89,2022-10-30 14:50:00,0.0,0.0285
89,2022-10-30 14:55:00,0.003,0.046
89,2022-10-30 15:00:00,0.003,0.077
89,2022-10-30 15:05:00,0.003,0.088
89,2022-10-30 15:10:00,0.0,0.075
89,2022-10-30 15:15:00,0.0,0.0653
89,2022-10-30 15:20:00,0.0,0.0535
89,2022-10-30 15:25:00,0.0,0.0469
89,2022-10-30 15:30:00,0.0,0.0554
89,2022-10-30 15:35:00,0.0,0.0699
89,2022-10-30 15:40:00,0.0,0.0729
89,2022-10-30 15:45:00,0.0,0.0514
89,2022-10-30 15:50:00,0.0,0.0669
89,2022-10-30 15:55:00,0.0,0.0609
89,2022-10-30 16:00:00,0.004,0.0545
89,2022-10-30 16:05:00,0.013,0.0533
89,2022-10-30 16:10:00,0.024,0.0618
89,2022-10-30 16:15:00,0.026,0.0648
89,2022-10-30 16:20:00,0.023,0.0788
89,2022-10-30 16:25:00,0.024,0.0793
89,2022-10-30 16:30:00,0.021,0.0718
89,2022-10-30 16:35:00,0.01,0.1453
89,2022-10-30 16:40:00,0.005,0.2098
89,2022-10-30 16:45:00,0.003,0.2253
89,2022-10-30 16:50:00,0.001,0.2468
89,2022-10-30 16:55:00,0.0,0.2277
89,2022-10-30 17:00:00,0.0,0.2133
89,2022-10-30 17:05:00,0.001,0.1972
89,2022-10-30 17:10:00,0.003,0.2588
89,2022-10-30 17:15:00,0.008,0.2122
89,2022-10-30 17:20:00,0.005,0.1722
89,2022-10-30 17:25:00,0.002,0.1452
89,2022-10-30 17:30:00,0.0,0.1327
89,2022-10-30 17:35:00,0.0,0.1587
89,2022-10-30 17:40:00,0.0,0.1876
89,2022-10-30 17:45:00,0.0,0.1591
89,2022-10-30 17:50:00,0.0,0.1916
89,2022-10-30 17:55:00,0.0,0.1806
89,2022-10-30 18:00:00,0.0,0.1726
89,2022-10-30 18:05:00,0.0,0.1584
89,2022-10-30 18:10:00,0.0,0.1316
89,2022-10-30 18:15:00,0.0,0.1311
89,2022-10-30 18:20:00,0.0,0.1501
89,2022-10-30 18:25:00,0.0,0.1325
89,2022-10-30 18:30:00,0.0,0.134
89,2022-10-30 18:35:00,0.0,0.154
89,2022-10-30 18:40:00,0.0,0.1525
89,2022-10-30 18:45:00,0.0,0.154
89,2022-10-30 18:50:00,0.0,0.2069
89,2022-10-30 18:55:00,0.001,0.1695
89,2022-10-30 19:00:00,0.004,0.148
89,2022-10-30 19:05:00,0.01,0.1555
89,2022-10-30 19:10:00,0.012,0.1734
89,2022-10-30 19:15:00,0.01,0.1559
89,2022-10-30 19:20:00,0.005,0.1584
89,2022-10-30 19:25:00,0.001,0.1719
89,2022-10-30 19:30:00,0.0,0.1651
89,2022-10-30 19:35:00,0.0,0.157
89,2022-10-30 19:40:00,0.0,0.1864
89,2022-10-30 19:45:00,0.0,0.1784
89,2022-10-30 19:50:00,0.0,0.1679
89,2022-10-30 19:55:00,0.0,0.1788
89,2022-10-30 20:00:00,0.0,0.1623
89,2022-10-30 20:05:00,0.0,0.1588
89,2022-10-30 20:10:00,0.0,0.1702
89,2022-10-30 20:15:00,0.0,0.1626
89,2022-10-30 20:20:00,0.0,0.1708
89,2022-10-30 20:25:00,0.0,0.1503
89,2022-10-30 20:30:00,0.0,0.1238
89,2022-10-30 20:35:00,0.0,0.1378
89,2022-10-30 20:40:00,0.0,0.1437
89,2022-10-30 20:45:00,0.0,0.1262
89,2022-10-30 20:50:00,0.0,0.1217
89,2022-10-30 20:55:00,0.0,0.1262
89,2022-10-30 21:00:00,0.0,0.1037
89,2022-10-30 21:05:00,0.0,0.1032
89,2022-10-30 21:10:00,0.0,0.0991
89,2022-10-30 21:15:00,0.0,0.1202
89,2022-10-30 21:20:00,0.0,0.1077
89,2022-10-30 21:25:00,0.0,0.1106
89,2022-10-30 21:30:00,0.0,0.1091
89,2022-10-30 21:35:00,0.0,0.1106
89,2022-10-30 21:40:00,0.0,0.0976
89,2022-10-30 21:45:00,0.0,0.0526
89,2022-10-30 21:50:00,0.0,0.0666
89,2022-10-30 21:55:00,0.003,0.0646
89,2022-10-30 22:00:00,0.008,0.0811
89,2022-10-30 22:05:00,0.008,0.0681
89,2022-10-30 22:10:00,0.003,0.07
89,2022-10-30 22:15:00,0.0,0.0655
89,2022-10-30 22:20:00,0.0,0.077
89,2022-10-30 22:25:00,0.0,0.0775
89,2022-10-30 22:30:00,0.0,0.0524
89,2022-10-30 22:35:00,0.0,0.0635
89,2022-10-30 22:40:00,0.0,0.083
89,2022-10-30 22:45:00,0.0,0.084
89,2022-10-30 22:50:00,0.0,0.1035
89,2022-10-30 22:55:00,0.0,0.0854
89,2022-10-30 23:00:00,0.0,0.1014
89,2022-10-30 23:05:00,0.0,0.0989
89,2022-10-30 23:10:00,0.0,0.0899
89,2022-10-30 23:15:00,0.0,0.0944
89,2022-10-30 23:20:00,0.0,0.0844
89,2022-10-30 23:25:00,0.0,0.0897
89,2022-10-30 23:30:00,0.0,0.0829
89,2022-10-30 23:35:00,0.0,0.0893
89,2022-10-30 23:40:00,0.0,0.077
89,2022-10-30 23:45:00,0.0,0.0683
89,2022-10-30 23:50:00,0.0,0.0723
89,2022-10-30 23:55:00,0.0,0.0668
89,2022-10-31 00:00:00,0.0,0.0753
89,2022-10-31 00:05:00,0.0,0.0848
89,2022-10-31 00:10:00,0.0,0.0828
89,2022-10-31 00:15:00,0.0,0.0728
89,2022-10-31 00:20:00,0.0,0.0654
89,2022-10-31 00:25:00,0.0,0.0637
89,2022-10-31 00:30:00,0.0,0.0602
89,2022-10-31 00:35:00,0.0,0.0572
89,2022-10-31 00:40:00,0.0,0.0542
89,2022-10-31 00:45:00,0.0,0.0567
89,2022-10-31 00:50:00,0.0,0.0587
89,2022-10-31 00:55:00,0.0,0.0682
89,2022-10-31 01:00:00,0.0,0.0647
89,2022-10-31 01:05:00,0.0,0.0667
89,2022-10-31 01:10:00,0.0,0.0616
89,2022-10-31 01:15:00,0.0,0.0716
89,2022-10-31 01:20:00,0.004,0.0606
89,2022-10-31 01:25:00,0.01,0.0566
89,2022-10-31 01:30:00,0.007,0.0616
89,2022-10-31 01:35:00,0.002,0.0551
89,2022-10-31 01:40:00,0.0,0.0606
89,2022-10-31 01:45:00,0.0,0.0686
89,2022-10-31 01:50:00,0.0,0.0651
89,2022-10-31 01:55:00,0.0,0.054
89,2022-10-31 02:00:00,0.0,0.0665
89,2022-10-31 02:05:00,0.0,0.0655
89,2022-10-31 02:10:00,0.0,0.062
89,2022-10-31 02:15:00,0.0,0.063
89,2022-10-31 02:20:00,0.0,0.059
89,2022-10-31 02:25:00,0.0,0.062
89,2022-10-31 02:30:00,0.0,0.068
89,2022-10-31 02:35:00,0.0,0.0645
89,2022-10-31 02:40:00,0.0,0.0814
89,2022-10-31 02:45:00,0.0,0.0754
89,2022-10-31 02:50:00,0.0,0.0819
89,2022-10-31 02:55:00,0.0,0.0654
89,2022-10-31 03:00:00,0.0,0.0779
89,2022-10-31 03:05:00,0.0,0.0689
89,2022-10-31 03:10:00,0.0,0.0719
89,2022-10-31 03:15:00,0.0,0.0569
89,2022-10-31 03:20:00,0.0,0.0649
89,2022-10-31 03:25:00,0.0,0.0683
89,2022-10-31 03:30:00,0.0,0.0603
89,2022-10-31 03:35:00,0.0,0.0613
89,2022-10-31 03:40:00,0.0,0.0553
89,2022-10-31 03:45:00,0.0,0.0493
89,2022-10-31 03:50:00,0.0,0.0663
89,2022-10-31 03:55:00,0.001,0.0703
89,2022-10-31 04:00:00,0.001,0.0623
89,2022-10-31 04:05:00,0.0,0.0583
89,2022-10-31 04:10:00,0.0,0.0657
89,2022-10-31 04:15:00,0.0,0.0777
89,2022-10-31 04:20:00,0.0,0.0832
89,2022-10-31 04:25:00,0.0,0.0797
89,2022-10-31 04:30:00,0.0,0.0822
89,2022-10-31 04:35:00,0.0,0.0747
89,2022-10-31 04:40:00,0.0,0.0682
89,2022-10-31 04:45:00,0.0,0.0812
90,2022-10-31 15:15:00,0.0,0.0368
90,2022-10-31 15:20:00,0.0,0.0418
90,2022-10-31 15:25:00,0.002,0.0312
90,2022-10-31 15:30:00,0.004,0.0192
90,2022-10-31 15:35:00,0.002,0.0147
90,2022-10-31 15:40:00,0.0,0.0452
90,2022-10-31 15:45:00,0.0,0.0272
90,2022-10-31 15:50:00,0.0,0.0367
90,2022-10-31 15:55:00,0.0,0.0247
90,2022-10-31 16:00:00,0.0,0.0327
90,2022-10-31 16:05:00,0.0,0.0252
90,2022-10-31 16:10:00,0.0,0.0286
90,2022-10-31 16:15:00,0.0,0.0346
90,2022-10-31 16:20:00,0.0,0.0496
90,2022-10-31 16:25:00,0.0,0.0531
90,2022-10-31 16:30:00,0.0,0.0376
90,2022-10-31 16:35:00,0.0,0.0176
90,2022-10-31 16:40:00,0.0,0.0306
90,2022-10-31 16:45:00,0.0,0.0181
90,2022-10-31 16:50:00,0.0,0.0306
90,2022-10-31 16:55:00,0.0,0.031
90,2022-10-31 17:00:00,0.0,0.03
90,2022-10-31 17:05:00,0.0,0.0245
90,2022-10-31 17:10:00,0.0,0.092
90,2022-10-31 17:15:00,0.0,0.065
90,2022-10-31 17:20:00,0.0,0.052
90,2022-10-31 17:25:00,0.0,0.029
90,2022-10-31 17:30:00,0.0,0.0185
90,2022-10-31 17:35:00,0.0,0.0115
90,2022-10-31 17:40:00,0.0,-0.0121
90,2022-10-31 17:45:00,0.0,-0.0126
90,2022-10-31 17:50:00,0.0,-0.0081
90,2022-10-31 17:55:00,0.0,-0.0111
90,2022-10-31 18:00:00,0.0,-0.0181
90,2022-10-31 18:05:00,0.0,-0.0376
90,2022-10-31 18:10:00,0.0,-0.0486
90,2022-10-31 18:15:00,0.0,-0.0481
90,2022-10-31 18:20:00,0.0,-0.0566
90,2022-10-31 18:25:00,0.0,-0.0582
90,2022-10-31 18:30:00,0.0,-0.0512
90,2022-10-31 18:35:00,0.0,-0.0527
90,2022-10-31 18:40:00,0.0,-0.0557
90,2022-10-31 18:45:00,0.0,-0.0587
90,2022-10-31 18:50:00,0.0,-0.0487
90,2022-10-31 18:55:00,0.0,-0.0252
90,2022-10-31 19:00:00,0.0,-0.0317
90,2022-10-31 19:05:00,0.0,-0.0142
90,2022-10-31 19:10:00,0.0,-0.0098
90,2022-10-31 19:15:00,0.0,-0.0148
90,2022-10-31 19:20:00,0.0,0.0107
90,2022-10-31 19:25:00,0.001,0.0192
90,2022-10-31 19:30:00,0.002,0.0112
90,2022-10-31 19:35:00,0.004,0.0147
90,2022-10-31 19:40:00,0.007,0.0182
90,2022-10-31 19:45:00,0.006,0.0102
90,2022-10-31 19:50:00,0.005,0.0427
90,2022-10-31 19:55:00,0.001,0.0426
90,2022-10-31 20:00:00,0.0,0.0501
90,2022-10-31 20:05:00,0.0,0.0521
90,2022-10-31 20:10:00,0.0,0.0621
90,2022-10-31 20:15:00,0.0,0.0576
90,2022-10-31 20:20:00,0.0,0.0669
90,2022-10-31 20:25:00,0.0,0.0501
90,2022-10-31 20:30:00,0.0,0.0581
90,2022-10-31 20:35:00,0.0,0.0576
90,2022-10-31 20:40:00,0.0,0.0469
90,2022-10-31 20:45:00,0.0,0.0405
90,2022-10-31 20:50:00,0.0,0.071
90,2022-10-31 20:55:00,0.0,0.063
90,2022-10-31 21:00:00,0.0,0.1265
90,2022-10-31 21:05:00,0.0,0.0815
90,2022-10-31 21:10:00,0.0,0.0545
90,2022-10-31 21:15:00,0.0,0.0395
90,2022-10-31 21:20:00,0.0,0.045
90,2022-10-31 21:25:00,0.0,0.0594
90,2022-10-31 21:30:00,0.0,0.0609
90,2022-10-31 21:35:00,0.0,0.0619
90,2022-10-31 21:40:00,0.0,0.0499
90,2022-10-31 21:45:00,0.0,0.0649
90,2022-10-31 21:50:00,0.0,0.0519
90,2022-10-31 21:55:00,0.0,0.0594
90,2022-10-31 22:00:00,0.0,0.0334
90,2022-10-31 22:05:00,0.0,0.0389
90,2022-10-31 22:10:00,0.0,0.0513
90,2022-10-31 22:15:00,0.0,0.0579
90,2022-10-31 22:20:00,0.0,0.0598
90,2022-10-31 22:25:00,0.0,0.0318
90,2022-10-31 22:30:00,0.0,0.0476
90,2022-10-31 22:35:00,0.0,0.0511
90,2022-10-31 22:40:00,0.0,0.0443
90,2022-10-31 22:45:00,0.0,0.0393
90,2022-10-31 22:50:00,0.0,0.0438
90,2022-10-31 22:55:00,0.0,0.0417
91,2022-11-11 06:00:00,0.0,-0.0168
91,2022-11-11 06:05:00,0.002,-0.0248
91,2022-11-11 06:10:00,0.004,-0.0298
91,2022-11-11 06:15:00,0.008,-0.0328
91,2022-11-11 06:20:00,0.015,-0.0248
91,2022-11-11 06:25:00,0.02,-0.0138
91,2022-11-11 06:30:00,0.03,-0.0178
91,2022-11-11 06:35:00,0.034,0.0082
91,2022-11-11 06:40:00,0.033,0.0262
91,2022-11-11 06:45:00,0.03,0.0662
91,2022-11-11 06:50:00,0.028,0.0832
91,2022-11-11 06:55:00,0.026,0.3472
91,2022-11-11 07:00:00,0.022,0.4962
91,2022-11-11 07:05:00,0.019,0.4532
91,2022-11-11 07:10:00,0.018,0.5092
91,2022-11-11 07:15:00,0.021,0.4312
91,2022-11-11 07:20:00,0.025,0.4102
91,2022-11-11 07:25:00,0.026,0.4562
91,2022-11-11 07:30:00,0.027,0.4462
91,2022-11-11 07:35:00,0.027,0.5002
91,2022-11-11 07:40:00,0.027,0.5512
91,2022-11-11 07:45:00,0.026,0.5362
91,2022-11-11 07:50:00,0.021,0.5002
91,2022-11-11 07:55:00,0.013,0.4835
91,2022-11-11 08:00:00,0.009,0.4652
91,2022-11-11 08:05:00,0.008,0.4932
91,2022-11-11 08:10:00,0.009,0.4972
91,2022-11-11 08:15:00,0.01,0.4771
91,2022-11-11 08:20:00,0.01,0.3922
91,2022-11-11 08:25:00,0.006,0.3952
91,2022-11-11 08:30:00,0.003,0.3892
91,2022-11-11 08:35:00,0.001,0.3752
91,2022-11-11 08:40:00,0.0,0.3612
91,2022-11-11 08:45:00,0.0,0.3572
91,2022-11-11 08:50:00,0.0,0.3532
91,2022-11-11 08:55:00,0.0,0.2952
91,2022-11-11 09:00:00,0.0,0.3122
91,2022-11-11 09:05:00,0.0,0.2712
91,2022-11-11 09:10:00,0.0,0.2612
91,2022-11-11 09:15:00,0.0,0.2412
91,2022-11-11 09:20:00,0.0,0.2382
91,2022-11-11 09:25:00,0.0,0.1852
91,2022-11-11 09:30:00,0.0,0.2222
91,2022-11-11 09:35:00,0.0,0.2032
91,2022-11-11 09:40:00,0.0,0.2332
91,2022-11-11 09:45:00,0.0,0.2082
91,2022-11-11 09:50:00,0.0,0.2182
91,2022-11-11 09:55:00,0.0,0.1932
91,2022-11-11 10:00:00,0.0,0.2102
91,2022-11-11 10:05:00,0.0,0.2102
91,2022-11-11 10:10:00,0.001,0.2142
91,2022-11-11 10:15:00,0.001,0.1902
91,2022-11-11 10:20:00,0.001,0.1722
91,2022-11-11 10:25:00,0.002,0.1732
91,2022-11-11 10:30:00,0.004,0.1552
91,2022-11-11 10:35:00,0.005,0.1802
91,2022-11-11 10:40:00,0.005,0.1892
91,2022-11-11 10:45:00,0.005,0.1855
91,2022-11-11 10:50:00,0.005,0.2331
91,2022-11-11 10:55:00,0.003,0.1961
91,2022-11-11 11:00:00,0.001,0.1911
91,2022-11-11 11:05:00,0.0,0.1871
91,2022-11-11 11:10:00,0.0,0.2049
91,2022-11-11 11:15:00,0.0,0.196
91,2022-11-11 11:20:00,0.0,0.1781
91,2022-11-11 11:25:00,0.0,0.1901
91,2022-11-11 11:30:00,0.0,0.1891
91,2022-11-11 11:35:00,0.001,0.2061
91,2022-11-11 11:40:00,0.003,0.1981
91,2022-11-11 11:45:00,0.002,0.1901
91,2022-11-11 11:50:00,0.001,0.1761
91,2022-11-11 11:55:00,0.0,0.1781
91,2022-11-11 12:00:00,0.0,0.2031
91,2022-11-11 12:05:00,0.0,0.1944
91,2022-11-11 12:10:00,0.0,0.1891
91,2022-11-11 12:15:00,0.0,0.2029
91,2022-11-11 12:20:00,0.0,0.1894
91,2022-11-11 12:25:00,0.0,0.1841
91,2022-11-11 12:30:00,0.0,0.1681
91,2022-11-11 12:35:00,0.0,0.1831
91,2022-11-11 12:40:00,0.0,0.1611
91,2022-11-11 12:45:00,0.0,0.1711
91,2022-11-11 12:50:00,0.0,0.1261
91,2022-11-11 12:55:00,0.0,0.1711
91,2022-11-11 13:00:00,0.0,0.1461
91,2022-11-11 13:05:00,0.0,0.1611
91,2022-11-11 13:10:00,0.0,0.178
91,2022-11-11 13:15:00,0.0,0.1501
91,2022-11-11 13:20:00,0.0,0.1309
91,2022-11-11 13:25:00,0.0,0.1711
91,2022-11-11 13:30:00,0.0,0.1311
91,2022-11-11 13:35:00,0.0,0.1441
91,2022-11-11 13:40:00,0.0,0.1611
91,2022-11-11 13:45:00,0.0,0.1471
91,2022-11-11 13:50:00,0.0,0.1351
91,2022-11-11 13:55:00,0.0,0.1611
91,2022-11-11 14:00:00,0.0,0.1491
91,2022-11-11 14:05:00,0.0,0.1281
91,2022-11-11 14:10:00,0.0,0.1351
91,2022-11-11 14:15:00,0.0,0.1311
91,2022-11-11 14:20:00,0.0,0.1011
91,2022-11-11 14:25:00,0.0,0.0731
91,2022-11-11 14:30:00,0.0,0.0791
91,2022-11-11 14:35:00,0.0,0.0961
91,2022-11-11 14:40:00,0.0,0.0711
91,2022-11-11 14:45:00,0.0,0.0741
91,2022-11-11 14:50:00,0.0,0.0811
91,2022-11-11 14:55:00,0.0,0.0781
91,2022-11-11 15:00:00,0.0,0.0541
91,2022-11-11 15:05:00,0.0,0.0511
91,2022-11-11 15:10:00,0.0,0.0768
91,2022-11-11 15:15:00,0.0,0.0761
91,2022-11-11 15:20:00,0.0,0.0631
91,2022-11-11 15:25:00,0.0,0.0671
91,2022-11-11 15:30:00,0.0,0.0671
91,2022-11-11 15:35:00,0.0,0.0441
91,2022-11-11 15:40:00,0.0,0.054
91,2022-11-11 15:45:00,0.0,0.053
91,2022-11-11 15:50:00,0.0,0.054
91,2022-11-11 15:55:00,0.0,0.062
91,2022-11-11 16:00:00,0.0,0.08
92,2022-11-12 12:30:00,0.0,0.0857
92,2022-11-12 12:35:00,0.0,0.0836
92,2022-11-12 12:40:00,0.0,0.0761
92,2022-11-12 12:45:00,0.0376,0.0686
92,2022-11-12 12:50:00,0.0,0.0395
92,2022-11-12 12:55:00,0.0,0.049
92,2022-11-12 13:00:00,0.0,0.06
92,2022-11-12 13:05:00,0.0,0.0699
92,2022-11-12 13:10:00,0.0,0.0514
92,2022-11-12 13:15:00,0.0,0.0369
92,2022-11-12 13:20:00,0.0,0.0698
92,2022-11-12 13:25:00,0.0,0.0603
92,2022-11-12 13:30:00,0.0,0.0638
92,2022-11-12 13:35:00,0.0,0.0707
92,2022-11-12 13:40:00,0.0,0.0822
92,2022-11-12 13:45:00,0.0,0.1232
92,2022-11-12 13:50:00,0.0,0.0791
92,2022-11-12 13:55:00,0.0,0.0711
92,2022-11-12 14:00:00,0.0,0.0751
92,2022-11-12 14:05:00,0.0,0.0901
92,2022-11-12 14:10:00,0.0,0.072
92,2022-11-12 14:15:00,0.0,0.061
92,2022-11-12 14:20:00,0.0,0.0595
92,2022-11-12 14:25:00,0.0,0.0744
92,2022-11-12 14:30:00,0.0,0.0654
92,2022-11-12 14:35:00,0.0,0.0724
92,2022-11-12 14:40:00,0.0,0.0588
92,2022-11-12 14:45:00,0.0,0.0758
92,2022-11-12 14:50:00,0.0,0.0888
92,2022-11-12 14:55:00,0.0,0.0897
92,2022-11-12 15:00:00,0.0,0.0747
92,2022-11-12 15:05:00,0.0,0.0672
92,2022-11-12 15:10:00,0.0,0.0751
92,2022-11-12 15:15:00,0.0,0.0851
92,2022-11-12 15:20:00,0.0,0.0736
92,2022-11-12 15:25:00,0.0,0.061
92,2022-11-12 15:30:00,0.0,0.083
92,2022-11-12 15:35:00,0.0,0.061
92,2022-11-12 15:40:00,0.0,0.0579
92,2022-11-12 15:45:00,0.0,0.0724
93,2022-11-13 12:10:00,0.0,0.0758
93,2022-11-13 12:15:00,0.0,0.0978
93,2022-11-13 12:20:00,0.0,0.0837
93,2022-11-13 12:25:00,0.039,0.0802
93,2022-11-13 12:30:00,0.0,0.0482
93,2022-11-13 12:35:00,0.0,0.0401
93,2022-11-13 12:40:00,0.0,0.0541
93,2022-11-13 12:45:00,0.0,0.0251
93,2022-11-13 12:50:00,0.0,0.035
93,2022-11-13 12:55:00,0.0,0.0665
93,2022-11-13 13:00:00,0.0,0.0875
93,2022-11-13 13:05:00,0.0,0.0759
93,2022-11-13 13:10:00,0.0,0.0659
93,2022-11-13 13:15:00,0.0,0.0869
93,2022-11-13 13:20:00,0.0376,0.0699
93,2022-11-13 13:25:00,0.0,0.1063
93,2022-11-13 13:30:00,0.0,0.1228
93,2022-11-13 13:35:00,0.0,0.0837
93,2022-11-13 13:40:00,0.0,0.0822
93,2022-11-13 13:45:00,0.0,0.1222
93,2022-11-13 13:50:00,0.0,0.0921
93,2022-11-13 13:55:00,0.0,0.0661
93,2022-11-13 14:00:00,0.0,0.0711
93,2022-11-13 14:05:00,0.0,0.1286
93,2022-11-13 14:10:00,0.0,0.09
93,2022-11-13 14:15:00,0.0,0.129
93,2022-11-13 14:20:00,0.0376,0.1125
93,2022-11-13 14:25:00,0.0,0.1109
93,2022-11-13 14:30:00,0.0,0.0719
93,2022-11-13 14:35:00,0.0,0.0649
93,2022-11-13 14:40:00,0.0,0.0883
93,2022-11-13 14:45:00,0.0,0.0913
93,2022-11-13 14:50:00,0.0,0.0838
93,2022-11-13 14:55:00,0.0,0.0692
93,2022-11-13 15:00:00,0.0,0.0542
93,2022-11-13 15:05:00,0.0,0.1242
93,2022-11-13 15:10:00,0.0,0.0901
93,2022-11-13 15:15:00,0.0,0.0994
93,2022-11-13 15:20:00,0.0,0.0996
93,2022-11-13 15:25:00,0.0,0.092
93,2022-11-13 15:30:00,0.0,0.0805
93,2022-11-13 15:35:00,0.0,0.099
93,2022-11-13 15:40:00,0.0,0.0789
93,2022-11-13 15:45:00,0.0,0.0634
93,2022-11-13 15:50:00,0.0,0.0749
93,2022-11-13 15:55:00,0.0,0.0688
93,2022-11-13 16:00:00,0.0,0.0524
93,2022-11-13 16:05:00,0.0,0.0822
93,2022-11-13 16:10:00,0.0,0.0637
93,2022-11-13 16:15:00,0.0,0.0827
93,2022-11-13 16:20:00,0.0,0.0777
93,2022-11-13 16:25:00,0.0,0.0601
93,2022-11-13 16:30:00,0.0,0.0696
93,2022-11-13 16:35:00,0.0,0.0951
93,2022-11-13 16:40:00,0.0,0.0975
93,2022-11-13 16:45:00,0.0,0.078
93,2022-11-13 16:50:00,0.0,0.0775
93,2022-11-13 16:55:00,0.0,0.0624
93,2022-11-13 17:00:00,0.0,0.0529
93,2022-11-13 17:05:00,0.0,0.0379
93,2022-11-13 17:10:00,0.0,0.0684
93,2022-11-13 17:15:00,0.0,0.0478
93,2022-11-13 17:20:00,0.0,0.0318
93,2022-11-13 17:25:00,0.0,0.0657
94,2022-11-14 09:45:00,0.0,0.0528
94,2022-11-14 09:50:00,0.0,0.1004
94,2022-11-14 09:55:00,0.0,0.0749
94,2022-11-14 10:00:00,0.0376,0.081
94,2022-11-14 10:05:00,0.0,0.0166
94,2022-11-14 10:10:00,0.0,0.0165
94,2022-11-14 10:15:00,0.0,0.0267
94,2022-11-14 10:20:00,0.0,0.0257
94,2022-11-14 10:25:00,0.0,0.0373
94,2022-11-14 10:30:00,0.0,0.0208
94,2022-11-14 10:35:00,0.0,0.0024
94,2022-11-14 10:40:00,0.0,0.0139
94,2022-11-14 10:45:00,0.0,0.02
94,2022-11-14 10:50:00,0.0,0.0165
94,2022-11-14 10:55:00,0.0,0.0261
94,2022-11-14 11:00:00,0.0,0.0366
94,2022-11-14 11:05:00,0.0,0.0432
94,2022-11-14 11:10:00,0.0,0.0152
94,2022-11-14 11:15:00,0.0,0.0328
94,2022-11-14 11:20:00,0.0,0.0413
94,2022-11-14 11:25:00,0.0,0.0364
94,2022-11-14 11:30:00,0.0,0.0419
94,2022-11-14 11:35:00,0.0,0.044
94,2022-11-14 11:40:00,0.0,0.032
94,2022-11-14 11:45:00,0.0,0.0236
94,2022-11-14 11:50:00,0.0,0.0131
94,2022-11-14 11:55:00,0.0,0.0314
94,2022-11-14 12:00:00,0.0,0.0353
94,2022-11-14 12:05:00,0.0,0.0198
94,2022-11-14 12:10:00,0.0,0.0484
94,2022-11-14 12:15:00,0.0,0.0184
94,2022-11-14 12:20:00,0.0,0.0015
94,2022-11-14 12:25:00,0.0,-0.004
94,2022-11-14 12:30:00,0.0,0.0291
94,2022-11-14 12:35:00,0.0,0.0441
94,2022-11-14 12:40:00,0.0,0.0653
94,2022-11-14 12:45:00,0.0,0.0447
94,2022-11-14 12:50:00,0.0,0.0248
94,2022-11-14 12:55:00,0.0,0.0138
94,2022-11-14 13:00:00,0.0,0.0204
95,2022-11-25 03:40:00,0.0,0.0078
95,2022-11-25 03:45:00,0.0,-0.001
95,2022-11-25 03:50:00,0.0,0.0
95,2022-11-25 03:55:00,0.0376,-0.0043
95,2022-11-25 04:00:00,0.0,-0.016
95,2022-11-25 04:05:00,0.0,-0.0171
95,2022-11-25 04:10:00,0.0,-0.0161
95,2022-11-25 04:15:00,0.0,-0.0101
95,2022-11-25 04:20:00,0.0,-0.0031
95,2022-11-25 04:25:00,0.0,-0.0195
95,2022-11-25 04:30:00,0.0,0.0169
95,2022-11-25 04:35:00,0.0,0.0157
95,2022-11-25 04:40:00,0.0,-0.0011
95,2022-11-25 04:45:00,0.0,-0.0081
95,2022-11-25 04:50:00,0.0,-0.0131
95,2022-11-25 04:55:00,0.0,0.0019
95,2022-11-25 05:00:00,0.0,0.0229
95,2022-11-25 05:05:00,0.0,0.0158
95,2022-11-25 05:10:00,0.0,0.0088
95,2022-11-25 05:15:00,0.0,0.0178
95,2022-11-25 05:20:00,0.0,-0.0072
95,2022-11-25 05:25:00,0.0,-0.0042
95,2022-11-25 05:30:00,0.0,-0.0012
95,2022-11-25 05:35:00,0.0,-0.0152
95,2022-11-25 05:40:00,0.0,-0.0482
95,2022-11-25 05:45:00,0.0,-0.0282
95,2022-11-25 05:50:00,0.0,-0.0292
95,2022-11-25 05:55:00,0.0,-0.0332
95,2022-11-25 06:00:00,0.0,-0.0383
95,2022-11-25 06:05:00,0.0,-0.0283
95,2022-11-25 06:10:00,0.0,-0.0343
95,2022-11-25 06:15:00,0.0,-0.0393
95,2022-11-25 06:20:00,0.0,-0.0273
95,2022-11-25 06:25:00,0.0,-0.0323
95,2022-11-25 06:30:00,0.0,-0.0083
95,2022-11-25 06:35:00,0.0,-0.0273
95,2022-11-25 06:40:00,0.0,-0.0303
95,2022-11-25 06:45:00,0.0,-0.0343
95,2022-11-25 06:50:00,0.0,-0.0243
95,2022-11-25 06:55:00,0.0,-0.0373
96,2022-11-26 22:30:00,0.0,-0.0115
96,2022-11-26 22:35:00,0.001,0.002
96,2022-11-26 22:40:00,0.003,0.017
96,2022-11-26 22:45:00,0.003,-0.0085
96,2022-11-26 22:50:00,0.003,-0.005
96,2022-11-26 22:55:00,0.003,-0.0115
96,2022-11-26 23:00:00,0.003,0.0005
96,2022-11-26 23:05:00,0.003,-0.001
96,2022-11-26 23:10:00,0.003,0.004
96,2022-11-26 23:15:00,0.003,0.0085
96,2022-11-26 23:20:00,0.004,0.0149
96,2022-11-26 23:25:00,0.005,0.0019
96,2022-11-26 23:30:00,0.006,-0.0031
96,2022-11-26 23:35:00,0.005,0.0029
96,2022-11-26 23:40:00,0.003,0.0089
96,2022-11-26 23:45:00,0.003,0.0044
96,2022-11-26 23:50:00,0.003,0.0139
96,2022-11-26 23:55:00,0.003,0.0279
96,2022-11-27 00:00:00,0.004,0.0354
96,2022-11-27 00:05:00,0.005,0.0424
96,2022-11-27 00:10:00,0.005,0.0434
96,2022-11-27 00:15:00,0.006,0.0493
96,2022-11-27 00:20:00,0.006,0.0488
96,2022-11-27 00:25:00,0.005,0.0513
96,2022-11-27 00:30:00,0.004,0.0438
96,2022-11-27 00:35:00,0.003,0.0578
96,2022-11-27 00:40:00,0.003,0.0563
96,2022-11-27 00:45:00,0.003,0.0673
96,2022-11-27 00:50:00,0.003,0.0718
96,2022-11-27 00:55:00,0.002,0.0783
96,2022-11-27 01:00:00,0.001,0.0918
96,2022-11-27 01:05:00,0.0,0.0803
96,2022-11-27 01:10:00,0.0,0.0868
96,2022-11-27 01:15:00,0.0,0.0797
96,2022-11-27 01:20:00,0.0,0.0752
96,2022-11-27 01:25:00,0.0,0.0717
96,2022-11-27 01:30:00,0.0,0.0742
96,2022-11-27 01:35:00,0.0,0.0667
96,2022-11-27 01:40:00,0.0,0.0632
96,2022-11-27 01:45:00,0.0,0.0687
96,2022-11-27 01:50:00,0.0,0.0678
96,2022-11-27 01:55:00,0.0,0.0662
96,2022-11-27 02:00:00,0.0,0.0647
96,2022-11-27 02:05:00,0.001,0.0547
96,2022-11-27 02:10:00,0.001,0.0501
96,2022-11-27 02:15:00,0.0,0.0561
96,2022-11-27 02:20:00,0.0,0.0435
96,2022-11-27 02:25:00,0.0,0.0496
96,2022-11-27 02:30:00,0.0,0.0541
96,2022-11-27 02:35:00,0.0,0.0561
96,2022-11-27 02:40:00,0.0,0.0476
96,2022-11-27 02:45:00,0.0,0.0526
96,2022-11-27 02:50:00,0.0,0.0501
96,2022-11-27 02:55:00,0.0,0.0516
96,2022-11-27 03:00:00,0.002,0.0536
96,2022-11-27 03:05:00,0.002,0.0611
96,2022-11-27 03:10:00,0.005,0.0625
96,2022-11-27 03:15:00,0.014,0.065
96,2022-11-27 03:20:00,0.021,0.059
96,2022-11-27 03:25:00,0.023,0.0534
96,2022-11-27 03:30:00,0.022,0.0545
96,2022-11-27 03:35:00,0.024,0.0595
96,2022-11-27 03:40:00,0.016,0.198
96,2022-11-27 03:45:00,0.01,0.33
96,2022-11-27 03:50:00,0.005,0.2985
96,2022-11-27 03:55:00,0.0,0.2515
96,2022-11-27 04:00:00,0.0,0.2515
96,2022-11-27 04:05:00,0.007,0.2644
96,2022-11-27 04:10:00,0.016,0.2114
96,2022-11-27 04:15:00,0.022,0.1879
96,2022-11-27 04:20:00,0.021,0.1734
96,2022-11-27 04:25:00,0.023,0.1774
96,2022-11-27 04:30:00,0.017,0.1715
96,2022-11-27 04:35:00,0.019,0.2124
96,2022-11-27 04:40:00,0.02,0.2681
96,2022-11-27 04:45:00,0.017,0.3219
96,2022-11-27 04:50:00,0.009,0.3589
96,2022-11-27 04:55:00,0.004,0.3814
96,2022-11-27 05:00:00,0.002,0.38
96,2022-11-27 05:05:00,0.0,0.3188
96,2022-11-27 05:10:00,0.0,0.3558
96,2022-11-27 05:15:00,0.0,0.3178
96,2022-11-27 05:20:00,0.0,0.3208
96,2022-11-27 05:25:00,0.0,0.2943
96,2022-11-27 05:30:00,0.0,0.2923
96,2022-11-27 05:35:00,0.0,0.2761
96,2022-11-27 05:40:00,0.0,0.2953
96,2022-11-27 05:45:00,0.0,0.2388
96,2022-11-27 05:50:00,0.0,0.2188
96,2022-11-27 05:55:00,0.0,0.2059
96,2022-11-27 06:00:00,0.011,0.1933
96,2022-11-27 06:05:00,0.015,0.1777
96,2022-11-27 06:10:00,0.004,0.1824
96,2022-11-27 06:15:00,0.001,0.1722
96,2022-11-27 06:20:00,0.002,0.1634
96,2022-11-27 06:25:00,0.001,0.1785
96,2022-11-27 06:30:00,0.0,0.1767
96,2022-11-27 06:35:00,0.0,0.1727
96,2022-11-27 06:40:00,0.0,0.1727
96,2022-11-27 06:45:00,0.0,0.1817
96,2022-11-27 06:50:00,0.0,0.1767
96,2022-11-27 06:55:00,0.0,0.1597
96,2022-11-27 07:00:00,0.001,0.1586
96,2022-11-27 07:05:00,0.0,0.1686
96,2022-11-27 07:10:00,0.0,0.1606
96,2022-11-27 07:15:00,0.0,0.1521
96,2022-11-27 07:20:00,0.0,0.1381
96,2022-11-27 07:25:00,0.0,0.1431
96,2022-11-27 07:30:00,0.0,0.1198
96,2022-11-27 07:35:00,0.0,0.1656
96,2022-11-27 07:40:00,0.0,0.1496
96,2022-11-27 07:45:00,0.0,0.1601
96,2022-11-27 07:50:00,0.0,0.1431
96,2022-11-27 07:55:00,0.0,0.1453
96,2022-11-27 08:00:00,0.0,0.138
96,2022-11-27 08:05:00,0.0,0.1366
96,2022-11-27 08:10:00,0.0,0.142
96,2022-11-27 08:15:00,0.0,0.1355
96,2022-11-27 08:20:00,0.0,0.1365
96,2022-11-27 08:25:00,0.0,0.114
96,2022-11-27 08:30:00,0.0,0.135
96,2022-11-27 08:35:00,0.0,0.135
96,2022-11-27 08:40:00,0.0,0.1095
96,2022-11-27 08:45:00,0.0,0.1115
96,2022-11-27 08:50:00,0.0,0.1043
96,2022-11-27 08:55:00,0.0,0.1079
96,2022-11-27 09:00:00,0.0,0.1264
96,2022-11-27 09:05:00,0.0,0.1374
96,2022-11-27 09:10:00,0.001,0.1179
96,2022-11-27 09:15:00,0.012,0.1354
96,2022-11-27 09:20:00,0.012,0.1174
96,2022-11-27 09:25:00,0.018,0.1049
96,2022-11-27 09:30:00,0.027,0.1109
96,2022-11-27 09:35:00,0.029,0.1059
96,2022-11-27 09:40:00,0.015,0.1154
96,2022-11-27 09:45:00,0.009,0.3024
96,2022-11-27 09:50:00,0.001,0.2864
96,2022-11-27 09:55:00,0.0,0.2573
96,2022-11-27 10:00:00,0.0,0.2453
96,2022-11-27 10:05:00,0.0,0.2628
96,2022-11-27 10:10:00,0.0,0.2253
96,2022-11-27 10:15:00,0.0,0.2363
96,2022-11-27 10:20:00,0.0,0.2393
96,2022-11-27 10:25:00,0.0,0.2118
96,2022-11-27 10:30:00,0.0,0.1938
96,2022-11-27 10:35:00,0.0,0.2248
96,2022-11-27 10:40:00,0.0,0.1873
96,2022-11-27 10:45:00,0.0,0.1913
96,2022-11-27 10:50:00,0.0,0.2477
96,2022-11-27 10:55:00,0.0,0.1867
96,2022-11-27 11:00:00,0.0,0.1832
96,2022-11-27 11:05:00,0.0,0.1982
96,2022-11-27 11:10:00,0.001,0.1837
96,2022-11-27 11:15:00,0.029,0.1887
96,2022-11-27 11:20:00,0.03,0.1807
96,2022-11-27 11:25:00,0.007,0.1997
96,2022-11-27 11:30:00,0.001,0.4167
96,2022-11-27 11:35:00,0.0,0.4152
96,2022-11-27 11:40:00,0.0,0.2682
96,2022-11-27 11:45:00,0.0,0.3077
96,2022-11-27 11:50:00,0.0,0.2946
96,2022-11-27 11:55:00,0.0,0.2921
96,2022-11-27 12:00:00,0.0,0.2611
96,2022-11-27 12:05:00,0.0,0.2641
96,2022-11-27 12:10:00,0.0,0.2926
96,2022-11-27 12:15:00,0.0,0.2816
96,2022-11-27 12:20:00,0.0,0.2636
96,2022-11-27 12:25:00,0.0,0.2281
96,2022-11-27 12:30:00,0.0,0.2481
96,2022-11-27 12:35:00,0.0,0.2281
96,2022-11-27 12:40:00,0.0,0.2561
96,2022-11-27 12:45:00,0.0,0.245
96,2022-11-27 12:50:00,0.0,0.248
96,2022-11-27 12:55:00,0.0,0.2265
96,2022-11-27 13:00:00,0.0,0.2435
96,2022-11-27 13:05:00,0.0,0.2469
96,2022-11-27 13:10:00,0.0,0.22
96,2022-11-27 13:15:00,0.0,0.214
96,2022-11-27 13:20:00,0.0,0.202
96,2022-11-27 13:25:00,0.0,0.2134
96,2022-11-27 13:30:00,0.0,0.21
96,2022-11-27 13:35:00,0.0,0.179
96,2022-11-27 13:40:00,0.0,0.2025
96,2022-11-27 13:45:00,0.0,0.1734
96,2022-11-27 13:50:00,0.0,0.2054
96,2022-11-27 13:55:00,0.0,0.2284
96,2022-11-27 14:00:00,0.0,0.1884
96,2022-11-27 14:05:00,0.0,0.1959
96,2022-11-27 14:10:00,0.0,0.1764
96,2022-11-27 14:15:00,0.0,0.1924
96,2022-11-27 14:20:00,0.0,0.1839
96,2022-11-27 14:25:00,0.0,0.1724
96,2022-11-27 14:30:00,0.0,0.1684
96,2022-11-27 14:35:00,0.0,0.1524
96,2022-11-27 14:40:00,0.0,0.1688
96,2022-11-27 14:45:00,0.0,0.1868
96,2022-11-27 14:50:00,0.0,0.1793
96,2022-11-27 14:55:00,0.0,0.1538
96,2022-11-27 15:00:00,0.0,0.1518
96,2022-11-27 15:05:00,0.0,0.1448
96,2022-11-27 15:10:00,0.0,0.1478
96,2022-11-27 15:15:00,0.0,0.1071
96,2022-11-27 15:20:00,0.0,0.1373
96,2022-11-27 15:25:00,0.0,0.1598
96,2022-11-27 15:30:00,0.0,0.1583
96,2022-11-27 15:35:00,0.0,0.1418
96,2022-11-27 15:40:00,0.0,0.1587
96,2022-11-27 15:45:00,0.0,0.1252
96,2022-11-27 15:50:00,0.0,0.1507
96,2022-11-27 15:55:00,0.0,0.1487
96,2022-11-27 16:00:00,0.0,0.1483
96,2022-11-27 16:05:00,0.0,0.1471
96,2022-11-27 16:10:00,0.0,0.1246
96,2022-11-27 16:15:00,0.0,0.1257
96,2022-11-27 16:20:00,0.0,0.1247
96,2022-11-27 16:25:00,0.0,0.1322
96,2022-11-27 16:30:00,0.0,0.1287
96,2022-11-27 16:35:00,0.0,0.1161
96,2022-11-27 16:40:00,0.0,0.1246
96,2022-11-27 16:45:00,0.0,0.1251
96,2022-11-27 16:50:00,0.0,0.1446
96,2022-11-27 16:55:00,0.0,0.1146
96,2022-11-27 17:00:00,0.0,0.1321
96,2022-11-27 17:05:00,0.0,0.0871
96,2022-11-27 17:10:00,0.0,0.0817
96,2022-11-27 17:15:00,0.0,0.0881
96,2022-11-27 17:20:00,0.0,0.0931
96,2022-11-27 17:25:00,0.0,0.1231
96,2022-11-27 17:30:00,0.0,0.1136
96,2022-11-27 17:35:00,0.0,0.1595
96,2022-11-27 17:40:00,0.0,0.1625
96,2022-11-27 17:45:00,0.0,0.133
96,2022-11-27 17:50:00,0.0,0.1275
96,2022-11-27 17:55:00,0.0,0.1235
96,2022-11-27 18:00:00,0.0,0.1235
97,2022-11-27 18:00:00,0.0,0.1235
97,2022-11-27 18:05:00,0.0,0.0893
97,2022-11-27 18:10:00,0.0,0.0995
97,2022-11-27 18:15:00,0.0376,0.117
97,2022-11-27 18:20:00,0.0,0.116
97,2022-11-27 18:25:00,0.0,0.1355
97,2022-11-27 18:30:00,0.0,0.1089
97,2022-11-27 18:35:00,0.0,0.1179
97,2022-11-27 18:40:00,0.0,0.1274
97,2022-11-27 18:45:00,0.0,0.0979
97,2022-11-27 18:50:00,0.0,0.0919
97,2022-11-27 18:55:00,0.0,0.1314
97,2022-11-27 19:00:00,0.0,0.1339
97,2022-11-27 19:05:00,0.0,0.1024
97,2022-11-27 19:10:00,0.0,0.1104
97,2022-11-27 19:15:00,0.0,0.0829
97,2022-11-27 19:20:00,0.0,0.0984
97,2022-11-27 19:25:00,0.0,0.0979
97,2022-11-27 19:30:00,0.0,0.108
97,2022-11-27 19:35:00,0.0,0.086
97,2022-11-27 19:40:00,0.0,0.1223
97,2022-11-27 19:45:00,0.0,0.1013
97,2022-11-27 19:50:00,0.0,0.0968
97,2022-11-27 19:55:00,0.0,0.1098
97,2022-11-27 20:00:00,0.0,0.1333
97,2022-11-27 20:05:00,0.0,0.1068
97,2022-11-27 20:10:00,0.0,0.1561
97,2022-11-27 20:15:00,0.0,0.0916
97,2022-11-27 20:20:00,0.0,0.0888
97,2022-11-27 20:25:00,0.0,0.0942
97,2022-11-27 20:30:00,0.0,0.1127
97,2022-11-27 20:35:00,0.0,0.1107
97,2022-11-27 20:40:00,0.0,0.0997
97,2022-11-27 20:45:00,0.0,0.0862
97,2022-11-27 20:50:00,0.0,0.0927
97,2022-11-27 20:55:00,0.0,0.0702
97,2022-11-27 21:00:00,0.0,0.0537
97,2022-11-27 21:05:00,0.0,0.0602
97,2022-11-27 21:10:00,0.0,0.0801
97,2022-11-27 21:15:00,0.0,0.0812
98,2022-11-29 21:20:00,0.0,0.0225
98,2022-11-29 21:25:00,0.0,0.0054
98,2022-11-29 21:30:00,0.0,0.0464
98,2022-11-29 21:35:00,0.012,0.0324
98,2022-11-29 21:40:00,0.037,0.0214
98,2022-11-29 21:45:00,0.002,0.0093
98,2022-11-29 21:50:00,0.0,-0.0032
98,2022-11-29 21:55:00,0.0,0.0318
98,2022-11-29 22:00:00,0.0,0.0227
98,2022-11-29 22:05:00,0.0,0.0247
98,2022-11-29 22:10:00,0.0,0.0407
98,2022-11-29 22:15:00,0.0,0.0422
98,2022-11-29 22:20:00,0.0,0.0551
98,2022-11-29 22:25:00,0.0,0.0501
98,2022-11-29 22:30:00,0.002,0.0496
98,2022-11-29 22:35:00,0.003,0.0361
98,2022-11-29 22:40:00,0.003,0.0295
98,2022-11-29 22:45:00,0.002,0.0386
98,2022-11-29 22:50:00,0.002,0.0398
98,2022-11-29 22:55:00,0.001,0.0124
98,2022-11-29 23:00:00,0.0,0.0369
98,2022-11-29 23:05:00,0.0,0.0309
98,2022-11-29 23:10:00,0.0,0.0294
98,2022-11-29 23:15:00,0.0,0.0568
98,2022-11-29 23:20:00,0.0,0.0473
98,2022-11-29 23:25:00,0.0,0.0623
98,2022-11-29 23:30:00,0.0,0.0699
98,2022-11-29 23:35:00,0.0,0.0679
98,2022-11-29 23:40:00,0.0,0.06
98,2022-11-29 23:45:00,0.0,0.0617
98,2022-11-29 23:50:00,0.0,0.0637
98,2022-11-29 23:55:00,0.002,0.0527
98,2022-11-30 00:00:00,0.002,0.0556
98,2022-11-30 00:05:00,0.006,0.0616
98,2022-11-30 00:10:00,0.002,0.0391
98,2022-11-30 00:15:00,0.0,0.0275
98,2022-11-30 00:20:00,0.0,0.029
98,2022-11-30 00:25:00,0.0,0.0195
98,2022-11-30 00:30:00,0.0,0.0368
98,2022-11-30 00:35:00,0.0,0.0349
98,2022-11-30 00:40:00,0.0,0.0539
98,2022-11-30 00:45:00,0.0,0.0424
98,2022-11-30 00:50:00,0.0,0.0529
98,2022-11-30 00:55:00,0.0,0.0598
98,2022-11-30 01:00:00,0.0,0.0558
98,2022-11-30 01:05:00,0.0,0.0518
98,2022-11-30 01:10:00,0.0,0.0458
98,2022-11-30 01:15:00,0.0,0.0502
98,2022-11-30 01:20:00,0.0,0.0557
98,2022-11-30 01:25:00,0.0,0.0477
98,2022-11-30 01:30:00,0.0,0.0412
98,2022-11-30 01:35:00,0.0,0.0406
98,2022-11-30 01:40:00,0.0,0.0336
98,2022-11-30 01:45:00,0.0,0.0311
98,2022-11-30 01:50:00,0.0,0.0456
98,2022-11-30 01:55:00,0.0,0.049
98,2022-11-30 02:00:00,0.0,0.0355
98,2022-11-30 02:05:00,0.0,0.0403
98,2022-11-30 02:10:00,0.0,0.0352
98,2022-11-30 02:15:00,0.0,0.0369
98,2022-11-30 02:20:00,0.0,0.0339
98,2022-11-30 02:25:00,0.0,0.0329
98,2022-11-30 02:30:00,0.0,0.0268
98,2022-11-30 02:35:00,0.0,0.0368
98,2022-11-30 02:40:00,0.0,0.0211
98,2022-11-30 02:45:00,0.001,0.0188
98,2022-11-30 02:50:00,0.012,0.0157
98,2022-11-30 02:55:00,0.023,0.0137
98,2022-11-30 03:00:00,0.019,0.0217
98,2022-11-30 03:05:00,0.015,0.0277
98,2022-11-30 03:10:00,0.014,0.0331
98,2022-11-30 03:15:00,0.014,0.1966
98,2022-11-30 03:20:00,0.011,0.2091
98,2022-11-30 03:25:00,0.008,0.2636
98,2022-11-30 03:30:00,0.004,0.2865
98,2022-11-30 03:35:00,0.003,0.2645
98,2022-11-30 03:40:00,0.004,0.2265
98,2022-11-30 03:45:00,0.005,0.2135
98,2022-11-30 03:50:00,0.003,0.2082
98,2022-11-30 03:55:00,0.001,0.1919
98,2022-11-30 04:00:00,0.0,0.1824
98,2022-11-30 04:05:00,0.001,0.1858
98,2022-11-30 04:10:00,0.004,0.1653
98,2022-11-30 04:15:00,0.006,0.1608
98,2022-11-30 04:20:00,0.006,0.1663
98,2022-11-30 04:25:00,0.002,0.1477
98,2022-11-30 04:30:00,0.0,0.1592
98,2022-11-30 04:35:00,0.0,0.1547
98,2022-11-30 04:40:00,0.0,0.1577
98,2022-11-30 04:45:00,0.0,0.1536
98,2022-11-30 04:50:00,0.0,0.1691
98,2022-11-30 04:55:00,0.0,0.1466
98,2022-11-30 05:00:00,0.0,0.1361
98,2022-11-30 05:05:00,0.0,0.14
98,2022-11-30 05:10:00,0.0,0.119
98,2022-11-30 05:15:00,0.0,0.124
98,2022-11-30 05:20:00,0.0,0.1243
98,2022-11-30 05:25:00,0.0,0.1074
98,2022-11-30 05:30:00,0.0,0.0998
98,2022-11-30 05:35:00,0.0,0.1059
98,2022-11-30 05:40:00,0.0,0.1299
98,2022-11-30 05:45:00,0.0,0.1293
98,2022-11-30 05:50:00,0.0,0.1018
98,2022-11-30 05:55:00,0.0,0.1052
98,2022-11-30 06:00:00,0.0,0.0869
98,2022-11-30 06:05:00,0.0,0.0957
98,2022-11-30 06:10:00,0.0,0.0757
98,2022-11-30 06:15:00,0.0,0.0897
98,2022-11-30 06:20:00,0.0,0.0931
98,2022-11-30 06:25:00,0.0,0.0946
98,2022-11-30 06:30:00,0.0,0.0916
98,2022-11-30 06:35:00,0.0,0.0816
98,2022-11-30 06:40:00,0.0,0.08
98,2022-11-30 06:45:00,0.0,0.093
98,2022-11-30 06:50:00,0.0,0.086
98,2022-11-30 06:55:00,0.0,0.1035
98,2022-11-30 07:00:00,0.0,0.1159
98,2022-11-30 07:05:00,0.0,0.1254
98,2022-11-30 07:10:00,0.0,0.1259
98,2022-11-30 07:15:00,0.0,0.1179
98,2022-11-30 07:20:00,0.0,0.1248
99,2022-12-02 18:40:00,0.0,0.0449
99,2022-12-02 18:45:00,0.0,0.0414
99,2022-12-02 18:50:00,0.0,0.0528
99,2022-12-02 18:55:00,0.0177,0.0123
99,2022-12-02 19:00:00,0.0,0.0278
99,2022-12-02 19:05:00,0.0123,0.0513
99,2022-12-02 19:10:00,0.0,0.0263
99,2022-12-02 19:15:00,0.0,0.0123
99,2022-12-02 19:20:00,0.0,0.0163
99,2022-12-02 19:25:00,0.0,0.0097
99,2022-12-02 19:30:00,0.0,0.0137
99,2022-12-02 19:35:00,0.0,0.0122
99,2022-12-02 19:40:00,0.01,0.0162
99,2022-12-02 19:45:00,0.0,0.0217
99,2022-12-02 19:50:00,0.0,0.0277
99,2022-12-02 19:55:00,0.0,0.0341
99,2022-12-02 20:00:00,0.0,0.0276
99,2022-12-02 20:05:00,0.0,0.0111
99,2022-12-02 20:10:00,0.0,0.0211
99,2022-12-02 20:15:00,0.0,0.0276
99,2022-12-02 20:20:00,0.0,0.0286
99,2022-12-02 20:25:00,0.0,0.036
99,2022-12-02 20:30:00,0.0,0.0275
99,2022-12-02 20:35:00,0.0,0.028
99,2022-12-02 20:40:00,0.0,0.023
99,2022-12-02 20:45:00,0.0,0.0085
99,2022-12-02 20:50:00,0.0,0.0
99,2022-12-02 20:55:00,0.0,0.007
99,2022-12-02 21:00:00,0.0,0.0039
99,2022-12-02 21:05:00,0.0,0.0129
99,2022-12-02 21:10:00,0.0,0.0219
99,2022-12-02 21:15:00,0.0,0.0189
99,2022-12-02 21:20:00,0.0,0.0204
99,2022-12-02 21:25:00,0.0,0.0299
99,2022-12-02 21:30:00,0.0,0.0188
99,2022-12-02 21:35:00,0.0,0.0178
99,2022-12-02 21:40:00,0.0,0.0323
99,2022-12-02 21:45:00,0.0,0.0468
99,2022-12-02 21:50:00,0.0,0.0463
99,2022-12-02 21:55:00,0.0,0.0278
99,2022-12-02 22:00:00,0.0,0.0608
99,2022-12-02 22:05:00,0.0,0.0342
99,2022-12-02 22:10:00,0.0,0.0122
99,2022-12-02 22:15:00,0.0,0.0227
99,2022-12-02 22:20:00,0.0,0.0402
99,2022-12-02 22:25:00,0.0,0.0317
99,2022-12-02 22:30:00,0.0,0.0107
99,2022-12-02 22:35:00,0.0,0.0201
99,2022-12-02 22:40:00,0.0,0.0136
99,2022-12-02 22:45:00,0.0,0.0196
99,2022-12-02 22:50:00,0.0,0.0216
99,2022-12-02 22:55:00,0.0,0.0281
99,2022-12-02 23:00:00,0.0,0.0421
99,2022-12-02 23:05:00,0.0,0.035
99,2022-12-02 23:10:00,0.0,0.029
99,2022-12-02 23:15:00,0.0,0.005
99,2022-12-02 23:20:00,0.0,0.008
99,2022-12-02 23:25:00,0.0,0.0195
99,2022-12-02 23:30:00,0.0,0.0165
99,2022-12-02 23:35:00,0.0,0.038
99,2022-12-02 23:40:00,0.0,0.0249
99,2022-12-02 23:45:00,0.0,0.0244
99,2022-12-02 23:50:00,0.0,0.0259
99,2022-12-02 23:55:00,0.0,0.0344
99,2022-12-03 00:00:00,0.0,0.0234
99,2022-12-03 00:05:00,0.0,0.0164
99,2022-12-03 00:10:00,0.0,0.0313
99,2022-12-03 00:15:00,0.0,0.0098
99,2022-12-03 00:20:00,0.0,0.0143
99,2022-12-03 00:25:00,0.0,0.0213
99,2022-12-03 00:30:00,0.0,0.0188
99,2022-12-03 00:35:00,0.0,0.0243
99,2022-12-03 00:40:00,0.0,0.0293
99,2022-12-03 00:45:00,0.0,0.0407
99,2022-12-03 00:50:00,0.0,0.0362
99,2022-12-03 00:55:00,0.0177,0.0187
99,2022-12-03 01:00:00,0.0123,0.0262
99,2022-12-03 01:05:00,0.0,0.0292
99,2022-12-03 01:10:00,0.0,0.0287
99,2022-12-03 01:15:00,0.0,0.0336
99,2022-12-03 01:20:00,0.0,0.0276
99,2022-12-03 01:25:00,0.0,0.0326
99,2022-12-03 01:30:00,0.0,0.0426
99,2022-12-03 01:35:00,0.0,0.0526
99,2022-12-03 01:40:00,0.0,0.0591
99,2022-12-03 01:45:00,0.0,0.05
99,2022-12-03 01:50:00,0.0,0.0445
99,2022-12-03 01:55:00,0.0,0.053
99,2022-12-03 02:00:00,0.0,0.0465
99,2022-12-03 02:05:00,0.0,0.0615
99,2022-12-03 02:10:00,0.0,0.053
99,2022-12-03 02:15:00,0.0,0.0525
99,2022-12-03 02:20:00,0.0,0.0399
99,2022-12-03 02:25:00,0.0,0.0434
99,2022-12-03 02:30:00,0.0,0.0414
99,2022-12-03 02:35:00,0.0,0.0364
99,2022-12-03 02:40:00,0.0,0.0479
99,2022-12-03 02:45:00,0.01,0.0439
99,2022-12-03 02:50:00,0.0123,0.0478
99,2022-12-03 02:55:00,0.0,0.0468
99,2022-12-03 03:00:00,0.0,0.0533
99,2022-12-03 03:05:00,0.0177,0.0593
99,2022-12-03 03:10:00,0.0,0.0633
99,2022-12-03 03:15:00,0.0,0.0578
99,2022-12-03 03:20:00,0.0,0.0638
99,2022-12-03 03:25:00,0.0,0.0637
99,2022-12-03 03:30:00,0.0,0.0677
99,2022-12-03 03:35:00,0.0,0.0632
99,2022-12-03 03:40:00,0.0,0.0762
99,2022-12-03 03:45:00,0.0,0.0677
99,2022-12-03 03:50:00,0.0,0.0697
99,2022-12-03 03:55:00,0.0,0.0591
99,2022-12-03 04:00:00,0.0,0.0636
99,2022-12-03 04:05:00,0.0,0.0651
99,2022-12-03 04:10:00,0.0,0.0721
99,2022-12-03 04:15:00,0.0,0.0706
99,2022-12-03 04:20:00,0.0,0.0641
99,2022-12-03 04:25:00,0.0,0.0615
99,2022-12-03 04:30:00,0.0,0.066
99,2022-12-03 04:35:00,0.0,0.0625
99,2022-12-03 04:40:00,0.0,0.065
99,2022-12-03 04:45:00,0.0,0.0725
99,2022-12-03 04:50:00,0.0123,0.0685
99,2022-12-03 04:55:00,0.0,0.0585
99,2022-12-03 05:00:00,0.0,0.0569
99,2022-12-03 05:05:00,0.0,0.0659
99,2022-12-03 05:10:00,0.0,0.0609
99,2022-12-03 05:15:00,0.0,0.0654
99,2022-12-03 05:20:00,0.0,0.0589
99,2022-12-03 05:25:00,0.0,0.0539
99,2022-12-03 05:30:00,0.0,0.0643
99,2022-12-03 05:35:00,0.0,0.0643
99,2022-12-03 05:40:00,0.0,0.0603
99,2022-12-03 05:45:00,0.0,0.0543
99,2022-12-03 05:50:00,0.0,0.0458
99,2022-12-03 05:55:00,0.0,0.0413
99,2022-12-03 06:00:00,0.0,0.0348
99,2022-12-03 06:05:00,0.0,0.0327
99,2022-12-03 06:10:00,0.0,0.0267
99,2022-12-03 06:15:00,0.0,0.0227
99,2022-12-03 06:20:00,0.0,0.0207
99,2022-12-03 06:25:00,0.0,0.0217
99,2022-12-03 06:30:00,0.0,0.0157
99,2022-12-03 06:35:00,0.0,0.0136
99,2022-12-03 06:40:00,0.0,0.0251
99,2022-12-03 06:45:00,0.0,0.0281
99,2022-12-03 06:50:00,0.0,0.0331
99,2022-12-03 06:55:00,0.0,0.0391
99,2022-12-03 07:00:00,0.0,0.0251
99,2022-12-03 07:05:00,0.0,0.028
99,2022-12-03 07:10:00,0.0,0.0235
99,2022-12-03 07:15:00,0.0,0.017
99,2022-12-03 07:20:00,0.0,0.012
99,2022-12-03 07:25:00,0.0,0.02
99,2022-12-03 07:30:00,0.0,0.017
99,2022-12-03 07:35:00,0.0,0.007
99,2022-12-03 07:40:00,0.0,0.0009
99,2022-12-03 07:45:00,0.0,0.0259
99,2022-12-03 07:50:00,0.0,0.0734
99,2022-12-03 07:55:00,0.0,0.0289
100,2022-12-06 08:25:00,0.0,0.0592
100,2022-12-06 08:30:00,0.0,0.0325
100,2022-12-06 08:35:00,0.0,0.0192
100,2022-12-06 08:40:00,0.0376,0.0451
100,2022-12-06 08:45:00,0.0,0.0198
100,2022-12-06 08:50:00,0.0,0.0247
100,2022-12-06 08:55:00,0.0,0.0095
100,2022-12-06 09:00:00,0.0,0.0182
100,2022-12-06 09:05:00,0.0,0.0055
100,2022-12-06 09:10:00,0.0,0.001
100,2022-12-06 09:15:00,0.0,0.025
100,2022-12-06 09:20:00,0.0,0.011
100,2022-12-06 09:25:00,0.0,0.0063
100,2022-12-06 09:30:00,0.0,-0.0066
100,2022-12-06 09:35:00,0.0,0.0119
100,2022-12-06 09:40:00,0.0,-0.0096
100,2022-12-06 09:45:00,0.0,0.0163
100,2022-12-06 09:50:00,0.0,0.0258
100,2022-12-06 09:55:00,0.0,0.0243
100,2022-12-06 10:00:00,0.0,0.0196
100,2022-12-06 10:05:00,0.0,0.0308
100,2022-12-06 10:10:00,0.0,0.0277
100,2022-12-06 10:15:00,0.0,0.0082
100,2022-12-06 10:20:00,0.0,0.0216
100,2022-12-06 10:25:00,0.0,0.0402
100,2022-12-06 10:30:00,0.0,0.0391
100,2022-12-06 10:35:00,0.0,0.0646
100,2022-12-06 10:40:00,0.0,0.0431
100,2022-12-06 10:45:00,0.0,0.0351
100,2022-12-06 10:50:00,0.0,0.0351
100,2022-12-06 10:55:00,0.0,0.025
100,2022-12-06 11:00:00,0.0,0.003
100,2022-12-06 11:05:00,0.0,0.0215
100,2022-12-06 11:10:00,0.0,0.0301
100,2022-12-06 11:15:00,0.0,0.0184
100,2022-12-06 11:20:00,0.0,0.0239
100,2022-12-06 11:25:00,0.0,0.0169
100,2022-12-06 11:30:00,0.0,0.0273
100,2022-12-06 11:35:00,0.0,0.0115
100,2022-12-06 11:40:00,0.0,0.0266
101,2022-12-06 17:40:00,0.0,0.0298
101,2022-12-06 17:45:00,0.0,0.0247
101,2022-12-06 17:50:00,0.002,0.0227
101,2022-12-06 17:55:00,0.002,0.0057
101,2022-12-06 18:00:00,0.003,0.0097
101,2022-12-06 18:05:00,0.001,0.0161
101,2022-12-06 18:10:00,0.001,0.0241
101,2022-12-06 18:15:00,0.001,0.0011
101,2022-12-06 18:20:00,0.004,0.0176
101,2022-12-06 18:25:00,0.004,0.0441
101,2022-12-06 18:30:00,0.001,0.029
101,2022-12-06 18:35:00,0.0,0.0255
101,2022-12-06 18:40:00,0.0,0.045
101,2022-12-06 18:45:00,0.0,0.0645
101,2022-12-06 18:50:00,0.0,0.0684
101,2022-12-06 18:55:00,0.001,0.0439
101,2022-12-06 19:00:00,0.016,0.0484
101,2022-12-06 19:05:00,0.018,0.0554
101,2022-12-06 19:10:00,0.013,0.0514
101,2022-12-06 19:15:00,0.013,0.0583
101,2022-12-06 19:20:00,0.008,0.0807
101,2022-12-06 19:25:00,0.007,0.158
101,2022-12-06 19:30:00,0.01,0.1958
101,2022-12-06 19:35:00,0.03,0.1852
101,2022-12-06 19:40:00,0.026,0.1467
101,2022-12-06 19:45:00,0.017,0.1652
101,2022-12-06 19:50:00,0.015,0.2677
101,2022-12-06 19:55:00,0.024,0.2512
101,2022-12-06 20:00:00,0.023,0.2686
101,2022-12-06 20:05:00,0.008,0.3391
101,2022-12-06 20:10:00,0.003,0.4306
101,2022-12-06 20:15:00,0.001,0.3976
101,2022-12-06 20:20:00,0.0,0.3366
101,2022-12-06 20:25:00,0.0,0.267
101,2022-12-06 20:30:00,0.0,0.266
101,2022-12-06 20:35:00,0.0,0.228
101,2022-12-06 20:40:00,0.0,0.208
101,2022-12-06 20:45:00,0.0,0.2244
101,2022-12-06 20:50:00,0.0,0.2011
101,2022-12-06 20:55:00,0.013,0.2044
101,2022-12-06 21:00:00,0.063,0.1439
101,2022-12-06 21:05:00,0.017,0.1604
101,2022-12-06 21:10:00,0.0,0.1793
101,2022-12-06 21:15:00,0.0,0.343
101,2022-12-06 21:20:00,0.0,0.2588
101,2022-12-06 21:25:00,0.006,0.2318
101,2022-12-06 21:30:00,0.029,0.2587
101,2022-12-06 21:35:00,0.011,0.2547
101,2022-12-06 21:40:00,0.016,0.2467
101,2022-12-06 21:45:00,0.031,0.2907
101,2022-12-06 21:50:00,0.001,0.3482
101,2022-12-06 21:55:00,0.001,0.4281
101,2022-12-06 22:00:00,0.004,0.381
101,2022-12-06 22:05:00,0.0,0.3301
101,2022-12-06 22:10:00,0.0,0.3051
101,2022-12-06 22:15:00,0.0,0.3135
101,2022-12-06 22:20:00,0.0,0.2785
101,2022-12-06 22:25:00,0.0,0.2815
101,2022-12-06 22:30:00,0.0,0.259
101,2022-12-06 22:35:00,0.0,0.2795
101,2022-12-06 22:40:00,0.0,0.2419
101,2022-12-06 22:45:00,0.0,0.246
101,2022-12-06 22:50:00,0.0,0.2502
101,2022-12-06 22:55:00,0.0,0.2438
101,2022-12-06 23:00:00,0.0,0.2323
101,2022-12-06 23:05:00,0.0,0.2213
101,2022-12-06 23:10:00,0.0,0.2238
101,2022-12-06 23:15:00,0.0,0.2372
101,2022-12-06 23:20:00,0.0,0.2288
101,2022-12-06 23:25:00,0.0,0.2167
101,2022-12-06 23:30:00,0.0,0.2284
101,2022-12-06 23:35:00,0.0,0.2313
101,2022-12-06 23:40:00,0.0,0.2075
101,2022-12-06 23:45:00,0.0,0.2071
101,2022-12-06 23:50:00,0.0,0.1801
101,2022-12-06 23:55:00,0.001,0.2011
101,2022-12-07 00:00:00,0.001,0.1961
101,2022-12-07 00:05:00,0.0,0.1951
101,2022-12-07 00:10:00,0.0,0.1715
101,2022-12-07 00:15:00,0.0,0.169
101,2022-12-07 00:20:00,0.0,0.1855
101,2022-12-07 00:25:00,0.0,0.173
101,2022-12-07 00:30:00,0.0,0.1693
101,2022-12-07 00:35:00,0.0,0.1694
101,2022-12-07 00:40:00,0.0,0.1724
101,2022-12-07 00:45:00,0.0,0.1659
101,2022-12-07 00:50:00,0.0,0.1524
101,2022-12-07 00:55:00,0.0,0.1593
101,2022-12-07 01:00:00,0.0,0.1623
101,2022-12-07 01:05:00,0.0,0.1663
101,2022-12-07 01:10:00,0.0,0.1513
101,2022-12-07 01:15:00,0.0,0.1468
101,2022-12-07 01:20:00,0.0,0.1412
101,2022-12-07 01:25:00,0.0,0.1442
101,2022-12-07 01:30:00,0.0,0.1477
101,2022-12-07 01:35:00,0.0,0.1422
101,2022-12-07 01:40:00,0.0,0.1371
101,2022-12-07 01:45:00,0.0,0.1486
101,2022-12-07 01:50:00,0.0,0.1481
101,2022-12-07 01:55:00,0.0,0.1326
101,2022-12-07 02:00:00,0.0,0.1301
101,2022-12-07 02:05:00,0.0,0.1248
101,2022-12-07 02:10:00,0.0,0.1157
101,2022-12-07 02:15:00,0.0,0.1295
101,2022-12-07 02:20:00,0.0,0.1325
101,2022-12-07 02:25:00,0.0,0.1334
101,2022-12-07 02:30:00,0.0,0.1134
101,2022-12-07 02:35:00,0.0,0.1294
101,2022-12-07 02:40:00,0.0,0.1267
101,2022-12-07 02:45:00,0.0,0.1174
101,2022-12-07 02:50:00,0.0,0.1153
101,2022-12-07 02:55:00,0.0,0.1073
101,2022-12-07 03:00:00,0.0,0.1133
101,2022-12-07 03:05:00,0.0,0.0943
101,2022-12-07 03:10:00,0.0,0.0877
101,2022-12-07 03:15:00,0.0,0.0882
101,2022-12-07 03:20:00,0.0,0.0877
101,2022-12-07 03:25:00,0.0,0.0842
101,2022-12-07 03:30:00,0.0,0.0812
101,2022-12-07 03:35:00,0.0,0.0751
101,2022-12-07 03:40:00,0.0,0.0801
101,2022-12-07 03:45:00,0.0,0.0871
101,2022-12-07 03:50:00,0.0,0.0888
101,2022-12-07 03:55:00,0.0,0.0755
101,2022-12-07 04:00:00,0.0,0.069
101,2022-12-07 04:05:00,0.0,0.0745
101,2022-12-07 04:10:00,0.0,0.071
101,2022-12-07 04:15:00,0.0,0.0645
101,2022-12-07 04:20:00,0.0,0.0729
101,2022-12-07 04:25:00,0.0,0.0744
101,2022-12-07 04:30:00,0.0,0.0649
101,2022-12-07 04:35:00,0.0,0.0594
101,2022-12-07 04:40:00,0.0,0.0544
101,2022-12-07 04:45:00,0.0,0.0723
101,2022-12-07 04:50:00,0.0,0.0568
101,2022-12-07 04:55:00,0.0,0.0663
101,2022-12-07 05:00:00,0.0,0.0818
101,2022-12-07 05:05:00,0.0,0.0547
101,2022-12-07 05:10:00,0.0,0.0457
102,2022-12-09 14:40:00,0.0,0.0231
102,2022-12-09 14:45:00,0.0,0.0192
102,2022-12-09 14:50:00,0.0,0.0232
102,2022-12-09 14:55:00,0.0376,0.0353
102,2022-12-09 15:00:00,0.0,0.0424
102,2022-12-09 15:05:00,0.0,0.0154
102,2022-12-09 15:10:00,0.0,0.0123
102,2022-12-09 15:15:00,0.0,0.0306
102,2022-12-09 15:20:00,0.0,0.0257
102,2022-12-09 15:25:00,0.0,0.0417
102,2022-12-09 15:30:00,0.0,0.0298
102,2022-12-09 15:35:00,0.0,0.0499
102,2022-12-09 15:40:00,0.0,0.06
102,2022-12-09 15:45:00,0.0,0.054
102,2022-12-09 15:50:00,0.0,0.0681
102,2022-12-09 15:55:00,0.0,0.0632
102,2022-12-09 16:00:00,0.0,0.0673
102,2022-12-09 16:05:00,0.0,0.0543
102,2022-12-09 16:10:00,0.0,0.0814
102,2022-12-09 16:15:00,0.0,0.0805
102,2022-12-09 16:20:00,0.0,0.0634
102,2022-12-09 16:25:00,0.0,0.0406
102,2022-12-09 16:30:00,0.0,0.0517
102,2022-12-09 16:35:00,0.0,0.0408
102,2022-12-09 16:40:00,0.0,0.0528
102,2022-12-09 16:45:00,0.0,0.0379
102,2022-12-09 16:50:00,0.0,0.065
102,2022-12-09 16:55:00,0.0,0.0771
102,2022-12-09 17:00:00,0.0,0.0771
102,2022-12-09 17:05:00,0.0,0.0572
102,2022-12-09 17:10:00,0.0,0.0453
102,2022-12-09 17:15:00,0.0,0.0773
102,2022-12-09 17:20:00,0.0,0.0624
102,2022-12-09 17:25:00,0.0,0.0555
102,2022-12-09 17:30:00,0.0,0.0636
102,2022-12-09 17:35:00,0.0,0.0556
102,2022-12-09 17:40:00,0.0,0.0547
102,2022-12-09 17:45:00,0.0,0.0558
102,2022-12-09 17:50:00,0.0,0.0549
102,2022-12-09 17:55:00,0.0,0.0799
103,2022-12-14 04:25:00,0.0,-0.0168
103,2022-12-14 04:30:00,0.0,-0.0233
103,2022-12-14 04:35:00,0.0,-0.0309
103,2022-12-14 04:40:00,0.003,-0.0299
103,2022-12-14 04:45:00,0.005,-0.0199
103,2022-12-14 04:50:00,0.008,-0.0244
103,2022-12-14 04:55:00,0.01,-0.0269
103,2022-12-14 05:00:00,0.014,-0.0325
103,2022-12-14 05:05:00,0.011,-0.0295
103,2022-12-14 05:10:00,0.008,-0.0255
103,2022-12-14 05:15:00,0.008,-0.0135
103,2022-12-14 05:20:00,0.006,-0.0272
103,2022-12-14 05:25:00,0.006,-0.0471
103,2022-12-14 05:30:00,0.006,-0.0367
103,2022-12-14 05:35:00,0.006,-0.0216
103,2022-12-14 05:40:00,0.008,0.0464
103,2022-12-14 05:45:00,0.008,0.0508
103,2022-12-14 05:50:00,0.009,0.0533
103,2022-12-14 05:55:00,0.009,0.0497
103,2022-12-14 06:00:00,0.009,0.0484
103,2022-12-14 06:05:00,0.017,0.0493
103,2022-12-14 06:10:00,0.016,0.0543
103,2022-12-14 06:15:00,0.017,0.0762
103,2022-12-14 06:20:00,0.014,0.0967
103,2022-12-14 06:25:00,0.014,0.1632
103,2022-12-14 06:30:00,0.018,0.1762
103,2022-12-14 06:35:00,0.011,0.2042
103,2022-12-14 06:40:00,0.008,0.2826
103,2022-12-14 06:45:00,0.009,0.3396
103,2022-12-14 06:50:00,0.009,0.3096
103,2022-12-14 06:55:00,0.008,0.2881
103,2022-12-14 07:00:00,0.006,0.3036
103,2022-12-14 07:05:00,0.004,0.304
103,2022-12-14 07:10:00,0.005,0.2665
103,2022-12-14 07:15:00,0.005,0.2395
103,2022-12-14 07:20:00,0.003,0.2755
103,2022-12-14 07:25:00,0.0,0.2295
103,2022-12-14 07:30:00,0.0,0.2259
103,2022-12-14 07:35:00,0.001,0.2324
103,2022-12-14 07:40:00,0.001,0.2329
103,2022-12-14 07:45:00,0.0,0.2154
103,2022-12-14 07:50:00,0.0,0.2119
103,2022-12-14 07:55:00,0.002,0.1878
103,2022-12-14 08:00:00,0.005,0.2018
103,2022-12-14 08:05:00,0.006,0.1838
103,2022-12-14 08:10:00,0.007,0.1863
103,2022-12-14 08:15:00,0.002,0.1488
103,2022-12-14 08:20:00,0.0,0.1487
103,2022-12-14 08:25:00,0.0,0.1682
103,2022-12-14 08:30:00,0.0,0.1712
103,2022-12-14 08:35:00,0.0,0.1412
103,2022-12-14 08:40:00,0.0,0.1537
103,2022-12-14 08:45:00,0.0,0.1506
103,2022-12-14 08:50:00,0.0,0.1746
103,2022-12-14 08:55:00,0.0,0.2021
103,2022-12-14 09:00:00,0.0,0.1921
103,2022-12-14 09:05:00,0.0,0.1816
103,2022-12-14 09:10:00,0.0,0.161
103,2022-12-14 09:15:00,0.0,0.1615
103,2022-12-14 09:20:00,0.0,0.1624
103,2022-12-14 09:25:00,0.0,0.1405
103,2022-12-14 09:30:00,0.0,0.1395
103,2022-12-14 09:35:00,0.0,0.1654
103,2022-12-14 09:40:00,0.0,0.1733
103,2022-12-14 09:45:00,0.0,0.1493
103,2022-12-14 09:50:00,0.0,0.1534
103,2022-12-14 09:55:00,0.0,0.1514
103,2022-12-14 10:00:00,0.0,0.1318
103,2022-12-14 10:05:00,0.0,0.1548
103,2022-12-14 10:10:00,0.0,0.1322
103,2022-12-14 10:15:00,0.0,0.1562
103,2022-12-14 10:20:00,0.0,0.1388
103,2022-12-14 10:25:00,0.0,0.1512
103,2022-12-14 10:30:00,0.0,0.1302
103,2022-12-14 10:35:00,0.0,0.1077
103,2022-12-14 10:40:00,0.002,0.1242
103,2022-12-14 10:45:00,0.0,0.1157
103,2022-12-14 10:50:00,0.0,0.1061
103,2022-12-14 10:55:00,0.0,0.1056
103,2022-12-14 11:00:00,0.0,0.1111
103,2022-12-14 11:05:00,0.0,0.1651
103,2022-12-14 11:10:00,0.0,0.1276
103,2022-12-14 11:15:00,0.0,0.1205
103,2022-12-14 11:20:00,0.0,0.0915
103,2022-12-14 11:25:00,0.001,0.0795
103,2022-12-14 11:30:00,0.0,0.065
103,2022-12-14 11:35:00,0.0,0.0715
103,2022-12-14 11:40:00,0.0,0.0944
103,2022-12-14 11:45:00,0.001,0.1104
103,2022-12-14 11:50:00,0.0,0.1164
103,2022-12-14 11:55:00,0.0,0.1504
103,2022-12-14 12:00:00,0.007,0.1039
103,2022-12-14 12:05:00,0.0,0.1093
103,2022-12-14 12:10:00,0.0,0.1108
103,2022-12-14 12:15:00,0.0,0.1238
103,2022-12-14 12:20:00,0.0,0.1428
103,2022-12-14 12:25:00,0.0,0.1392
103,2022-12-14 12:30:00,0.0,0.1327
103,2022-12-14 12:35:00,0.0,0.1501
103,2022-12-14 12:40:00,0.0,0.1492
103,2022-12-14 12:45:00,0.0,0.1312
103,2022-12-14 12:50:00,0.0,0.1261
103,2022-12-14 12:55:00,0.0,0.1281
103,2022-12-14 13:00:00,0.0,0.1131
103,2022-12-14 13:05:00,0.0,0.1316
103,2022-12-14 13:10:00,0.0,0.1091
103,2022-12-14 13:15:00,0.0,0.128
103,2022-12-14 13:20:00,0.0,0.143
103,2022-12-14 13:25:00,0.0,0.1165
103,2022-12-14 13:30:00,0.0,0.125
103,2022-12-14 13:35:00,0.0,0.1245
103,2022-12-14 13:40:00,0.028,0.1344
103,2022-12-14 13:45:00,0.0,0.1079
103,2022-12-14 13:50:00,0.0,0.1118
103,2022-12-14 13:55:00,0.0,0.1199
103,2022-12-14 14:00:00,0.0,0.0949
103,2022-12-14 14:05:00,0.0,0.1118
103,2022-12-14 14:10:00,0.0,0.1108
103,2022-12-14 14:15:00,0.002,0.0748
103,2022-12-14 14:20:00,0.0,0.0958
103,2022-12-14 14:25:00,0.0,0.0953
103,2022-12-14 14:30:00,0.007,0.1052
103,2022-12-14 14:35:00,0.0,0.0942
103,2022-12-14 14:40:00,0.0,0.0851
103,2022-12-14 14:45:00,0.0,0.1047
103,2022-12-14 14:50:00,0.0,0.1077
103,2022-12-14 14:55:00,0.0,0.1096
103,2022-12-14 15:00:00,0.0,0.0936
103,2022-12-14 15:05:00,0.0,0.0821
103,2022-12-14 15:10:00,0.0,0.069
103,2022-12-14 15:15:00,0.0,0.0711
103,2022-12-14 15:20:00,0.0,0.0945
103,2022-12-14 15:25:00,0.0,0.107
103,2022-12-14 15:30:00,0.0,0.1225
103,2022-12-14 15:35:00,0.0,0.1
103,2022-12-14 15:40:00,0.0,0.0919
103,2022-12-14 15:45:00,0.0,0.0959
103,2022-12-14 15:50:00,0.0,0.0738
103,2022-12-14 15:55:00,0.0,0.0944
103,2022-12-14 16:00:00,0.0,0.0659
103,2022-12-14 16:05:00,0.0,0.0724
103,2022-12-14 16:10:00,0.0,0.0778
103,2022-12-14 16:15:00,0.0,0.0653
103,2022-12-14 16:20:00,0.0,0.0833
103,2022-12-14 16:25:00,0.0,0.0592
103,2022-12-14 16:30:00,0.0,0.0603
103,2022-12-14 16:35:00,0.0,0.0692
103,2022-12-14 16:40:00,0.0,0.0492
103,2022-12-14 16:45:00,0.0,0.0467
103,2022-12-14 16:50:00,0.0,0.0421
103,2022-12-14 16:55:00,0.0,0.0562
103,2022-12-14 17:00:00,0.0,0.0511
103,2022-12-14 17:05:00,0.0,0.0596
103,2022-12-14 17:10:00,0.0,0.0601
103,2022-12-14 17:15:00,0.0,0.048
103,2022-12-14 17:20:00,0.001,0.0551
103,2022-12-14 17:25:00,0.0,0.074
103,2022-12-14 17:30:00,0.0,0.083
103,2022-12-14 17:35:00,0.007,0.0945
103,2022-12-14 17:40:00,0.028,0.078
103,2022-12-14 17:45:00,0.0,0.085
103,2022-12-14 17:50:00,0.0,0.0819
103,2022-12-14 17:55:00,0.0,0.1039
103,2022-12-14 18:00:00,0.0,0.1279
103,2022-12-14 18:05:00,0.0,0.0974
103,2022-12-14 18:10:00,0.0,0.1054
103,2022-12-14 18:15:00,0.0,0.1153
103,2022-12-14 18:20:00,0.0,0.1273
103,2022-12-14 18:25:00,0.0,0.1287
103,2022-12-14 18:30:00,0.0,0.1233
103,2022-12-14 18:35:00,0.0,0.1103
103,2022-12-14 18:40:00,0.0,0.1132
103,2022-12-14 18:45:00,0.0,0.0872
103,2022-12-14 18:50:00,0.0,0.1052
103,2022-12-14 18:55:00,0.0,0.0912
103,2022-12-14 19:00:00,0.0,0.1042
103,2022-12-14 19:05:00,0.0,0.0961
103,2022-12-14 19:10:00,0.0,0.1001
103,2022-12-14 19:15:00,0.0,0.0971
103,2022-12-14 19:20:00,0.0,0.1131
103,2022-12-14 19:25:00,0.003,0.1161
103,2022-12-14 19:30:00,0.004,0.095
103,2022-12-14 19:35:00,0.004,0.078
103,2022-12-14 19:40:00,0.002,0.063
103,2022-12-14 19:45:00,0.003,0.075
103,2022-12-14 19:50:00,0.008,0.065
103,2022-12-14 19:55:00,0.01,0.0719
103,2022-12-14 20:00:00,0.007,0.0969
103,2022-12-14 20:05:00,0.001,0.0999
103,2022-12-14 20:10:00,0.003,0.0839
103,2022-12-14 20:15:00,0.002,0.1269
103,2022-12-14 20:20:00,0.0,0.1348
103,2022-12-14 20:25:00,0.0,0.1538
103,2022-12-14 20:30:00,0.0,0.1408
103,2022-12-14 20:35:00,0.0,0.1218
103,2022-12-14 20:40:00,0.0,0.1588
103,2022-12-14 20:45:00,0.0,0.1347
103,2022-12-14 20:50:00,0.0,0.1347
103,2022-12-14 20:55:00,0.0,0.1247
103,2022-12-14 21:00:00,0.002,0.1577
103,2022-12-14 21:05:00,0.006,0.1407
103,2022-12-14 21:10:00,0.01,0.1366
103,2022-12-14 21:15:00,0.01,0.1626
103,2022-12-14 21:20:00,0.007,0.2156
103,2022-12-14 21:25:00,0.004,0.1866
103,2022-12-14 21:30:00,0.005,0.2456
103,2022-12-14 21:35:00,0.003,0.2573
103,2022-12-14 21:40:00,0.001,0.2437
103,2022-12-14 21:45:00,0.0,0.2125
103,2022-12-14 21:50:00,0.0,0.2485
103,2022-12-14 21:55:00,0.002,0.2675
103,2022-12-14 22:00:00,0.005,0.2544
103,2022-12-14 22:05:00,0.008,0.2394
103,2022-12-14 22:10:00,0.01,0.2314
103,2022-12-14 22:15:00,0.011,0.2794
103,2022-12-14 22:20:00,0.015,0.2944
103,2022-12-14 22:25:00,0.014,0.2533
103,2022-12-14 22:30:00,0.013,0.2593
103,2022-12-14 22:35:00,0.009,0.3243
103,2022-12-14 22:40:00,0.01,0.3503
103,2022-12-14 22:45:00,0.007,0.3673
103,2022-12-14 22:50:00,0.006,0.3232
103,2022-12-14 22:55:00,0.009,0.3292
103,2022-12-14 23:00:00,0.008,0.3431
103,2022-12-14 23:05:00,0.006,0.3366
103,2022-12-14 23:10:00,0.002,0.3202
103,2022-12-14 23:15:00,0.0,0.3651
103,2022-12-14 23:20:00,0.0,0.3611
103,2022-12-14 23:25:00,0.0,0.3581
103,2022-12-14 23:30:00,0.0,0.2871
103,2022-12-14 23:35:00,0.0,0.3361
103,2022-12-14 23:40:00,0.0,0.311
103,2022-12-14 23:45:00,0.001,0.309
103,2022-12-14 23:50:00,0.007,0.298
103,2022-12-14 23:55:00,0.011,0.292
103,2022-12-15 00:00:00,0.009,0.296
103,2022-12-15 00:05:00,0.008,0.3159
103,2022-12-15 00:10:00,0.007,0.2899
103,2022-12-15 00:15:00,0.004,0.3239
103,2022-12-15 00:20:00,0.001,0.3449
103,2022-12-15 00:25:00,0.001,0.3598
103,2022-12-15 00:30:00,0.003,0.3368
103,2022-12-15 00:35:00,0.007,0.3508
103,2022-12-15 00:40:00,0.007,0.3608
103,2022-12-15 00:45:00,0.01,0.3678
103,2022-12-15 00:50:00,0.012,0.3677
103,2022-12-15 00:55:00,0.012,0.3627
103,2022-12-15 01:00:00,0.007,0.3777
103,2022-12-15 01:05:00,0.003,0.4137
103,2022-12-15 01:10:00,0.009,0.4487
103,2022-12-15 01:15:00,0.008,0.4756
103,2022-12-15 01:20:00,0.003,0.4116
103,2022-12-15 01:25:00,0.003,0.4356
103,2022-12-15 01:30:00,0.001,0.4386
103,2022-12-15 01:35:00,0.0,0.4232
103,2022-12-15 01:40:00,0.0,0.4095
103,2022-12-15 01:45:00,0.0,0.4325
103,2022-12-15 01:50:00,0.0,0.3955
103,2022-12-15 01:55:00,0.0,0.4155
103,2022-12-15 02:00:00,0.0,0.3955
103,2022-12-15 02:05:00,0.0,0.4234
103,2022-12-15 02:10:00,0.0,0.3824
103,2022-12-15 02:15:00,0.0,0.3684
103,2022-12-15 02:20:00,0.034,0.3714
103,2022-12-15 02:25:00,0.0,0.3514
103,2022-12-15 02:30:00,0.0,0.3613
103,2022-12-15 02:35:00,0.0,0.3383
103,2022-12-15 02:40:00,0.0,0.3613
103,2022-12-15 02:45:00,0.0,0.3693
103,2022-12-15 02:50:00,0.0,0.3643
103,2022-12-15 02:55:00,0.0,0.3502
103,2022-12-15 03:00:00,0.0,0.3802
103,2022-12-15 03:05:00,0.029,0.3682
103,2022-12-15 03:10:00,0.0,0.3532
103,2022-12-15 03:15:00,0.0,0.3642
103,2022-12-15 03:20:00,0.002,0.3851
103,2022-12-15 03:25:00,0.001,0.3711
103,2022-12-15 03:30:00,0.0,0.3721
103,2022-12-15 03:35:00,0.036,0.3601
103,2022-12-15 03:40:00,0.0,0.3511
103,2022-12-15 03:45:00,0.0,0.375
103,2022-12-15 03:50:00,0.0,0.338
103,2022-12-15 03:55:00,0.0,0.361
103,2022-12-15 04:00:00,0.0,0.356
103,2022-12-15 04:05:00,0.0,0.329
103,2022-12-15 04:10:00,0.0,0.3339
103,2022-12-15 04:15:00,0.0,0.3619
103,2022-12-15 04:20:00,0.0,0.3159
103,2022-12-15 04:25:00,0.0,0.3469
103,2022-12-15 04:30:00,0.0,0.3166
103,2022-12-15 04:35:00,0.0,0.3128
103,2022-12-15 04:40:00,0.0,0.3018
103,2022-12-15 04:45:00,0.0,0.3038
103,2022-12-15 04:50:00,0.0,0.3078
103,2022-12-15 04:55:00,0.0,0.2898
103,2022-12-15 05:00:00,0.0,0.3087
103,2022-12-15 05:05:00,0.0,0.3217
103,2022-12-15 05:10:00,0.0,0.2727
103,2022-12-15 05:15:00,0.0,0.2757
103,2022-12-15 05:20:00,0.0,0.2575
103,2022-12-15 05:25:00,0.0,0.2682
103,2022-12-15 05:30:00,0.0,0.2356
103,2022-12-15 05:35:00,0.0,0.2406
103,2022-12-15 05:40:00,0.0,0.2396
103,2022-12-15 05:45:00,0.0,0.2406
103,2022-12-15 05:50:00,0.0,0.2375
103,2022-12-15 05:55:00,0.0,0.2205
103,2022-12-15 06:00:00,0.0,0.2065
103,2022-12-15 06:05:00,0.0,0.2275
103,2022-12-15 06:10:00,0.0,0.2095
103,2022-12-15 06:15:00,0.0,0.2224
103,2022-12-15 06:20:00,0.0,0.2244
103,2022-12-15 06:25:00,0.0,0.2024
103,2022-12-15 06:30:00,0.0,0.2504
103,2022-12-15 06:35:00,0.0,0.2184
103,2022-12-15 06:40:00,0.0,0.2253
103,2022-12-15 06:45:00,0.0,0.2283
103,2022-12-15 06:50:00,0.0,0.1913
103,2022-12-15 06:55:00,0.0,0.2163
103,2022-12-15 07:00:00,0.0,0.1893
103,2022-12-15 07:05:00,0.0,0.1952
103,2022-12-15 07:10:00,0.0,0.1932
103,2022-12-15 07:15:00,0.0,0.2072
103,2022-12-15 07:20:00,0.0,0.2322
103,2022-12-15 07:25:00,0.0,0.2482
103,2022-12-15 07:30:00,0.0,0.2391
103,2022-12-15 07:35:00,0.0,0.2601
103,2022-12-15 07:40:00,0.0,0.2291
103,2022-12-15 07:45:00,0.0,0.2021
103,2022-12-15 07:50:00,0.0,0.2101
103,2022-12-15 07:55:00,0.0,0.222
103,2022-12-15 08:00:00,0.0,0.203
103,2022-12-15 08:05:00,0.0,0.194
103,2022-12-15 08:10:00,0.0,0.19
103,2022-12-15 08:15:00,0.0,0.191
103,2022-12-15 08:20:00,0.0,0.1909
103,2022-12-15 08:25:00,0.0,0.1799
103,2022-12-15 08:30:00,0.0,0.1539
103,2022-12-15 08:35:00,0.0,0.1809
103,2022-12-15 08:40:00,0.0,0.1799
103,2022-12-15 08:45:00,0.0,0.1828
103,2022-12-15 08:50:00,0.0,0.2128
103,2022-12-15 08:55:00,0.0,0.1798
103,2022-12-15 09:00:00,0.0,0.1828
103,2022-12-15 09:05:00,0.0,0.1808
103,2022-12-15 09:10:00,0.0,0.1857
103,2022-12-15 09:15:00,0.0,0.1777
103,2022-12-15 09:20:00,0.0,0.1587
103,2022-12-15 09:25:00,0.0,0.1707
103,2022-12-15 09:30:00,0.0,0.1887
103,2022-12-15 09:35:00,0.0,0.1936
103,2022-12-15 09:40:00,0.0,0.1646
103,2022-12-15 09:45:00,0.0,0.1616
103,2022-12-15 09:50:00,0.0,0.1526
103,2022-12-15 09:55:00,0.0,0.1496
103,2022-12-15 10:00:00,0.0,0.1985
103,2022-12-15 10:05:00,0.0,0.1725
103,2022-12-15 10:10:00,0.0,0.1425
103,2022-12-15 10:15:00,0.0,0.1425
103,2022-12-15 10:20:00,0.0,0.2055
103,2022-12-15 10:25:00,0.0,0.1744
103,2022-12-15 10:30:00,0.0,0.1684
103,2022-12-15 10:35:00,0.0,0.1674
103,2022-12-15 10:40:00,0.0,0.1644
103,2022-12-15 10:45:00,0.0,0.1694
103,2022-12-15 10:50:00,0.0376,0.1603
103,2022-12-15 10:55:00,0.0,0.1523
103,2022-12-15 11:00:00,0.0,0.1683
103,2022-12-15 11:05:00,0.0,0.1693
103,2022-12-15 11:10:00,0.0,0.2043
103,2022-12-15 11:15:00,0.0,0.1802
103,2022-12-15 11:20:00,0.0,0.2102
103,2022-12-15 11:25:00,0.0,0.1712
103,2022-12-15 11:30:00,0.0,0.1742
103,2022-12-15 11:35:00,0.0,0.2026
103,2022-12-15 11:40:00,0.0,0.1541
103,2022-12-15 11:45:00,0.0,0.1267
103,2022-12-15 11:50:00,0.0,0.1301
103,2022-12-15 11:55:00,0.0,0.1561
103,2022-12-15 12:00:00,0.0,0.1511
103,2022-12-15 12:05:00,0.0,0.163
103,2022-12-15 12:10:00,0.0,0.131
103,2022-12-15 12:15:00,0.0,0.148
103,2022-12-15 12:20:00,0.0,0.147
103,2022-12-15 12:25:00,0.0,0.1339
103,2022-12-15 12:30:00,0.0,0.1459
103,2022-12-15 12:35:00,0.0,0.1119
103,2022-12-15 12:40:00,0.0,0.1089
103,2022-12-15 12:45:00,0.0,0.1119
103,2022-12-15 12:50:00,0.0,0.1248
103,2022-12-15 12:55:00,0.0,0.1338
103,2022-12-15 13:00:00,0.0,0.1398
103,2022-12-15 13:05:00,0.0,0.1208
103,2022-12-15 13:10:00,0.0,0.1268
103,2022-12-15 13:15:00,0.0,0.1407
103,2022-12-15 13:20:00,0.0,0.1617
103,2022-12-15 13:25:00,0.0,0.1497
103,2022-12-15 13:30:00,0.0,0.1619
103,2022-12-15 13:35:00,0.0,0.1417
103,2022-12-15 13:40:00,0.0,0.1906
103,2022-12-15 13:45:00,0.0,0.1686
103,2022-12-15 13:50:00,0.0,0.1326
103,2022-12-15 13:55:00,0.0,0.1336
103,2022-12-15 14:00:00,0.0,0.1426
103,2022-12-15 14:05:00,0.0,0.1635
103,2022-12-15 14:10:00,0.0,0.1765
103,2022-12-15 14:15:00,0.0,0.1325
103,2022-12-15 14:20:00,0.0,0.1455
103,2022-12-15 14:25:00,0.0,0.1535
103,2022-12-15 14:30:00,0.0,0.1654
103,2022-12-15 14:35:00,0.0,0.1204
103,2022-12-15 14:40:00,0.0,0.1254
103,2022-12-15 14:45:00,0.0,0.1354
103,2022-12-15 14:50:00,0.0,0.1198
103,2022-12-15 14:55:00,0.0,0.1163
103,2022-12-15 15:00:00,0.0,0.1303
103,2022-12-15 15:05:00,0.0,0.1263
103,2022-12-15 15:10:00,0.0,0.1183
103,2022-12-15 15:15:00,0.0,0.1313
103,2022-12-15 15:20:00,0.0,0.1492
103,2022-12-15 15:25:00,0.0,0.1242
103,2022-12-15 15:30:00,0.0,0.1032
103,2022-12-15 15:35:00,0.0,0.1232
103,2022-12-15 15:40:00,0.0,0.1102
103,2022-12-15 15:45:00,0.0,0.1181
103,2022-12-15 15:50:00,0.0,0.1141
103,2022-12-15 15:55:00,0.0,0.0921
103,2022-12-15 16:00:00,0.0,0.1041
103,2022-12-15 16:05:00,0.0,0.1081
103,2022-12-15 16:10:00,0.0,0.1
103,2022-12-15 16:15:00,0.0,0.075
103,2022-12-15 16:20:00,0.0,0.086
103,2022-12-15 16:25:00,0.0,0.109
103,2022-12-15 16:30:00,0.0,0.076
103,2022-12-15 16:35:00,0.0,0.0859
103,2022-12-15 16:40:00,0.0,0.0829
103,2022-12-15 16:45:00,0.0,0.0949
103,2022-12-15 16:50:00,0.0,0.0909
103,2022-12-15 16:55:00,0.0,0.0939
103,2022-12-15 17:00:00,0.0,0.1178
103,2022-12-15 17:05:00,0.0,0.0938
103,2022-12-15 17:10:00,0.0,0.0818
103,2022-12-15 17:15:00,0.0,0.0688
103,2022-12-15 17:20:00,0.0,0.0508
103,2022-12-15 17:25:00,0.0,0.0797
103,2022-12-15 17:30:00,0.0,0.0737
103,2022-12-15 17:35:00,0.0,0.0757
103,2022-12-15 17:40:00,0.0,0.0837
103,2022-12-15 17:45:00,0.0,0.0787
103,2022-12-15 17:50:00,0.0,0.0816
103,2022-12-15 17:55:00,0.0,0.0726
103,2022-12-15 18:00:00,0.0,0.0886
103,2022-12-15 18:05:00,0.0,0.0816
103,2022-12-15 18:10:00,0.0,0.0896
103,2022-12-15 18:15:00,0.0,0.0975
103,2022-12-15 18:20:00,0.0,0.0855
103,2022-12-15 18:25:00,0.0,0.0655
103,2022-12-15 18:30:00,0.0,0.0896
103,2022-12-15 18:35:00,0.0,0.0785
103,2022-12-15 18:40:00,0.0,0.0974
103,2022-12-15 18:45:00,0.0,0.1324
103,2022-12-15 18:50:00,0.0,0.1084
103,2022-12-15 18:55:00,0.0,0.1104
103,2022-12-15 19:00:00,0.0,0.0934
103,2022-12-15 19:05:00,0.0,0.0833
103,2022-12-15 19:10:00,0.0,0.0833
103,2022-12-15 19:15:00,0.0,0.0743
103,2022-12-15 19:20:00,0.0,0.0773
103,2022-12-15 19:25:00,0.0,0.0793
103,2022-12-15 19:30:00,0.0,0.0862
103,2022-12-15 19:35:00,0.0,0.0712
103,2022-12-15 19:40:00,0.0,0.0742
103,2022-12-15 19:45:00,0.0,0.0772
103,2022-12-15 19:50:00,0.0,0.0827
103,2022-12-15 19:55:00,0.0,0.0811
103,2022-12-15 20:00:00,0.0,0.0601
103,2022-12-15 20:05:00,0.0,0.0741
103,2022-12-15 20:10:00,0.0,0.0791
103,2022-12-15 20:15:00,0.0,0.1231
103,2022-12-15 20:20:00,0.0,0.095
103,2022-12-15 20:25:00,0.0,0.102
103,2022-12-15 20:30:00,0.0,0.081
103,2022-12-15 20:35:00,0.0,0.061
103,2022-12-15 20:40:00,0.0,0.039
103,2022-12-15 20:45:00,0.0,0.0669
103,2022-12-15 20:50:00,0.0,0.0599
103,2022-12-15 20:55:00,0.0,0.0899
103,2022-12-15 21:00:00,0.0,0.0789
103,2022-12-15 21:05:00,0.0,0.0769
103,2022-12-15 21:10:00,0.0,0.0618
103,2022-12-15 21:15:00,0.0,0.1078
103,2022-12-15 21:20:00,0.0,0.1008
103,2022-12-15 21:25:00,0.0,0.0988
103,2022-12-15 21:30:00,0.0,0.0718
103,2022-12-15 21:35:00,0.0,0.0987
103,2022-12-15 21:40:00,0.0,0.0977
103,2022-12-15 21:45:00,0.0,0.1177
103,2022-12-15 21:50:00,0.0,0.0997
103,2022-12-15 21:55:00,0.0,0.0867
103,2022-12-15 22:00:00,0.0,0.0976
103,2022-12-15 22:05:00,0.0,0.1026
103,2022-12-15 22:10:00,0.0,0.1086
103,2022-12-15 22:15:00,0.0,0.0916
103,2022-12-15 22:20:00,0.0,0.0606
103,2022-12-15 22:25:00,0.0,0.0775
103,2022-12-15 22:30:00,0.0,0.0955
103,2022-12-15 22:35:00,0.0,0.0875
103,2022-12-15 22:40:00,0.0,0.0885
104,2022-12-15 10:35:00,0.0,0.1674
104,2022-12-15 10:40:00,0.0,0.1644
104,2022-12-15 10:45:00,0.0,0.1694
104,2022-12-15 10:50:00,0.0376,0.1603
104,2022-12-15 10:55:00,0.0,0.1523
104,2022-12-15 11:00:00,0.0,0.1683
104,2022-12-15 11:05:00,0.0,0.1693
104,2022-12-15 11:10:00,0.0,0.2043
104,2022-12-15 11:15:00,0.0,0.1802
104,2022-12-15 11:20:00,0.0,0.2102
104,2022-12-15 11:25:00,0.0,0.1712
104,2022-12-15 11:30:00,0.0,0.1742
104,2022-12-15 11:35:00,0.0,0.2026
104,2022-12-15 11:40:00,0.0,0.1541
104,2022-12-15 11:45:00,0.0,0.1267
104,2022-12-15 11:50:00,0.0,0.1301
104,2022-12-15 11:55:00,0.0,0.1561
104,2022-12-15 12:00:00,0.0,0.1511
104,2022-12-15 12:05:00,0.0,0.163
104,2022-12-15 12:10:00,0.0,0.131
104,2022-12-15 12:15:00,0.0,0.148
104,2022-12-15 12:20:00,0.0,0.147
104,2022-12-15 12:25:00,0.0,0.1339
104,2022-12-15 12:30:00,0.0,0.1459
104,2022-12-15 12:35:00,0.0,0.1119
104,2022-12-15 12:40:00,0.0,0.1089
104,2022-12-15 12:45:00,0.0,0.1119
104,2022-12-15 12:50:00,0.0,0.1248
104,2022-12-15 12:55:00,0.0,0.1338
104,2022-12-15 13:00:00,0.0,0.1398
104,2022-12-15 13:05:00,0.0,0.1208
104,2022-12-15 13:10:00,0.0,0.1268
104,2022-12-15 13:15:00,0.0,0.1407
104,2022-12-15 13:20:00,0.0,0.1617
104,2022-12-15 13:25:00,0.0,0.1497
104,2022-12-15 13:30:00,0.0,0.1619
104,2022-12-15 13:35:00,0.0,0.1417
104,2022-12-15 13:40:00,0.0,0.1906
104,2022-12-15 13:45:00,0.0,0.1686
104,2022-12-15 13:50:00,0.0,0.1326
105,2022-12-22 19:05:00,0.0,0.0021
105,2022-12-22 19:10:00,0.0,0.0041
105,2022-12-22 19:15:00,0.0,0.0061
105,2022-12-22 19:20:00,0.0392,-0.0099
105,2022-12-22 19:25:00,0.0,0.0131
105,2022-12-22 19:30:00,0.0,-0.0029
105,2022-12-22 19:35:00,0.0,0.0221
105,2022-12-22 19:40:00,0.0,0.0461
105,2022-12-22 19:45:00,0.0,0.053
105,2022-12-22 19:50:00,0.0,0.0496
105,2022-12-22 19:55:00,0.0,0.079
105,2022-12-22 20:00:00,0.0,0.041
105,2022-12-22 20:05:00,0.0,0.058
105,2022-12-22 20:10:00,0.0,0.08
105,2022-12-22 20:15:00,0.0,0.056
105,2022-12-22 20:20:00,0.0382,0.078
105,2022-12-22 20:25:00,0.0,0.069
105,2022-12-22 20:30:00,0.0,0.088
105,2022-12-22 20:35:00,0.0,0.083
105,2022-12-22 20:40:00,0.0,0.1069
105,2022-12-22 20:45:00,0.0,0.0689
105,2022-12-22 20:50:00,0.0,0.0849
105,2022-12-22 20:55:00,0.0,0.1199
105,2022-12-22 21:00:00,0.0382,0.1039
105,2022-12-22 21:05:00,0.0,0.1269
105,2022-12-22 21:10:00,0.0,0.1349
105,2022-12-22 21:15:00,0.0,0.1339
105,2022-12-22 21:20:00,0.0,0.1019
105,2022-12-22 21:25:00,0.0,0.1009
105,2022-12-22 21:30:00,0.0,0.0918
105,2022-12-22 21:35:00,0.0,0.1268
105,2022-12-22 21:40:00,0.0,0.1018
105,2022-12-22 21:45:00,0.0,0.1488
105,2022-12-22 21:50:00,0.0,0.1078
105,2022-12-22 21:55:00,0.0,0.0958
105,2022-12-22 22:00:00,0.0,0.1048
105,2022-12-22 22:05:00,0.0,0.1018
105,2022-12-22 22:10:00,0.0,0.0958
105,2022-12-22 22:15:00,0.0,0.1158
105,2022-12-22 22:20:00,0.0,0.0868
105,2022-12-22 22:25:00,0.0,0.0777
105,2022-12-22 22:30:00,0.0,0.0757
105,2022-12-22 22:35:00,0.0,0.0787
105,2022-12-22 22:40:00,0.0,0.0827
105,2022-12-22 22:45:00,0.0,0.0997
105,2022-12-22 22:50:00,0.0,0.0797
105,2022-12-22 22:55:00,0.0,0.0737
105,2022-12-22 23:00:00,0.0,0.0697
105,2022-12-22 23:05:00,0.0,0.0677
105,2022-12-22 23:10:00,0.0,0.0537
105,2022-12-22 23:15:00,0.0,0.0566
105,2022-12-22 23:20:00,0.0,0.0576
105,2022-12-22 23:25:00,0.0,0.0596
105,2022-12-22 23:30:00,0.0,0.0586
105,2022-12-22 23:35:00,0.0,0.0736
105,2022-12-22 23:40:00,0.0,0.0686
105,2022-12-22 23:45:00,0.0,0.088
105,2022-12-22 23:50:00,0.0,0.0906
105,2022-12-22 23:55:00,0.0,0.0796
105,2022-12-23 00:00:00,0.0,0.0676
105,2022-12-23 00:05:00,0.0,0.0546
106,2022-12-27 12:25:00,0.0,0.0324
106,2022-12-27 12:30:00,0.0,0.0209
106,2022-12-27 12:35:00,0.0,0.0108
106,2022-12-27 12:40:00,0.0377,0.0143
106,2022-12-27 12:45:00,0.0,0.0228
106,2022-12-27 12:50:00,0.0,0.0432
106,2022-12-27 12:55:00,0.0,0.0408
106,2022-12-27 13:00:00,0.0,0.0301
106,2022-12-27 13:05:00,0.0,0.0116
106,2022-12-27 13:10:00,0.0,0.0131
106,2022-12-27 13:15:00,0.0,0.0026
106,2022-12-27 13:20:00,0.0,0.0266
106,2022-12-27 13:25:00,0.0,0.0353
106,2022-12-27 13:30:00,0.0,0.021
106,2022-12-27 13:35:00,0.0,0.0105
106,2022-12-27 13:40:00,0.0,0.0064
106,2022-12-27 13:45:00,0.0,0.0249
106,2022-12-27 13:50:00,0.0,0.0274
106,2022-12-27 13:55:00,0.0,0.0229
106,2022-12-27 14:00:00,0.0,0.0473
106,2022-12-27 14:05:00,0.0,0.0723
106,2022-12-27 14:10:00,0.0,0.0391
106,2022-12-27 14:15:00,0.0,0.0313
106,2022-12-27 14:20:00,0.0,0.0257
106,2022-12-27 14:25:00,0.0,0.0326
106,2022-12-27 14:30:00,0.0,0.0172
106,2022-12-27 14:35:00,0.0,0.0168
106,2022-12-27 14:40:00,0.0,0.0095
106,2022-12-27 14:45:00,0.0,0.0196
106,2022-12-27 14:50:00,0.0,0.0206
106,2022-12-27 14:55:00,0.0,0.0245
106,2022-12-27 15:00:00,0.0,0.011
106,2022-12-27 15:05:00,0.0,0.018
106,2022-12-27 15:10:00,0.0,0.0369
106,2022-12-27 15:15:00,0.0,0.027
106,2022-12-27 15:20:00,0.0,0.0399
106,2022-12-27 15:25:00,0.0,0.0429
106,2022-12-27 15:30:00,0.0,0.0333
106,2022-12-27 15:35:00,0.0,0.0328
106,2022-12-27 15:40:00,0.0,0.0223
107,2022-12-28 11:15:00,0.0,0.0368
107,2022-12-28 11:20:00,0.0,0.0387
107,2022-12-28 11:25:00,0.0,0.0597
107,2022-12-28 11:30:00,0.0376,0.0572
107,2022-12-28 11:35:00,0.0,0.0526
107,2022-12-28 11:40:00,0.0,0.0516
107,2022-12-28 11:45:00,0.0,0.0076
107,2022-12-28 11:50:00,0.0,0.0086
107,2022-12-28 11:55:00,0.0,0.0305
107,2022-12-28 12:00:00,0.0,0.026
107,2022-12-28 12:05:00,0.0,0.0305
107,2022-12-28 12:10:00,0.0,0.0459
107,2022-12-28 12:15:00,0.0,0.0379
107,2022-12-28 12:20:00,0.0,0.0189
107,2022-12-28 12:25:00,0.0,0.0433
107,2022-12-28 12:30:00,0.0,0.0378
107,2022-12-28 12:35:00,0.0,0.0322
107,2022-12-28 12:40:00,0.0,0.0153
107,2022-12-28 12:45:00,0.0,0.0373
107,2022-12-28 12:50:00,0.0,0.0522
107,2022-12-28 12:55:00,0.0,0.0432
107,2022-12-28 13:00:00,0.0,0.0292
107,2022-12-28 13:05:00,0.0,0.0216
107,2022-12-28 13:10:00,0.0,0.0171
107,2022-12-28 13:15:00,0.0,0.027
107,2022-12-28 13:20:00,0.0,0.0451
107,2022-12-28 13:25:00,0.0,0.0465
107,2022-12-28 13:30:00,0.0,0.074
107,2022-12-28 13:35:00,0.0,0.0725
107,2022-12-28 13:40:00,0.0,0.0524
107,2022-12-28 13:45:00,0.0,0.0659
107,2022-12-28 13:50:00,0.0,0.0548
107,2022-12-28 13:55:00,0.0,0.0689
107,2022-12-28 14:00:00,0.0,0.1008
107,2022-12-28 14:05:00,0.0,0.0908
107,2022-12-28 14:10:00,0.0,0.0997
107,2022-12-28 14:15:00,0.0,0.0978
107,2022-12-28 14:20:00,0.0,0.0937
107,2022-12-28 14:25:00,0.0,0.0772
107,2022-12-28 14:30:00,0.0,0.0651
108,2022-12-30 22:50:00,0.0,0.0444
108,2022-12-30 22:55:00,0.0,0.0519
108,2022-12-30 23:00:00,0.002,0.0498
108,2022-12-30 23:05:00,0.004,0.0338
108,2022-12-30 23:10:00,0.006,0.0348
108,2022-12-30 23:15:00,0.007,0.0318
108,2022-12-30 23:20:00,0.008,0.0277
108,2022-12-30 23:25:00,0.007,0.0262
108,2022-12-30 23:30:00,0.009,0.0312
108,2022-12-30 23:35:00,0.008,0.0276
108,2022-12-30 23:40:00,0.007,0.0316
108,2022-12-30 23:45:00,0.005,0.0431
108,2022-12-30 23:50:00,0.004,0.0956
108,2022-12-30 23:55:00,0.002,0.169
108,2022-12-31 00:00:00,0.0,0.146
108,2022-12-31 00:05:00,0.001,0.143
108,2022-12-31 00:10:00,0.001,0.1299
108,2022-12-31 00:15:00,0.0,0.1174
108,2022-12-31 00:20:00,0.0,0.1289
108,2022-12-31 00:25:00,0.001,0.1319
108,2022-12-31 00:30:00,0.002,0.1283
108,2022-12-31 00:35:00,0.001,0.1108
108,2022-12-31 00:40:00,0.001,0.1158
108,2022-12-31 00:45:00,0.004,0.1123
108,2022-12-31 00:50:00,0.005,0.1017
108,2022-12-31 00:55:00,0.003,0.1102
108,2022-12-31 01:00:00,0.001,0.1077
108,2022-12-31 01:05:00,0.001,0.0986
108,2022-12-31 01:10:00,0.003,0.1071
108,2022-12-31 01:15:00,0.006,0.1111
108,2022-12-31 01:20:00,0.004,0.1061
108,2022-12-31 01:25:00,0.003,0.116
108,2022-12-31 01:30:00,0.007,0.112
108,2022-12-31 01:35:00,0.008,0.113
108,2022-12-31 01:40:00,0.006,0.1224
108,2022-12-31 01:45:00,0.006,0.1374
108,2022-12-31 01:50:00,0.006,0.1509
108,2022-12-31 01:55:00,0.003,0.1564
108,2022-12-31 02:00:00,0.001,0.1688
108,2022-12-31 02:05:00,0.004,0.1838
108,2022-12-31 02:10:00,0.005,0.1743
108,2022-12-31 02:15:00,0.004,0.1788
108,2022-12-31 02:20:00,0.004,0.1782
108,2022-12-31 02:25:00,0.005,0.1767
108,2022-12-31 02:30:00,0.003,0.1667
108,2022-12-31 02:35:00,0.002,0.1536
108,2022-12-31 02:40:00,0.002,0.1691
108,2022-12-31 02:45:00,0.002,0.1741
108,2022-12-31 02:50:00,0.004,0.1961
108,2022-12-31 02:55:00,0.002,0.184
108,2022-12-31 03:00:00,0.002,0.1785
108,2022-12-31 03:05:00,0.003,0.1715
108,2022-12-31 03:10:00,0.006,0.1774
108,2022-12-31 03:15:00,0.008,0.1699
108,2022-12-31 03:20:00,0.005,0.1719
108,2022-12-31 03:25:00,0.004,0.1749
108,2022-12-31 03:30:00,0.006,0.1808
108,2022-12-31 03:35:00,0.005,0.1853
108,2022-12-31 03:40:00,0.005,0.2123
108,2022-12-31 03:45:00,0.006,0.2148
108,2022-12-31 03:50:00,0.009,0.2707
108,2022-12-31 03:55:00,0.01,0.3092
108,2022-12-31 04:00:00,0.006,0.3347
108,2022-12-31 04:05:00,0.003,0.4051
108,2022-12-31 04:10:00,0.003,0.4221
108,2022-12-31 04:15:00,0.004,0.4146
108,2022-12-31 04:20:00,0.002,0.3881
108,2022-12-31 04:25:00,0.006,0.4075
108,2022-12-31 04:30:00,0.01,0.367
108,2022-12-31 04:35:00,0.009,0.3765
108,2022-12-31 04:40:00,0.007,0.3869
108,2022-12-31 04:45:00,0.003,0.3864
108,2022-12-31 04:50:00,0.0,0.3814
108,2022-12-31 04:55:00,0.0,0.3864
108,2022-12-31 05:00:00,0.0,0.3678
108,2022-12-31 05:05:00,0.0,0.3688
108,2022-12-31 05:10:00,0.0,0.3558
108,2022-12-31 05:15:00,0.0,0.3723
108,2022-12-31 05:20:00,0.0,0.3647
108,2022-12-31 05:25:00,0.0,0.3687
108,2022-12-31 05:30:00,0.0,0.3622
108,2022-12-31 05:35:00,0.001,0.3391
108,2022-12-31 05:40:00,0.002,0.3461
108,2022-12-31 05:45:00,0.0,0.3201
108,2022-12-31 05:50:00,0.002,0.3406
108,2022-12-31 05:55:00,0.001,0.326
108,2022-12-31 06:00:00,0.0,0.2955
108,2022-12-31 06:05:00,0.002,0.2855
108,2022-12-31 06:10:00,0.004,0.3094
108,2022-12-31 06:15:00,0.0,0.3034
108,2022-12-31 06:20:00,0.0,0.2924
108,2022-12-31 06:25:00,0.0,0.2994
108,2022-12-31 06:30:00,0.0,0.3143
108,2022-12-31 06:35:00,0.001,0.2963
108,2022-12-31 06:40:00,0.001,0.3148
108,2022-12-31 06:45:00,0.001,0.2928
108,2022-12-31 06:50:00,0.001,0.2977
108,2022-12-31 06:55:00,0.0,0.2917
108,2022-12-31 07:00:00,0.0,0.2857
108,2022-12-31 07:05:00,0.0,0.2906
108,2022-12-31 07:10:00,0.0,0.2851
108,2022-12-31 07:15:00,0.0,0.2926
108,2022-12-31 07:20:00,0.0,0.2606
108,2022-12-31 07:25:00,0.0,0.2705
108,2022-12-31 07:30:00,0.0,0.2685
108,2022-12-31 07:35:00,0.0,0.2765
108,2022-12-31 07:40:00,0.0,0.2744
108,2022-12-31 07:45:00,0.0,0.2674
108,2022-12-31 07:50:00,0.0,0.2969
108,2022-12-31 07:55:00,0.0,0.2564
108,2022-12-31 08:00:00,0.0,0.2633
108,2022-12-31 08:05:00,0.0,0.2518
108,2022-12-31 08:10:00,0.0,0.2308
108,2022-12-31 08:15:00,0.0,0.2348
108,2022-12-31 08:20:00,0.0,0.2137
108,2022-12-31 08:25:00,0.0,0.2162
108,2022-12-31 08:30:00,0.0,0.2197
108,2022-12-31 08:35:00,0.001,0.2331
108,2022-12-31 08:40:00,0.002,0.2216
108,2022-12-31 08:45:00,0.0,0.1931
108,2022-12-31 08:50:00,0.0,0.1896
108,2022-12-31 08:55:00,0.0,0.205
108,2022-12-31 09:00:00,0.0,0.219
108,2022-12-31 09:05:00,0.0,0.2345
108,2022-12-31 09:10:00,0.0,0.2274
108,2022-12-31 09:15:00,0.001,0.2409
108,2022-12-31 09:20:00,0.003,0.2504
108,2022-12-31 09:25:00,0.002,0.2474
108,2022-12-31 09:30:00,0.002,0.2488
108,2022-12-31 09:35:00,0.003,0.2523
108,2022-12-31 09:40:00,0.003,0.2628
108,2022-12-31 09:45:00,0.004,0.2693
108,2022-12-31 09:50:00,0.005,0.2332
108,2022-12-31 09:55:00,0.005,0.2277
108,2022-12-31 10:00:00,0.002,0.2382
108,2022-12-31 10:05:00,0.001,0.2291
108,2022-12-31 10:10:00,0.0,0.2421
108,2022-12-31 10:15:00,0.0,0.2851
108,2022-12-31 10:20:00,0.0,0.3346
108,2022-12-31 10:25:00,0.0,0.3095
108,2022-12-31 10:30:00,0.001,0.336
108,2022-12-31 10:35:00,0.003,0.286
108,2022-12-31 10:40:00,0.002,0.3019
108,2022-12-31 10:45:00,0.001,0.3114
108,2022-12-31 10:50:00,0.0,0.2734
108,2022-12-31 10:55:00,0.0,0.2944
108,2022-12-31 11:00:00,0.0,0.2733
108,2022-12-31 11:05:00,0.0,0.3008
108,2022-12-31 11:10:00,0.0,0.2818
108,2022-12-31 11:15:00,0.0,0.2713
108,2022-12-31 11:20:00,0.0,0.3067
108,2022-12-31 11:25:00,0.0,0.2977
108,2022-12-31 11:30:00,0.0,0.3297
108,2022-12-31 11:35:00,0.0,0.2946
108,2022-12-31 11:40:00,0.0,0.3081
108,2022-12-31 11:45:00,0.0,0.2931
108,2022-12-31 11:50:00,0.0,0.3071
108,2022-12-31 11:55:00,0.0,0.3545
108,2022-12-31 12:00:00,0.0,0.266
108,2022-12-31 12:05:00,0.0,0.2445
108,2022-12-31 12:10:00,0.0,0.2869
108,2022-12-31 12:15:00,0.0,0.2684
108,2022-12-31 12:20:00,0.0,0.2764
108,2022-12-31 12:25:00,0.0,0.2559
108,2022-12-31 12:30:00,0.0,0.2878
108,2022-12-31 12:35:00,0.0,0.3268
108,2022-12-31 12:40:00,0.0,0.2953
108,2022-12-31 12:45:00,0.0,0.3078
108,2022-12-31 12:50:00,0.0,0.2437
108,2022-12-31 12:55:00,0.0,0.2652
108,2022-12-31 13:00:00,0.0,0.2852
108,2022-12-31 13:05:00,0.0,0.2531
108,2022-12-31 13:10:00,0.0,0.2806
108,2022-12-31 13:15:00,0.0,0.2431
108,2022-12-31 13:20:00,0.0,0.2351
108,2022-12-31 13:25:00,0.0,0.2525
108,2022-12-31 13:30:00,0.0,0.268
108,2022-12-31 13:35:00,0.0,0.237
108,2022-12-31 13:40:00,0.0,0.2714
108,2022-12-31 13:45:00,0.0,0.2384
108,2022-12-31 13:50:00,0.0,0.2764
108,2022-12-31 13:55:00,0.0,0.2984
108,2022-12-31 14:00:00,0.0,0.2423
108,2022-12-31 14:05:00,0.0,0.2643
108,2022-12-31 14:10:00,0.0,0.2063
108,2022-12-31 14:15:00,0.0,0.2143
108,2022-12-31 14:20:00,0.0,0.2287
108,2022-12-31 14:25:00,0.0,0.2097
108,2022-12-31 14:30:00,0.0,0.2067
108,2022-12-31 14:35:00,0.0,0.2156
108,2022-12-31 14:40:00,0.0,0.2321
108,2022-12-31 14:45:00,0.0,0.2401
108,2022-12-31 14:50:00,0.0,0.2321
108,2022-12-31 14:55:00,0.0,0.226
108,2022-12-31 15:00:00,0.0,0.216
108,2022-12-31 15:05:00,0.0,0.2085
108,2022-12-31 15:10:00,0.0,0.2114
108,2022-12-31 15:15:00,0.0,0.1984
108,2022-12-31 15:20:00,0.0,0.1999
108,2022-12-31 15:25:00,0.0,0.2104
108,2022-12-31 15:30:00,0.0,0.1783
108,2022-12-31 15:35:00,0.0,0.2133
108,2022-12-31 15:40:00,0.0,0.1883
108,2022-12-31 15:45:00,0.0,0.1848
108,2022-12-31 15:50:00,0.0,0.1932
108,2022-12-31 15:55:00,0.0,0.2072
108,2022-12-31 16:00:00,0.0,0.2267
108,2022-12-31 16:05:00,0.0,0.1936
108,2022-12-31 16:10:00,0.0,0.1876
108,2022-12-31 16:15:00,0.0,0.1771
108,2022-12-31 16:20:00,0.0,0.1911
108,2022-12-31 16:25:00,0.0,0.208
108,2022-12-31 16:30:00,0.0,0.188
108,2022-12-31 16:35:00,0.0,0.1695
108,2022-12-31 16:40:00,0.0,0.1679
108,2022-12-31 16:45:00,0.0,0.1964
108,2022-12-31 16:50:00,0.0,0.1904
108,2022-12-31 16:55:00,0.0,0.1684
108,2022-12-31 17:00:00,0.0,0.1963
108,2022-12-31 17:05:00,0.0,0.1828
108,2022-12-31 17:10:00,0.0,0.1768
108,2022-12-31 17:15:00,0.0,0.1628
108,2022-12-31 17:20:00,0.0,0.2012
108,2022-12-31 17:25:00,0.0,0.1657
108,2022-12-31 17:30:00,0.0,0.1672
108,2022-12-31 17:35:00,0.0,0.1541
108,2022-12-31 17:40:00,0.0,0.1486
108,2022-12-31 17:45:00,0.0,0.1976
108,2022-12-31 17:50:00,0.0,0.1746
108,2022-12-31 17:55:00,0.0,0.1515
108,2022-12-31 18:00:00,0.0,0.1575
108,2022-12-31 18:05:00,0.0,0.1265
108,2022-12-31 18:10:00,0.0,0.1764
108,2022-12-31 18:15:00,0.0,0.1544
108,2022-12-31 18:20:00,0.0,0.1659
108,2022-12-31 18:25:00,0.0,0.1574
108,2022-12-31 18:30:00,0.0,0.1603
108,2022-12-31 18:35:00,0.0,0.1658
108,2022-12-31 18:40:00,0.0,0.1428
108,2022-12-31 18:45:00,0.0,0.1198
108,2022-12-31 18:50:00,0.0,0.1207
108,2022-12-31 18:55:00,0.0,0.1012
108,2022-12-31 19:00:00,0.0,0.1112
108,2022-12-31 19:05:00,0.0,0.1381
108,2022-12-31 19:10:00,0.0,0.1281
108,2022-12-31 19:15:00,0.0,0.1086
108,2022-12-31 19:20:00,0.0,0.1471
108,2022-12-31 19:25:00,0.0,0.139
108,2022-12-31 19:30:00,0.0,0.1325
108,2022-12-31 19:35:00,0.0,0.1325
108,2022-12-31 19:40:00,0.0,0.1269
108,2022-12-31 19:45:00,0.0,0.1059
108,2022-12-31 19:50:00,0.0,0.1174
108,2022-12-31 19:55:00,0.0,0.1204
108,2022-12-31 20:00:00,0.0,0.1093
108,2022-12-31 20:05:00,0.0,0.0978
108,2022-12-31 20:10:00,0.0,0.1123
108,2022-12-31 20:15:00,0.0,0.1163
108,2022-12-31 20:20:00,0.0,0.1042
108,2022-12-31 20:25:00,0.0,0.1267
108,2022-12-31 20:30:00,0.0,0.1152
108,2022-12-31 20:35:00,0.0,0.0991
108,2022-12-31 20:40:00,0.0,0.1051
108,2022-12-31 20:45:00,0.0,0.0851
108,2022-12-31 20:50:00,0.0,0.0876
108,2022-12-31 20:55:00,0.0,0.098
108,2022-12-31 21:00:00,0.0,0.0615
108,2022-12-31 21:05:00,0.0,0.093
108,2022-12-31 21:10:00,0.0,0.0914
108,2022-12-31 21:15:00,0.0,0.0834
108,2022-12-31 21:20:00,0.0,0.0889
108,2022-12-31 21:25:00,0.0,0.0889
108,2022-12-31 21:30:00,0.0,0.0868
108,2022-12-31 21:35:00,0.0,0.0723
108,2022-12-31 21:40:00,0.0,0.0973
108,2022-12-31 21:45:00,0.0,0.1103
108,2022-12-31 21:50:00,0.0,0.0902
108,2022-12-31 21:55:00,0.0,0.0712
108,2022-12-31 22:00:00,0.0,0.0642
108,2022-12-31 22:05:00,0.0,0.0706
108,2022-12-31 22:10:00,0.0,0.0721
108,2022-12-31 22:15:00,0.0,0.0616
108,2022-12-31 22:20:00,0.0,0.0506
108,2022-12-31 22:25:00,0.0,0.0825
108,2022-12-31 22:30:00,0.0,0.0935
108,2022-12-31 22:35:00,0.0,0.085
108,2022-12-31 22:40:00,0.0,0.0829
108,2022-12-31 22:45:00,0.0,0.0854
108,2022-12-31 22:50:00,0.0,0.0859
108,2022-12-31 22:55:00,0.0,0.0894
108,2022-12-31 23:00:00,0.0,0.0853
108,2022-12-31 23:05:00,0.0,0.0748
108,2022-12-31 23:10:00,0.0,0.0618
108,2022-12-31 23:15:00,0.0,0.0783
108,2022-12-31 23:20:00,0.0,0.0767
108,2022-12-31 23:25:00,0.0,0.0697
108,2022-12-31 23:30:00,0.0,0.0917
108,2022-12-31 23:35:00,0.0,0.0766
108,2022-12-31 23:40:00,0.0,0.0796
108,2022-12-31 23:45:00,0.0,0.0821
108,2022-12-31 23:50:00,0.0,0.0736
108,2022-12-31 23:55:00,0.0,0.0755
108,2023-01-01 00:00:00,0.0,0.076
109,2023-01-02 23:45:00,0.0,-0.0001
109,2023-01-02 23:50:00,0.0,-0.0002
109,2023-01-02 23:55:00,0.001,-0.0122
109,2023-01-03 00:00:00,0.003,-0.0168
109,2023-01-03 00:05:00,0.002,-0.0063
109,2023-01-03 00:10:00,0.005,-0.0063
109,2023-01-03 00:15:00,0.005,-0.0114
109,2023-01-03 00:20:00,0.003,-0.0079
109,2023-01-03 00:25:00,0.002,-0.0039
109,2023-01-03 00:30:00,0.002,-0.0075
109,2023-01-03 00:35:00,0.003,-0.021
109,2023-01-03 00:40:00,0.003,-0.0246
109,2023-01-03 00:45:00,0.002,-0.0141
109,2023-01-03 00:50:00,0.003,-0.0046
109,2023-01-03 00:55:00,0.004,-0.0057
109,2023-01-03 01:00:00,0.004,-0.0017
109,2023-01-03 01:05:00,0.003,0.0123
109,2023-01-03 01:10:00,0.003,0.0147
109,2023-01-03 01:15:00,0.006,0.0242
109,2023-01-03 01:20:00,0.004,0.0211
109,2023-01-03 01:25:00,0.007,0.0306
109,2023-01-03 01:30:00,0.008,0.0346
109,2023-01-03 01:35:00,0.008,0.042
109,2023-01-03 01:40:00,0.01,0.0485
109,2023-01-03 01:45:00,0.012,0.0474
109,2023-01-03 01:50:00,0.013,0.0404
109,2023-01-03 01:55:00,0.022,0.0384
109,2023-01-03 02:00:00,0.026,0.0703
109,2023-01-03 02:05:00,0.021,0.1128
109,2023-01-03 02:10:00,0.02,0.1968
109,2023-01-03 02:15:00,0.024,0.2522
109,2023-01-03 02:20:00,0.022,0.2912
109,2023-01-03 02:25:00,0.014,0.3226
109,2023-01-03 02:30:00,0.011,0.4251
109,2023-01-03 02:35:00,0.005,0.4146
109,2023-01-03 02:40:00,0.012,0.391
109,2023-01-03 02:45:00,0.015,0.3945
109,2023-01-03 02:50:00,0.023,0.38
109,2023-01-03 02:55:00,0.034,0.3269
109,2023-01-03 03:00:00,0.042,0.3639
109,2023-01-03 03:05:00,0.022,0.5188
109,2023-01-03 03:10:00,0.008,0.6448
109,2023-01-03 03:15:00,0.005,0.6959
109,2023-01-03 03:20:00,0.002,0.5907
109,2023-01-03 03:25:00,0.0,0.5371
109,2023-01-03 03:30:00,0.0,0.4961
109,2023-01-03 03:35:00,0.0,0.5086
109,2023-01-03 03:40:00,0.0,0.5436
109,2023-01-03 03:45:00,0.0,0.4785
109,2023-01-03 03:50:00,0.0,0.477
109,2023-01-03 03:55:00,0.0,0.4585
109,2023-01-03 04:00:00,0.0,0.4452
109,2023-01-03 04:05:00,0.0,0.3996
109,2023-01-03 04:10:00,0.0,0.4028
109,2023-01-03 04:15:00,0.0,0.3938
109,2023-01-03 04:20:00,0.0,0.4154
109,2023-01-03 04:25:00,0.0,0.4032
109,2023-01-03 04:30:00,0.0,0.4187
109,2023-01-03 04:35:00,0.0,0.3591
109,2023-01-03 04:40:00,0.0,0.3841
109,2023-01-03 04:45:00,0.0,0.3706
109,2023-01-03 04:50:00,0.0,0.383
109,2023-01-03 04:55:00,0.0,0.4285
109,2023-01-03 05:00:00,0.0,0.361
109,2023-01-03 05:05:00,0.0,0.3679
109,2023-01-03 05:10:00,0.0,0.3884
109,2023-01-03 05:15:00,0.0,0.3173
109,2023-01-03 05:20:00,0.003,0.3223
109,2023-01-03 05:25:00,0.004,0.3058
109,2023-01-03 05:30:00,0.004,0.3052
109,2023-01-03 05:35:00,0.002,0.3317
109,2023-01-03 05:40:00,0.0,0.3303
109,2023-01-03 05:45:00,0.0,0.3451
109,2023-01-03 05:50:00,0.0,0.3553
109,2023-01-03 05:55:00,0.0,0.364
109,2023-01-03 06:00:00,0.0,0.3385
109,2023-01-03 06:05:00,0.0,0.354
109,2023-01-03 06:10:00,0.0,0.3424
109,2023-01-03 06:15:00,0.0,0.3614
109,2023-01-03 06:20:00,0.0,0.4128
109,2023-01-03 06:25:00,0.002,0.3038
109,2023-01-03 06:30:00,0.004,0.3834
109,2023-01-03 06:35:00,0.006,0.3782
109,2023-01-03 06:40:00,0.008,0.3842
109,2023-01-03 06:45:00,0.01,0.3407
109,2023-01-03 06:50:00,0.011,0.3266
109,2023-01-03 06:55:00,0.016,0.3866
109,2023-01-03 07:00:00,0.018,0.3785
109,2023-01-03 07:05:00,0.021,0.359
109,2023-01-03 07:10:00,0.025,0.5247
109,2023-01-03 07:15:00,0.027,0.6274
109,2023-01-03 07:20:00,0.022,0.6489
109,2023-01-03 07:25:00,0.011,0.6999
109,2023-01-03 07:30:00,0.008,0.7238
109,2023-01-03 07:35:00,0.007,0.6783
109,2023-01-03 07:40:00,0.009,0.7002
109,2023-01-03 07:45:00,0.01,0.6897
109,2023-01-03 07:50:00,0.004,0.7207
109,2023-01-03 07:55:00,0.003,0.7289
109,2023-01-03 08:00:00,0.005,0.6856
109,2023-01-03 08:05:00,0.009,0.653
109,2023-01-03 08:10:00,0.008,0.6445
109,2023-01-03 08:15:00,0.007,0.6155
109,2023-01-03 08:20:00,0.006,0.6459
109,2023-01-03 08:25:00,0.008,0.6904
109,2023-01-03 08:30:00,0.01,0.6757
109,2023-01-03 08:35:00,0.019,0.7723
109,2023-01-03 08:40:00,0.026,0.7343
109,2023-01-03 08:45:00,0.019,0.7439
109,2023-01-03 08:50:00,0.006,0.8198
109,2023-01-03 08:55:00,0.001,0.8656
109,2023-01-03 09:00:00,0.001,0.8273
109,2023-01-03 09:05:00,0.001,0.7846
109,2023-01-03 09:10:00,0.004,0.809
109,2023-01-03 09:15:00,0.011,0.767
109,2023-01-03 09:20:00,0.014,0.751
109,2023-01-03 09:25:00,0.005,0.7903
109,2023-01-03 09:30:00,0.001,0.7464
109,2023-01-03 09:35:00,0.001,0.8779
109,2023-01-03 09:40:00,0.003,0.8973
109,2023-01-03 09:45:00,0.004,0.7642
109,2023-01-03 09:50:00,0.002,0.7477
109,2023-01-03 09:55:00,0.002,0.8392
109,2023-01-03 10:00:00,0.005,0.7905
109,2023-01-03 10:05:00,0.006,0.7506
109,2023-01-03 10:10:00,0.003,0.7366
109,2023-01-03 10:15:00,0.0,0.7251
109,2023-01-03 10:20:00,0.0,0.7505
109,2023-01-03 10:25:00,0.0,0.843
109,2023-01-03 10:30:00,0.0,0.7339
109,2023-01-03 10:35:00,0.0,0.7584
109,2023-01-03 10:40:00,0.0,0.7849
109,2023-01-03 10:45:00,0.0,0.8448
109,2023-01-03 10:50:00,0.0,0.7468
109,2023-01-03 10:55:00,0.0,0.7297
109,2023-01-03 11:00:00,0.0,0.6447
109,2023-01-03 11:05:00,0.0,0.7442
109,2023-01-03 11:10:00,0.0,0.6728
109,2023-01-03 11:15:00,0.0,0.6491
109,2023-01-03 11:20:00,0.0,0.6616
109,2023-01-03 11:25:00,0.0,0.6005
109,2023-01-03 11:30:00,0.0,0.6489
109,2023-01-03 11:35:00,0.0,0.576
109,2023-01-03 11:40:00,0.0,0.5652
109,2023-01-03 11:45:00,0.0,0.5959
109,2023-01-03 11:50:00,0.0,0.5993
109,2023-01-03 11:55:00,0.0,0.577
109,2023-01-03 12:00:00,0.0,0.5633
109,2023-01-03 12:05:00,0.0,0.6774
109,2023-01-03 12:10:00,0.0,0.6826
109,2023-01-03 12:15:00,0.0,0.5404
109,2023-01-03 12:20:00,0.0,0.5336
109,2023-01-03 12:25:00,0.0,0.5831
109,2023-01-03 12:30:00,0.0,0.5746
109,2023-01-03 12:35:00,0.0,0.5045
109,2023-01-03 12:40:00,0.0,0.5169
109,2023-01-03 12:45:00,0.0,0.5514
109,2023-01-03 12:50:00,0.0,0.4909
109,2023-01-03 12:55:00,0.0,0.4854
109,2023-01-03 13:00:00,0.0,0.4947
109,2023-01-03 13:05:00,0.0,0.5133
109,2023-01-03 13:10:00,0.0,0.5147
109,2023-01-03 13:15:00,0.0,0.4992
109,2023-01-03 13:20:00,0.0,0.4451
109,2023-01-03 13:25:00,0.0,0.4529
109,2023-01-03 13:30:00,0.0,0.5126
109,2023-01-03 13:35:00,0.0,0.527
109,2023-01-03 13:40:00,0.0,0.445
109,2023-01-03 13:45:00,0.0,0.4294
109,2023-01-03 13:50:00,0.0,0.4189
109,2023-01-03 13:55:00,0.0,0.4424
109,2023-01-03 14:00:00,0.0,0.4288
109,2023-01-03 14:05:00,0.0,0.4768
109,2023-01-03 14:10:00,0.0,0.4126
109,2023-01-03 14:15:00,0.0,0.4677
109,2023-01-03 14:20:00,0.0,0.4352
109,2023-01-03 14:25:00,0.0,0.434
109,2023-01-03 14:30:00,0.0,0.4526
109,2023-01-03 14:35:00,0.0,0.4292
109,2023-01-03 14:40:00,0.0,0.4699
109,2023-01-03 14:45:00,0.0,0.411
109,2023-01-03 14:50:00,0.0,0.403
109,2023-01-03 14:55:00,0.0,0.4049
109,2023-01-03 15:00:00,0.0,0.4394
109,2023-01-03 15:05:00,0.0,0.4753
109,2023-01-03 15:10:00,0.0,0.4643
109,2023-01-03 15:15:00,0.0,0.4263
109,2023-01-03 15:20:00,0.0,0.3812
109,2023-01-03 15:25:00,0.0,0.3822
109,2023-01-03 15:30:00,0.0,0.3796
109,2023-01-03 15:35:00,0.0,0.3551
109,2023-01-03 15:40:00,0.0,0.3526
109,2023-01-03 15:45:00,0.0,0.379
109,2023-01-03 15:50:00,0.0,0.397
109,2023-01-03 15:55:00,0.0,0.3495
109,2023-01-03 16:00:00,0.0,0.3439
109,2023-01-03 16:05:00,0.0,0.3994
109,2023-01-03 16:10:00,0.0,0.3528
109,2023-01-03 16:15:00,0.0,0.3518
109,2023-01-03 16:20:00,0.0,0.3493
109,2023-01-03 16:25:00,0.0,0.3437
109,2023-01-03 16:30:00,0.0,0.3277
109,2023-01-03 16:35:00,0.0,0.3181
109,2023-01-03 16:40:00,0.0,0.3201
109,2023-01-03 16:45:00,0.0,0.3336
109,2023-01-03 16:50:00,0.0,0.2705
109,2023-01-03 16:55:00,0.0,0.3
109,2023-01-03 17:00:00,0.0,0.3435
109,2023-01-03 17:05:00,0.0,0.3604
109,2023-01-03 17:10:00,0.0,0.3639
109,2023-01-03 17:15:00,0.0,0.3018
109,2023-01-03 17:20:00,0.0,0.3027
109,2023-01-03 17:25:00,0.0,0.2955
109,2023-01-03 17:30:00,0.0,0.3372
109,2023-01-03 17:35:00,0.0,0.2732
109,2023-01-03 17:40:00,0.0,0.2702
109,2023-01-03 17:45:00,0.0,0.3081
109,2023-01-03 17:50:00,0.0,0.3411
109,2023-01-03 17:55:00,0.0,0.341
109,2023-01-03 18:00:00,0.0,0.328
109,2023-01-03 18:05:00,0.0,0.2915
109,2023-01-03 18:10:00,0.0,0.2784
109,2023-01-03 18:15:00,0.0,0.3254
109,2023-01-03 18:20:00,0.0,0.3308
109,2023-01-03 18:25:00,0.0,0.3103
109,2023-01-03 18:30:00,0.0,0.3163
109,2023-01-03 18:35:00,0.0,0.3377
109,2023-01-03 18:40:00,0.0,0.3362
109,2023-01-03 18:45:00,0.0,0.3117
109,2023-01-03 18:50:00,0.0,0.2996
109,2023-01-03 18:55:00,0.0,0.3241
109,2023-01-03 19:00:00,0.0,0.3035
109,2023-01-03 19:05:00,0.0,0.2955
109,2023-01-03 19:10:00,0.0,0.2855
109,2023-01-03 19:15:00,0.0,0.2844
109,2023-01-03 19:20:00,0.0,0.2478
109,2023-01-03 19:25:00,0.0,0.263
109,2023-01-03 19:30:00,0.0,0.2558
109,2023-01-03 19:35:00,0.0,0.2683
109,2023-01-03 19:40:00,0.0,0.2447
109,2023-01-03 19:45:00,0.0,0.2462
109,2023-01-03 19:50:00,0.0,0.2827
109,2023-01-03 19:55:00,0.0,0.2661
109,2023-01-03 20:00:00,0.0,0.2446
109,2023-01-03 20:05:00,0.0,0.247
109,2023-01-03 20:10:00,0.0,0.2495
109,2023-01-03 20:15:00,0.0,0.2475
109,2023-01-03 20:20:00,0.0,0.2634
109,2023-01-03 20:25:00,0.0,0.2559
109,2023-01-03 20:30:00,0.0,0.2689
109,2023-01-03 20:35:00,0.0,0.2558
109,2023-01-03 20:40:00,0.0,0.2388
109,2023-01-03 20:45:00,0.0,0.2362
109,2023-01-03 20:50:00,0.0,0.2569
109,2023-01-03 20:55:00,0.0,0.2502
109,2023-01-03 21:00:00,0.0,0.2526
109,2023-01-03 21:05:00,0.0,0.2641
109,2023-01-03 21:10:00,0.0,0.261
109,2023-01-03 21:15:00,0.0,0.2467
109,2023-01-03 21:20:00,0.0,0.2385
109,2023-01-03 21:25:00,0.0,0.2664
109,2023-01-03 21:30:00,0.0,0.2554
109,2023-01-03 21:35:00,0.0,0.2284
109,2023-01-03 21:40:00,0.0,0.2103
109,2023-01-03 21:45:00,0.0,0.2043
109,2023-01-03 21:50:00,0.0,0.1907
109,2023-01-03 21:55:00,0.0,0.2077
109,2023-01-03 22:00:00,0.0,0.1986
109,2023-01-03 22:05:00,0.0,0.2246
109,2023-01-03 22:10:00,0.0,0.2216
109,2023-01-03 22:15:00,0.0,0.2581
109,2023-01-03 22:20:00,0.0,0.185
109,2023-01-03 22:25:00,0.0,0.21
109,2023-01-03 22:30:00,0.0,0.1994
109,2023-01-03 22:35:00,0.0,0.2109
109,2023-01-03 22:40:00,0.0,0.2004
109,2023-01-03 22:45:00,0.0,0.2204
109,2023-01-03 22:50:00,0.0,0.1806
109,2023-01-03 22:55:00,0.0,0.2002
109,2023-01-03 23:00:00,0.0,0.1897
109,2023-01-03 23:05:00,0.0,0.1917
109,2023-01-03 23:10:00,0.0,0.1961
109,2023-01-03 23:15:00,0.0,0.1865
109,2023-01-03 23:20:00,0.0,0.1711
109,2023-01-03 23:25:00,0.0,0.167
109,2023-01-03 23:30:00,0.0,0.1966
109,2023-01-03 23:35:00,0.0,0.1816
109,2023-01-03 23:40:00,0.0,0.1837
109,2023-01-03 23:45:00,0.0,0.1824
109,2023-01-03 23:50:00,0.0,0.1993
109,2023-01-03 23:55:00,0.0,0.1943
109,2023-01-04 00:00:00,0.0,0.1903
109,2023-01-04 00:05:00,0.0,0.1662
109,2023-01-04 00:10:00,0.0,0.1797
109,2023-01-04 00:15:00,0.0,0.1781
109,2023-01-04 00:20:00,0.0,0.1796
109,2023-01-04 00:25:00,0.0,0.1811
109,2023-01-04 00:30:00,0.0,0.1703
109,2023-01-04 00:35:00,0.0,0.1635
109,2023-01-04 00:40:00,0.0,0.1804
109,2023-01-04 00:45:00,0.0,0.1759
109,2023-01-04 00:50:00,0.0,0.1534
109,2023-01-04 00:55:00,0.0,0.1593
109,2023-01-04 01:00:00,0.0,0.1543
109,2023-01-04 01:05:00,0.0,0.1533
109,2023-01-04 01:10:00,0.0,0.1512
109,2023-01-04 01:15:00,0.0,0.1517
109,2023-01-04 01:20:00,0.0,0.1321
109,2023-01-04 01:25:00,0.0,0.1401
109,2023-01-04 01:30:00,0.0,0.1306
109,2023-01-04 01:35:00,0.0,0.131
109,2023-01-04 01:40:00,0.0,0.127
109,2023-01-04 01:45:00,0.0,0.1504
109,2023-01-04 01:50:00,0.0,0.1379
109,2023-01-04 01:55:00,0.0,0.1354
109,2023-01-04 02:00:00,0.0,0.1538
109,2023-01-04 02:05:00,0.0,0.1416
109,2023-01-04 02:10:00,0.0,0.1435
109,2023-01-04 02:15:00,0.0,0.1382
109,2023-01-04 02:20:00,0.0,0.1372
109,2023-01-04 02:25:00,0.0,0.1411
109,2023-01-04 02:30:00,0.0,0.1211
109,2023-01-04 02:35:00,0.0,0.1391
109,2023-01-04 02:40:00,0.0,0.1263
109,2023-01-04 02:45:00,0.0,0.115
109,2023-01-04 02:50:00,0.0,0.109
109,2023-01-04 02:55:00,0.0,0.1129
109,2023-01-04 03:00:00,0.0,0.1059
109,2023-01-04 03:05:00,0.0,0.1138
109,2023-01-04 03:10:00,0.0,0.1153
109,2023-01-04 03:15:00,0.0,0.1118
109,2023-01-04 03:20:00,0.0,0.1232
109,2023-01-04 03:25:00,0.0,0.1167
109,2023-01-04 03:30:00,0.0,0.1206
109,2023-01-04 03:35:00,0.0,0.1066
109,2023-01-04 03:40:00,0.0,0.1076
109,2023-01-04 03:45:00,0.0,0.1155
109,2023-01-04 03:50:00,0.0,0.1032
109,2023-01-04 03:55:00,0.0,0.116
109,2023-01-04 04:00:00,0.0,0.1144
109,2023-01-04 04:05:00,0.0,0.1119
109,2023-01-04 04:10:00,0.0,0.0983
109,2023-01-04 04:15:00,0.0,0.1058
109,2023-01-04 04:20:00,0.0,0.1013
109,2023-01-04 04:25:00,0.0,0.1047
109,2023-01-04 04:30:00,0.0,0.1012
109,2023-01-04 04:35:00,0.0,0.0966
109,2023-01-04 04:40:00,0.0,0.0826
109,2023-01-04 04:45:00,0.0,0.1066
109,2023-01-04 04:50:00,0.0,0.106
109,2023-01-04 04:55:00,0.0,0.0895
109,2023-01-04 05:00:00,0.0,0.101
109,2023-01-04 05:05:00,0.0,0.0969
109,2023-01-04 05:10:00,0.0,0.0859
109,2023-01-04 05:15:00,0.0,0.0928
109,2023-01-04 05:20:00,0.0,0.0911
109,2023-01-04 05:25:00,0.0,0.0882
109,2023-01-04 05:30:00,0.0,0.0727
109,2023-01-04 05:35:00,0.0,0.0887
109,2023-01-04 05:40:00,0.0,0.0937
109,2023-01-04 05:45:00,0.0,0.097
109,2023-01-04 05:50:00,0.0,0.0886
109,2023-01-04 05:55:00,0.0,0.109
109,2023-01-04 06:00:00,0.0,0.1036
109,2023-01-04 06:05:00,0.0,0.0815
109,2023-01-04 06:10:00,0.0,0.0644
109,2023-01-04 06:15:00,0.0,0.0724
109,2023-01-04 06:20:00,0.0,0.0768
109,2023-01-04 06:25:00,0.0,0.0813
109,2023-01-04 06:30:00,0.0,0.0793
109,2023-01-04 06:35:00,0.0,0.0892
109,2023-01-04 06:40:00,0.0,0.0927
109,2023-01-04 06:45:00,0.0,0.0987
109,2023-01-04 06:50:00,0.0,0.1006
109,2023-01-04 06:55:00,0.0,0.1011
109,2023-01-04 07:00:00,0.0,0.0905
109,2023-01-04 07:05:00,0.0,0.136
109,2023-01-04 07:10:00,0.0,0.1085
109,2023-01-04 07:15:00,0.0,0.1174
109,2023-01-04 07:20:00,0.0,0.1474
109,2023-01-04 07:25:00,0.0,0.1174
109,2023-01-04 07:30:00,0.0,0.1058
109,2023-01-04 07:35:00,0.0,0.1223
109,2023-01-04 07:40:00,0.0,0.0887
109,2023-01-04 07:45:00,0.0,0.1322
109,2023-01-04 07:50:00,0.0,0.1117
109,2023-01-04 07:55:00,0.0,0.1126
109,2023-01-04 08:00:00,0.0,0.1186
109,2023-01-04 08:05:00,0.0,0.1005
109,2023-01-04 08:10:00,0.0,0.09
109,2023-01-04 08:15:00,0.0,0.0835
109,2023-01-04 08:20:00,0.0,0.0714
109,2023-01-04 08:25:00,0.0,0.1129
109,2023-01-04 08:30:00,0.0,0.1069
109,2023-01-04 08:35:00,0.0,0.0868
109,2023-01-04 08:40:00,0.0,0.0893
109,2023-01-04 08:45:00,0.0,0.0902
109,2023-01-04 08:50:00,0.0,0.0862
109,2023-01-04 08:55:00,0.0,0.0927
109,2023-01-04 09:00:00,0.0,0.0846
109,2023-01-04 09:05:00,0.0,0.0891
109,2023-01-04 09:10:00,0.0,0.0725
109,2023-01-04 09:15:00,0.0,0.083
109,2023-01-04 09:20:00,0.0,0.0769
109,2023-01-04 09:25:00,0.0,0.0609
109,2023-01-04 09:30:00,0.0,0.0779
109,2023-01-04 09:35:00,0.0,0.0549
109,2023-01-04 09:40:00,0.0,0.0747
109,2023-01-04 09:45:00,0.0,0.0797
109,2023-01-04 09:50:00,0.0,0.0857
109,2023-01-04 09:55:00,0.0,0.0717
109,2023-01-04 10:00:00,0.0,0.0881
109,2023-01-04 10:05:00,0.0,0.0891
109,2023-01-04 10:10:00,0.0,0.1095
109,2023-01-04 10:15:00,0.0,0.1125
109,2023-01-04 10:20:00,0.0,0.09
109,2023-01-04 10:25:00,0.0,0.0945
109,2023-01-04 10:30:00,0.0,0.1034
109,2023-01-04 10:35:00,0.0,0.0869
109,2023-01-04 10:40:00,0.0,0.0764
109,2023-01-04 10:45:00,0.0,0.0768
109,2023-01-04 10:50:00,0.0,0.0983
109,2023-01-04 10:55:00,0.0,0.0887
109,2023-01-04 11:00:00,0.0,0.0782
109,2023-01-04 11:05:00,0.0,0.0782
109,2023-01-04 11:10:00,0.0,0.1176
109,2023-01-04 11:15:00,0.0,0.1276
109,2023-01-04 11:20:00,0.0,0.0916
109,2023-01-04 11:25:00,0.0,0.1075
109,2023-01-04 11:30:00,0.0,0.124
109,2023-01-04 11:35:00,0.0,0.0964
109,2023-01-04 11:40:00,0.0,0.0924
109,2023-01-04 11:45:00,0.0,0.0824
109,2023-01-04 11:50:00,0.0,0.1053
109,2023-01-04 11:55:00,0.0,0.1163
109,2023-01-04 12:00:00,0.0,0.1058
110,2023-01-12 06:30:00,0.0,-0.0128
110,2023-01-12 06:35:00,0.0,-0.0189
110,2023-01-12 06:40:00,0.001,-0.0159
110,2023-01-12 06:45:00,0.003,-0.0189
110,2023-01-12 06:50:00,0.004,-0.014
110,2023-01-12 06:55:00,0.005,-0.003
110,2023-01-12 07:00:00,0.012,0.012
110,2023-01-12 07:05:00,0.036,0.0169
110,2023-01-12 07:10:00,0.037,0.0109
110,2023-01-12 07:15:00,0.01,0.0249
110,2023-01-12 07:20:00,0.007,0.0748
110,2023-01-12 07:25:00,0.009,0.2428
110,2023-01-12 07:30:00,0.009,0.2228
110,2023-01-12 07:35:00,0.015,0.2097
110,2023-01-12 07:40:00,0.016,0.2127
110,2023-01-12 07:45:00,0.016,0.1767
110,2023-01-12 07:50:00,0.017,0.2436
110,2023-01-12 07:55:00,0.016,0.2956
110,2023-01-12 08:00:00,0.014,0.3446
110,2023-01-12 08:05:00,0.007,0.4215
110,2023-01-12 08:10:00,0.008,0.4115
110,2023-01-12 08:15:00,0.009,0.4065
110,2023-01-12 08:20:00,0.009,0.3424
110,2023-01-12 08:25:00,0.011,0.3374
110,2023-01-12 08:30:00,0.011,0.3284
110,2023-01-12 08:35:00,0.014,0.2853
110,2023-01-12 08:40:00,0.016,0.3033
110,2023-01-12 08:45:00,0.017,0.3033
110,2023-01-12 08:50:00,0.018,0.3352
110,2023-01-12 08:55:00,0.018,0.3532
110,2023-01-12 09:00:00,0.018,0.4022
110,2023-01-12 09:05:00,0.018,0.3891
110,2023-01-12 09:10:00,0.018,0.3901
110,2023-01-12 09:15:00,0.018,0.4061
110,2023-01-12 09:20:00,0.018,0.498
110,2023-01-12 09:25:00,0.018,0.567
110,2023-01-12 09:30:00,0.017,0.614
110,2023-01-12 09:35:00,0.013,0.6939
110,2023-01-12 09:40:00,0.013,0.8179
110,2023-01-12 09:45:00,0.008,0.7809
110,2023-01-12 09:50:00,0.001,0.8298
110,2023-01-12 09:55:00,0.0,0.8508
110,2023-01-12 10:00:00,0.0,0.7078
110,2023-01-12 10:05:00,0.0,0.7237
110,2023-01-12 10:10:00,0.0,0.6407
110,2023-01-12 10:15:00,0.0,0.6406
110,2023-01-12 10:20:00,0.0,0.5556
110,2023-01-12 10:25:00,0.0,0.5536
110,2023-01-12 10:30:00,0.0,0.5435
110,2023-01-12 10:35:00,0.0,0.5405
110,2023-01-12 10:40:00,0.0,0.5155
110,2023-01-12 10:45:00,0.0,0.5024
110,2023-01-12 10:50:00,0.0,0.5144
110,2023-01-12 10:55:00,0.0,0.5294
110,2023-01-12 11:00:00,0.0,0.5033
110,2023-01-12 11:05:00,0.0,0.4953
110,2023-01-12 11:10:00,0.0,0.4763
110,2023-01-12 11:15:00,0.0,0.4612
110,2023-01-12 11:20:00,0.0,0.4362
110,2023-01-12 11:25:00,0.0,0.4512
110,2023-01-12 11:30:00,0.0,0.4251
110,2023-01-12 11:35:00,0.0,0.4525
110,2023-01-12 11:40:00,0.0,0.4251
110,2023-01-12 11:45:00,0.0,0.3956
110,2023-01-12 11:50:00,0.0,0.394
110,2023-01-12 11:55:00,0.0,0.392
110,2023-01-12 12:00:00,0.0,0.3949
110,2023-01-12 12:05:00,0.0,0.3509
110,2023-01-12 12:10:00,0.0,0.3719
110,2023-01-12 12:15:00,0.0,0.3738
110,2023-01-12 12:20:00,0.0,0.4338
110,2023-01-12 12:25:00,0.0,0.3628
110,2023-01-12 12:30:00,0.0,0.3927
110,2023-01-12 12:35:00,0.0,0.3737
110,2023-01-12 12:40:00,0.0,0.3437
110,2023-01-12 12:45:00,0.0,0.3696
110,2023-01-12 12:50:00,0.0,0.3806
110,2023-01-12 12:55:00,0.0,0.3716
110,2023-01-12 13:00:00,0.0,0.3725
110,2023-01-12 13:05:00,0.0,0.3615
110,2023-01-12 13:10:00,0.0,0.3255
110,2023-01-12 13:15:00,0.0,0.3114
110,2023-01-12 13:20:00,0.0,0.3664
110,2023-01-12 13:25:00,0.0,0.3464
110,2023-01-12 13:30:00,0.0,0.3506
110,2023-01-12 13:35:00,0.0,0.3083
110,2023-01-12 13:40:00,0.0,0.3143
110,2023-01-12 13:45:00,0.0,0.3102
110,2023-01-12 13:50:00,0.0,0.3402
110,2023-01-12 13:55:00,0.0,0.3212
110,2023-01-12 14:00:00,0.0,0.3161
110,2023-01-12 14:05:00,0.001,0.3181
110,2023-01-12 14:10:00,0.0,0.3091
110,2023-01-12 14:15:00,0.0,0.312
110,2023-01-12 14:20:00,0.0,0.331
110,2023-01-12 14:25:00,0.0,0.312
110,2023-01-12 14:30:00,0.0,0.3209
110,2023-01-12 14:35:00,0.0,0.3269
110,2023-01-12 14:40:00,0.0,0.3529
110,2023-01-12 14:45:00,0.0,0.3448
110,2023-01-12 14:50:00,0.0,0.3442
110,2023-01-12 14:55:00,0.0,0.3198
110,2023-01-12 15:00:00,0.0,0.2777
110,2023-01-12 15:05:00,0.0,0.2757
110,2023-01-12 15:10:00,0.0,0.2987
110,2023-01-12 15:15:00,0.0,0.3016
110,2023-01-12 15:20:00,0.0,0.3096
110,2023-01-12 15:25:00,0.0,0.3245
110,2023-01-12 15:30:00,0.0,0.3155
110,2023-01-12 15:35:00,0.0,0.3205
110,2023-01-12 15:40:00,0.0,0.2894
110,2023-01-12 15:45:00,0.0,0.3184
110,2023-01-12 15:50:00,0.0,0.2994
110,2023-01-12 15:55:00,0.0,0.3163
110,2023-01-12 16:00:00,0.0,0.3053
110,2023-01-12 16:05:00,0.0,0.3283
110,2023-01-12 16:10:00,0.003,0.2902
110,2023-01-12 16:15:00,0.011,0.3022
110,2023-01-12 16:20:00,0.012,0.3332
110,2023-01-12 16:25:00,0.008,0.3371
110,2023-01-12 16:30:00,0.007,0.2961
110,2023-01-12 16:35:00,0.005,0.2901
110,2023-01-12 16:40:00,0.004,0.315
110,2023-01-12 16:45:00,0.003,0.332
110,2023-01-12 16:50:00,0.003,0.314
110,2023-01-12 16:55:00,0.004,0.3359
110,2023-01-12 17:00:00,0.003,0.3019
110,2023-01-12 17:05:00,0.001,0.3049
110,2023-01-12 17:10:00,0.0,0.3358
110,2023-01-12 17:15:00,0.001,0.3008
110,2023-01-12 17:20:00,0.0,0.2878
110,2023-01-12 17:25:00,0.0,0.3057
110,2023-01-12 17:30:00,0.0,0.2777
110,2023-01-12 17:35:00,0.0,0.3077
110,2023-01-12 17:40:00,0.0,0.3136
110,2023-01-12 17:45:00,0.0,0.2996
110,2023-01-12 17:50:00,0.0,0.2926
110,2023-01-12 17:55:00,0.001,0.3225
110,2023-01-12 18:00:00,0.001,0.3195
110,2023-01-12 18:05:00,0.001,0.3015
110,2023-01-12 18:10:00,0.0,0.3194
110,2023-01-12 18:15:00,0.001,0.2874
110,2023-01-12 18:20:00,0.001,0.2834
110,2023-01-12 18:25:00,0.001,0.2583
110,2023-01-12 18:30:00,0.0,0.2854
110,2023-01-12 18:35:00,0.0,0.2903
110,2023-01-12 18:40:00,0.0,0.3042
110,2023-01-12 18:45:00,0.0,0.2682
110,2023-01-12 18:50:00,0.0,0.3182
110,2023-01-12 18:55:00,0.0,0.2381
110,2023-01-12 19:00:00,0.0,0.2871
110,2023-01-12 19:05:00,0.0,0.2851
110,2023-01-12 19:10:00,0.0,0.292
110,2023-01-12 19:15:00,0.0,0.297
110,2023-01-12 19:20:00,0.0,0.285
110,2023-01-12 19:25:00,0.0,0.2749
110,2023-01-12 19:30:00,0.0,0.2859
110,2023-01-12 19:35:00,0.0,0.3559
110,2023-01-12 19:40:00,0.0,0.3198
110,2023-01-12 19:45:00,0.0,0.2718
110,2023-01-12 19:50:00,0.0,0.2623
110,2023-01-12 19:55:00,0.0,0.2907
110,2023-01-12 20:00:00,0.0,0.2637
110,2023-01-12 20:05:00,0.001,0.2517
110,2023-01-12 20:10:00,0.0,0.2506
110,2023-01-12 20:15:00,0.0,0.2136
110,2023-01-12 20:20:00,0.0,0.2606
110,2023-01-12 20:25:00,0.0,0.2325
110,2023-01-12 20:30:00,0.0,0.2655
110,2023-01-12 20:35:00,0.0,0.2635
110,2023-01-12 20:40:00,0.0,0.2674
110,2023-01-12 20:45:00,0.0,0.2424
110,2023-01-12 20:50:00,0.0,0.2713
110,2023-01-12 20:55:00,0.0,0.2623
110,2023-01-12 21:00:00,0.0,0.2613
110,2023-01-12 21:05:00,0.0,0.2542
110,2023-01-12 21:10:00,0.0,0.2292
110,2023-01-12 21:15:00,0.0,0.2312
110,2023-01-12 21:20:00,0.0,0.2351
110,2023-01-12 21:25:00,0.0,0.2521
110,2023-01-12 21:30:00,0.0,0.2501
110,2023-01-12 21:35:00,0.0,0.229
110,2023-01-12 21:40:00,0.0,0.228
110,2023-01-12 21:45:00,0.0,0.238
110,2023-01-12 21:50:00,0.0,0.2589
110,2023-01-12 21:55:00,0.0,0.2439
110,2023-01-12 22:00:00,0.0,0.2439
110,2023-01-12 22:05:00,0.0,0.2478
110,2023-01-12 22:10:00,0.0,0.2338
110,2023-01-12 22:15:00,0.0,0.2458
110,2023-01-12 22:20:00,0.0,0.2317
110,2023-01-12 22:25:00,0.0,0.2497
110,2023-01-12 22:30:00,0.0,0.2327
110,2023-01-12 22:35:00,0.0,0.2116
110,2023-01-12 22:40:00,0.0,0.2106
110,2023-01-12 22:45:00,0.0,0.2186
110,2023-01-12 22:50:00,0.0,0.1965
110,2023-01-12 22:55:00,0.0,0.2145
110,2023-01-12 23:00:00,0.0,0.2015
110,2023-01-12 23:05:00,0.0,0.2114
110,2023-01-12 23:10:00,0.0,0.2044
110,2023-01-12 23:15:00,0.0,0.2144
110,2023-01-12 23:20:00,0.0,0.2223
110,2023-01-12 23:25:00,0.0,0.2423
110,2023-01-12 23:30:00,0.0,0.2143
110,2023-01-12 23:35:00,0.0,0.1882
110,2023-01-12 23:40:00,0.0,0.1792
110,2023-01-12 23:45:00,0.0,0.1775
110,2023-01-12 23:50:00,0.0,0.1791
110,2023-01-12 23:55:00,0.0,0.1971
110,2023-01-13 00:00:00,0.0,0.1971
110,2023-01-13 00:05:00,0.0,0.195
110,2023-01-13 00:10:00,0.0,0.189
110,2023-01-13 00:15:00,0.0,0.184
110,2023-01-13 00:20:00,0.0,0.1779
110,2023-01-13 00:25:00,0.0,0.1699
110,2023-01-13 00:30:00,0.0,0.1829
110,2023-01-13 00:35:00,0.0,0.1888
110,2023-01-13 00:40:00,0.0,0.1858
110,2023-01-13 00:45:00,0.0,0.1478
110,2023-01-13 00:50:00,0.0,0.1417
110,2023-01-13 00:55:00,0.0,0.1597
110,2023-01-13 01:00:00,0.0,0.1527
110,2023-01-13 01:05:00,0.0,0.1446
110,2023-01-13 01:10:00,0.0,0.1636
110,2023-01-13 01:15:00,0.0,0.1516
110,2023-01-13 01:20:00,0.0,0.1515
110,2023-01-13 01:25:00,0.0,0.1625
110,2023-01-13 01:30:00,0.0,0.1395
110,2023-01-13 01:35:00,0.0,0.1484
110,2023-01-13 01:40:00,0.0,0.1424
110,2023-01-13 01:45:00,0.0,0.1454
110,2023-01-13 01:50:00,0.0,0.1443
110,2023-01-13 01:55:00,0.0,0.1363
110,2023-01-13 02:00:00,0.0,0.1513
110,2023-01-13 02:05:00,0.0,0.1332
110,2023-01-13 02:10:00,0.0,0.1422
110,2023-01-13 02:15:00,0.0,0.1391
110,2023-01-13 02:20:00,0.0,0.1331
110,2023-01-13 02:25:00,0.0,0.1301
110,2023-01-13 02:30:00,0.0,0.145
110,2023-01-13 02:35:00,0.0,0.136
110,2023-01-13 02:40:00,0.0,0.14
110,2023-01-13 02:45:00,0.0,0.1279
110,2023-01-13 02:50:00,0.0,0.1439
110,2023-01-13 02:55:00,0.0,0.1399
110,2023-01-13 03:00:00,0.0,0.1518
110,2023-01-13 03:05:00,0.0,0.1308
110,2023-01-13 03:10:00,0.0,0.1378
110,2023-01-13 03:15:00,0.0,0.1487
110,2023-01-13 03:20:00,0.0,0.1407
110,2023-01-13 03:25:00,0.0,0.1417
110,2023-01-13 03:30:00,0.0,0.1266
110,2023-01-13 03:35:00,0.0,0.1366
110,2023-01-13 03:40:00,0.0,0.1504
110,2023-01-13 03:45:00,0.0,0.1365
110,2023-01-13 03:50:00,0.0,0.1405
110,2023-01-13 03:55:00,0.0,0.1252
110,2023-01-13 04:00:00,0.0,0.1274
110,2023-01-13 04:05:00,0.0,0.1314
110,2023-01-13 04:10:00,0.0,0.1154
110,2023-01-13 04:15:00,0.0,0.1143
110,2023-01-13 04:20:00,0.0,0.1263
110,2023-01-13 04:25:00,0.0,0.1208
110,2023-01-13 04:30:00,0.0,0.1212
110,2023-01-13 04:35:00,0.0,0.131
110,2023-01-13 04:40:00,0.0,0.1342
110,2023-01-13 04:45:00,0.0,0.1181
110,2023-01-13 04:50:00,0.0,0.1171
110,2023-01-13 04:55:00,0.0,0.1061
110,2023-01-13 05:00:00,0.0,0.11
110,2023-01-13 05:05:00,0.0,0.1
110,2023-01-13 05:10:00,0.0,0.114
110,2023-01-13 05:15:00,0.0,0.1169
110,2023-01-13 05:20:00,0.0,0.1089
110,2023-01-13 05:25:00,0.0,0.1009
110,2023-01-13 05:30:00,0.0,0.1098
110,2023-01-13 05:35:00,0.0,0.0988
110,2023-01-13 05:40:00,0.0,0.1088
110,2023-01-13 05:45:00,0.0,0.0967
111,2023-01-14 11:25:00,0.0,0.0422
111,2023-01-14 11:30:00,0.0,0.0551
111,2023-01-14 11:35:00,0.0,0.0721
111,2023-01-14 11:40:00,0.0376,0.0666
111,2023-01-14 11:45:00,0.0,0.0635
111,2023-01-14 11:50:00,0.0,0.0895
111,2023-01-14 11:55:00,0.0,0.082
111,2023-01-14 12:00:00,0.0,0.0764
111,2023-01-14 12:05:00,0.0,0.0539
111,2023-01-14 12:10:00,0.0,0.0654
111,2023-01-14 12:15:00,0.0,0.0708
111,2023-01-14 12:20:00,0.0,0.0968
111,2023-01-14 12:25:00,0.0,0.0723
111,2023-01-14 12:30:00,0.0,0.0692
111,2023-01-14 12:35:00,0.0,0.0592
111,2023-01-14 12:40:00,0.0,0.0797
111,2023-01-14 12:45:00,0.0,0.0641
111,2023-01-14 12:50:00,0.0,0.0701
111,2023-01-14 12:55:00,0.0,0.0566
111,2023-01-14 13:00:00,0.0,0.0705
111,2023-01-14 13:05:00,0.0,0.0865
111,2023-01-14 13:10:00,0.0,0.051
111,2023-01-14 13:15:00,0.0,0.0484
111,2023-01-14 13:20:00,0.0,0.0804
111,2023-01-14 13:25:00,0.0,0.0739
111,2023-01-14 13:30:00,0.0,0.0803
111,2023-01-14 13:35:00,0.0,0.0643
111,2023-01-14 13:40:00,0.0,0.0508
111,2023-01-14 13:45:00,0.0,0.0727
111,2023-01-14 13:50:00,0.0,0.0617
111,2023-01-14 13:55:00,0.0,0.0777
111,2023-01-14 14:00:00,0.0,0.0806
111,2023-01-14 14:05:00,0.0,0.0576
111,2023-01-14 14:10:00,0.0,0.0486
111,2023-01-14 14:15:00,0.0,0.0825
111,2023-01-14 14:20:00,0.0,0.061
111,2023-01-14 14:25:00,0.0,0.07
111,2023-01-14 14:30:00,0.0,0.0439
111,2023-01-14 14:35:00,0.0,0.0509
111,2023-01-14 14:40:00,0.0,0.0514
112,2023-01-16 14:40:00,0.0,0.0168
112,2023-01-16 14:45:00,0.0,0.0323
112,2023-01-16 14:50:00,0.002,0.0543
112,2023-01-16 14:55:00,0.005,0.0453
112,2023-01-16 15:00:00,0.005,0.0548
112,2023-01-16 15:05:00,0.004,0.0448
112,2023-01-16 15:10:00,0.002,0.0588
112,2023-01-16 15:15:00,0.001,0.0628
112,2023-01-16 15:20:00,0.002,0.0458
112,2023-01-16 15:25:00,0.003,0.0423
112,2023-01-16 15:30:00,0.003,0.0363
112,2023-01-16 15:35:00,0.004,0.0348
112,2023-01-16 15:40:00,0.003,0.0462
112,2023-01-16 15:45:00,0.004,0.0392
112,2023-01-16 15:50:00,0.005,0.0887
112,2023-01-16 15:55:00,0.004,0.0847
112,2023-01-16 16:00:00,0.001,0.0857
112,2023-01-16 16:05:00,0.001,0.0922
112,2023-01-16 16:10:00,0.003,0.0727
112,2023-01-16 16:15:00,0.004,0.0637
112,2023-01-16 16:20:00,0.006,0.1017
112,2023-01-16 16:25:00,0.009,0.0832
112,2023-01-16 16:30:00,0.009,0.0727
112,2023-01-16 16:35:00,0.007,0.0836
112,2023-01-16 16:40:00,0.004,0.0896
112,2023-01-16 16:45:00,0.002,0.1181
112,2023-01-16 16:50:00,0.001,0.1316
112,2023-01-16 16:55:00,0.001,0.1921
112,2023-01-16 17:00:00,0.0,0.2121
112,2023-01-16 17:05:00,0.0,0.1936
112,2023-01-16 17:10:00,0.0,0.1711
112,2023-01-16 17:15:00,0.0,0.1651
112,2023-01-16 17:20:00,0.0,0.1611
112,2023-01-16 17:25:00,0.0,0.1651
112,2023-01-16 17:30:00,0.0,0.1526
112,2023-01-16 17:35:00,0.0,0.1275
112,2023-01-16 17:40:00,0.0,0.137
112,2023-01-16 17:45:00,0.001,0.1195
112,2023-01-16 17:50:00,0.004,0.13
112,2023-01-16 17:55:00,0.004,0.144
112,2023-01-16 18:00:00,0.002,0.128
112,2023-01-16 18:05:00,0.005,0.1125
112,2023-01-16 18:10:00,0.011,0.1185
112,2023-01-16 18:15:00,0.007,0.113
112,2023-01-16 18:20:00,0.001,0.1155
112,2023-01-16 18:25:00,0.0,0.12
112,2023-01-16 18:30:00,0.0,0.1649
112,2023-01-16 18:35:00,0.0,0.1734
112,2023-01-16 18:40:00,0.0,0.1834
112,2023-01-16 18:45:00,0.0,0.1854
112,2023-01-16 18:50:00,0.001,0.2104
112,2023-01-16 18:55:00,0.002,0.1619
112,2023-01-16 19:00:00,0.001,0.1874
112,2023-01-16 19:05:00,0.0,0.1819
112,2023-01-16 19:10:00,0.0,0.1854
112,2023-01-16 19:15:00,0.0,0.1724
112,2023-01-16 19:20:00,0.0,0.1619
112,2023-01-16 19:25:00,0.0,0.1754
112,2023-01-16 19:30:00,0.0,0.1763
112,2023-01-16 19:35:00,0.0,0.1768
112,2023-01-16 19:40:00,0.0,0.1543
112,2023-01-16 19:45:00,0.0,0.1753
112,2023-01-16 19:50:00,0.0,0.1808
112,2023-01-16 19:55:00,0.0,0.1748
112,2023-01-16 20:00:00,0.0,0.1553
112,2023-01-16 20:05:00,0.0,0.1483
112,2023-01-16 20:10:00,0.0,0.1443
112,2023-01-16 20:15:00,0.0,0.1618
112,2023-01-16 20:20:00,0.0,0.1401
112,2023-01-16 20:25:00,0.0,0.1482
112,2023-01-16 20:30:00,0.0,0.1452
112,2023-01-16 20:35:00,0.0,0.1737
112,2023-01-16 20:40:00,0.0,0.136
112,2023-01-16 20:45:00,0.0,0.1387
112,2023-01-16 20:50:00,0.0,0.1142
112,2023-01-16 20:55:00,0.0,0.1232
112,2023-01-16 21:00:00,0.0,0.1317
112,2023-01-16 21:05:00,0.0,0.1077
112,2023-01-16 21:10:00,0.0,0.1047
112,2023-01-16 21:15:00,0.0,0.1117
112,2023-01-16 21:20:00,0.0,0.1072
113,2023-01-18 14:40:00,0.002,0.0202
113,2023-01-18 14:45:00,0.001,0.0097
113,2023-01-18 14:50:00,0.002,0.0267
113,2023-01-18 14:55:00,0.004,-0.0134
113,2023-01-18 15:00:00,0.006,-0.0074
113,2023-01-18 15:05:00,0.005,-0.002
113,2023-01-18 15:10:00,0.003,-0.0161
113,2023-01-18 15:15:00,0.003,0.003
113,2023-01-18 15:20:00,0.003,-0.0146
113,2023-01-18 15:25:00,0.001,-0.0131
113,2023-01-18 15:30:00,0.0,0.0073
113,2023-01-18 15:35:00,0.0,0.0188
113,2023-01-18 15:40:00,0.0,-0.0023
113,2023-01-18 15:45:00,0.0,0.0057
113,2023-01-18 15:50:00,0.0,0.0186
113,2023-01-18 15:55:00,0.0,0.0422
113,2023-01-18 16:00:00,0.0,0.0246
113,2023-01-18 16:05:00,0.0,0.0451
113,2023-01-18 16:10:00,0.0,0.0395
113,2023-01-18 16:15:00,0.0,0.043
113,2023-01-18 16:20:00,0.0,0.031
113,2023-01-18 16:25:00,0.0,0.0288
113,2023-01-18 16:30:00,0.0,0.0369
113,2023-01-18 16:35:00,0.0,0.0388
113,2023-01-18 16:40:00,0.0,0.0288
113,2023-01-18 16:45:00,0.0,0.0263
113,2023-01-18 16:50:00,0.0,0.0336
113,2023-01-18 16:55:00,0.0,0.0267
113,2023-01-18 17:00:00,0.0,0.0196
113,2023-01-18 17:05:00,0.0,0.0281
113,2023-01-18 17:10:00,0.0,0.0086
113,2023-01-18 17:15:00,0.0,-0.0096
113,2023-01-18 17:20:00,0.0,0.0165
113,2023-01-18 17:25:00,0.0,-0.0016
113,2023-01-18 17:30:00,0.0,0.0164
113,2023-01-18 17:35:00,0.0,0.0069
113,2023-01-18 17:40:00,0.0,0.0363
113,2023-01-18 17:45:00,0.0,0.0363
113,2023-01-18 17:50:00,0.0,0.0382
113,2023-01-18 17:55:00,0.0,0.0292
113,2023-01-18 18:00:00,0.0,0.0362
113,2023-01-18 18:05:00,0.0,0.0286
113,2023-01-18 18:10:00,0.0,0.0176
113,2023-01-18 18:15:00,0.0,0.0345
113,2023-01-18 18:20:00,0.0,0.0395
113,2023-01-18 18:25:00,0.0,0.0509
113,2023-01-18 18:30:00,0.0,0.0604
113,2023-01-18 18:35:00,0.0,0.0374
113,2023-01-18 18:40:00,0.001,0.0504
113,2023-01-18 18:45:00,0.001,0.0233
113,2023-01-18 18:50:00,0.001,0.0433
113,2023-01-18 18:55:00,0.001,0.0422
113,2023-01-18 19:00:00,0.0,0.0442
113,2023-01-18 19:05:00,0.001,0.0172
113,2023-01-18 19:10:00,0.002,0.0111
113,2023-01-18 19:15:00,0.002,0.0251
113,2023-01-18 19:20:00,0.002,0.011
113,2023-01-18 19:25:00,0.003,-0.001
113,2023-01-18 19:30:00,0.003,0.005
113,2023-01-18 19:35:00,0.003,0.0199
113,2023-01-18 19:40:00,0.004,0.0199
113,2023-01-18 19:45:00,0.004,0.0208
113,2023-01-18 19:50:00,0.002,0.0568
113,2023-01-18 19:55:00,0.001,0.0378
113,2023-01-18 20:00:00,0.002,0.0547
113,2023-01-18 20:05:00,0.001,0.0467
113,2023-01-18 20:10:00,0.0,0.0416
113,2023-01-18 20:15:00,0.0,0.0486
113,2023-01-18 20:20:00,0.0,0.0716
113,2023-01-18 20:25:00,0.002,0.0785
113,2023-01-18 20:30:00,0.007,0.0895
113,2023-01-18 20:35:00,0.013,0.0794
113,2023-01-18 20:40:00,0.013,0.0804
113,2023-01-18 20:45:00,0.011,0.0884
113,2023-01-18 20:50:00,0.012,0.0663
113,2023-01-18 20:55:00,0.018,0.0473
113,2023-01-18 21:00:00,0.025,0.0613
113,2023-01-18 21:05:00,0.017,0.0742
113,2023-01-18 21:10:00,0.017,0.0882
113,2023-01-18 21:15:00,0.017,0.1411
113,2023-01-18 21:20:00,0.014,0.2351
113,2023-01-18 21:25:00,0.01,0.2501
113,2023-01-18 21:30:00,0.008,0.338
113,2023-01-18 21:35:00,0.005,0.3618
113,2023-01-18 21:40:00,0.002,0.3511
113,2023-01-18 21:45:00,0.002,0.2909
113,2023-01-18 21:50:00,0.003,0.3669
113,2023-01-18 21:55:00,0.003,0.3518
113,2023-01-18 22:00:00,0.002,0.3258
113,2023-01-18 22:05:00,0.005,0.2877
113,2023-01-18 22:10:00,0.006,0.3267
113,2023-01-18 22:15:00,0.004,0.3087
113,2023-01-18 22:20:00,0.001,0.2526
113,2023-01-18 22:25:00,0.002,0.2806
113,2023-01-18 22:30:00,0.004,0.2975
113,2023-01-18 22:35:00,0.004,0.3005
113,2023-01-18 22:40:00,0.003,0.3085
113,2023-01-18 22:45:00,0.004,0.3244
113,2023-01-18 22:50:00,0.005,0.3164
113,2023-01-18 22:55:00,0.004,0.2963
113,2023-01-18 23:00:00,0.006,0.2882
113,2023-01-18 23:05:00,0.009,0.2837
113,2023-01-18 23:10:00,0.012,0.2992
113,2023-01-18 23:15:00,0.008,0.2792
113,2023-01-18 23:20:00,0.003,0.2691
113,2023-01-18 23:25:00,0.001,0.2891
113,2023-01-18 23:30:00,0.001,0.3371
113,2023-01-18 23:35:00,0.004,0.356
113,2023-01-18 23:40:00,0.006,0.389
113,2023-01-18 23:45:00,0.003,0.387
113,2023-01-18 23:50:00,0.0,0.3539
113,2023-01-18 23:55:00,0.0,0.3359
113,2023-01-19 00:00:00,0.0,0.3428
113,2023-01-19 00:05:00,0.0,0.3508
113,2023-01-19 00:10:00,0.0,0.3398
113,2023-01-19 00:15:00,0.0,0.3437
113,2023-01-19 00:20:00,0.0,0.3457
113,2023-01-19 00:25:00,0.0,0.3076
113,2023-01-19 00:30:00,0.001,0.3286
113,2023-01-19 00:35:00,0.003,0.3146
113,2023-01-19 00:40:00,0.001,0.3195
113,2023-01-19 00:45:00,0.0,0.3005
113,2023-01-19 00:50:00,0.0,0.3314
113,2023-01-19 00:55:00,0.0,0.3174
113,2023-01-19 01:00:00,0.0,0.2974
113,2023-01-19 01:05:00,0.0,0.2943
113,2023-01-19 01:10:00,0.0,0.2943
113,2023-01-19 01:15:00,0.0,0.2942
113,2023-01-19 01:20:00,0.0,0.3012
113,2023-01-19 01:25:00,0.001,0.2832
113,2023-01-19 01:30:00,0.003,0.2721
113,2023-01-19 01:35:00,0.004,0.2967
113,2023-01-19 01:40:00,0.006,0.292
113,2023-01-19 01:45:00,0.01,0.282
113,2023-01-19 01:50:00,0.007,0.29
113,2023-01-19 01:55:00,0.005,0.2889
113,2023-01-19 02:00:00,0.008,0.2909
113,2023-01-19 02:05:00,0.008,0.2938
113,2023-01-19 02:10:00,0.002,0.3458
113,2023-01-19 02:15:00,0.0,0.3438
113,2023-01-19 02:20:00,0.0,0.3647
113,2023-01-19 02:25:00,0.0,0.3637
113,2023-01-19 02:30:00,0.0,0.3667
113,2023-01-19 02:35:00,0.0,0.3836
113,2023-01-19 02:40:00,0.0,0.3716
113,2023-01-19 02:45:00,0.0,0.3515
113,2023-01-19 02:50:00,0.0,0.3495
113,2023-01-19 02:55:00,0.001,0.3545
113,2023-01-19 03:00:00,0.008,0.3424
113,2023-01-19 03:05:00,0.015,0.3304
113,2023-01-19 03:10:00,0.011,0.3343
113,2023-01-19 03:15:00,0.008,0.3413
113,2023-01-19 03:20:00,0.012,0.3383
113,2023-01-19 03:25:00,0.012,0.3562
113,2023-01-19 03:30:00,0.008,0.4092
113,2023-01-19 03:35:00,0.004,0.4511
113,2023-01-19 03:40:00,0.0,0.5321
113,2023-01-19 03:45:00,0.0,0.5251
113,2023-01-19 03:50:00,0.0,0.512
113,2023-01-19 03:55:00,0.0,0.509
113,2023-01-19 04:00:00,0.0,0.4789
113,2023-01-19 04:05:00,0.0,0.4979
113,2023-01-19 04:10:00,0.0,0.4659
113,2023-01-19 04:15:00,0.0,0.4848
113,2023-01-19 04:20:00,0.001,0.4748
113,2023-01-19 04:25:00,0.001,0.4347
113,2023-01-19 04:30:00,0.0,0.5034
113,2023-01-19 04:35:00,0.0,0.4347
113,2023-01-19 04:40:00,0.0,0.4536
113,2023-01-19 04:45:00,0.0,0.4386
113,2023-01-19 04:50:00,0.0,0.4226
113,2023-01-19 04:55:00,0.0,0.4455
113,2023-01-19 05:00:00,0.0,0.4225
113,2023-01-19 05:05:00,0.0,0.3984
113,2023-01-19 05:10:00,0.0,0.3884
113,2023-01-19 05:15:00,0.0,0.3974
113,2023-01-19 05:20:00,0.0,0.4021
113,2023-01-19 05:25:00,0.0,0.3818
113,2023-01-19 05:30:00,0.0,0.4222
113,2023-01-19 05:35:00,0.0,0.3542
113,2023-01-19 05:40:00,0.0,0.3942
113,2023-01-19 05:45:00,0.0,0.3791
113,2023-01-19 05:50:00,0.0,0.3731
113,2023-01-19 05:55:00,0.0,0.366
113,2023-01-19 06:00:00,0.0,0.341
113,2023-01-19 06:05:00,0.0,0.392
113,2023-01-19 06:10:00,0.0,0.3409
113,2023-01-19 06:15:00,0.0,0.3749
113,2023-01-19 06:20:00,0.0,0.3558
113,2023-01-19 06:25:00,0.0,0.3358
113,2023-01-19 06:30:00,0.0,0.3598
113,2023-01-19 06:35:00,0.0,0.3467
113,2023-01-19 06:40:00,0.0,0.3677
113,2023-01-19 06:45:00,0.0,0.3696
113,2023-01-19 06:50:00,0.0,0.3516
113,2023-01-19 06:55:00,0.0,0.3416
113,2023-01-19 07:00:00,0.0,0.3555
113,2023-01-19 07:05:00,0.0,0.3905
113,2023-01-19 07:10:00,0.0,0.3554
113,2023-01-19 07:15:00,0.0,0.3894
113,2023-01-19 07:20:00,0.0,0.4034
113,2023-01-19 07:25:00,0.0,0.3363
113,2023-01-19 07:30:00,0.0,0.3653
113,2023-01-19 07:35:00,0.0,0.3713
113,2023-01-19 07:40:00,0.0,0.3772
113,2023-01-19 07:45:00,0.0,0.3472
113,2023-01-19 07:50:00,0.0,0.3581
113,2023-01-19 07:55:00,0.0,0.3021
113,2023-01-19 08:00:00,0.0,0.3361
113,2023-01-19 08:05:00,0.0,0.375
113,2023-01-19 08:10:00,0.0,0.403
113,2023-01-19 08:15:00,0.0,0.3649
113,2023-01-19 08:20:00,0.0,0.3269
113,2023-01-19 08:25:00,0.0,0.3289
113,2023-01-19 08:30:00,0.0,0.2728
113,2023-01-19 08:35:00,0.0,0.3348
113,2023-01-19 08:40:00,0.0,0.3357
113,2023-01-19 08:45:00,0.0,0.3417
113,2023-01-19 08:50:00,0.0,0.3037
113,2023-01-19 08:55:00,0.0,0.2996
113,2023-01-19 09:00:00,0.0,0.3116
113,2023-01-19 09:05:00,0.0,0.2735
113,2023-01-19 09:10:00,0.0,0.3225
113,2023-01-19 09:15:00,0.0,0.2945
113,2023-01-19 09:20:00,0.0,0.2944
113,2023-01-19 09:25:00,0.0,0.2904
113,2023-01-19 09:30:00,0.0,0.2913
113,2023-01-19 09:35:00,0.0,0.2833
113,2023-01-19 09:40:00,0.0,0.3173
113,2023-01-19 09:45:00,0.0,0.2822
113,2023-01-19 09:50:00,0.0,0.2932
113,2023-01-19 09:55:00,0.0,0.3052
113,2023-01-19 10:00:00,0.0,0.3061
113,2023-01-19 10:05:00,0.0,0.2801
113,2023-01-19 10:10:00,0.0,0.306
113,2023-01-19 10:15:00,0.0,0.289
113,2023-01-19 10:20:00,0.0,0.289
113,2023-01-19 10:25:00,0.0,0.2999
113,2023-01-19 10:30:00,0.0,0.2949
113,2023-01-19 10:35:00,0.0,0.2598
113,2023-01-19 10:40:00,0.0,0.2548
113,2023-01-19 10:45:00,0.0,0.2798
113,2023-01-19 10:50:00,0.1127,0.2847
113,2023-01-19 10:55:00,0.0,0.3007
113,2023-01-19 11:00:00,0.0,0.2886
113,2023-01-19 11:05:00,0.0,0.2776
113,2023-01-19 11:10:00,0.0,0.2616
113,2023-01-19 11:15:00,0.0,0.2945
113,2023-01-19 11:20:00,0.0,0.2645
113,2023-01-19 11:25:00,0.0,0.2654
113,2023-01-19 11:30:00,0.0,0.2584
113,2023-01-19 11:35:00,0.0,0.2998
113,2023-01-19 11:40:00,0.0,0.2363
113,2023-01-19 11:45:00,0.0,0.2479
113,2023-01-19 11:50:00,0.0,0.2362
113,2023-01-19 11:55:00,0.0,0.2762
113,2023-01-19 12:00:00,0.0,0.2322
113,2023-01-19 12:05:00,0.0,0.2381
113,2023-01-19 12:10:00,0.0,0.2631
113,2023-01-19 12:15:00,0.0,0.298
113,2023-01-19 12:20:00,0.0,0.261
113,2023-01-19 12:25:00,0.0,0.265
113,2023-01-19 12:30:00,0.0,0.2259
113,2023-01-19 12:35:00,0.0,0.2889
113,2023-01-19 12:40:00,0.0,0.2749
113,2023-01-19 12:45:00,0.0,0.2518
113,2023-01-19 12:50:00,0.0,0.2628
113,2023-01-19 12:55:00,0.0,0.2397
113,2023-01-19 13:00:00,0.0,0.2237
113,2023-01-19 13:05:00,0.0,0.1967
113,2023-01-19 13:10:00,0.0,0.2226
113,2023-01-19 13:15:00,0.0,0.2166
113,2023-01-19 13:20:00,0.0,0.2635
113,2023-01-19 13:25:00,0.0,0.2535
113,2023-01-19 13:30:00,0.0,0.2297
113,2023-01-19 13:35:00,0.0,0.2544
113,2023-01-19 13:40:00,0.0,0.2444
113,2023-01-19 13:45:00,0.0,0.2533
113,2023-01-19 13:50:00,0.0,0.2213
113,2023-01-19 13:55:00,0.0,0.2263
113,2023-01-19 14:00:00,0.0,0.1942
113,2023-01-19 14:05:00,0.0,0.2362
113,2023-01-19 14:10:00,0.0,0.2321
113,2023-01-19 14:15:00,0.0,0.1961
113,2023-01-19 14:20:00,0.0,0.2031
113,2023-01-19 14:25:00,0.0,0.216
113,2023-01-19 14:30:00,0.0,0.235
113,2023-01-19 14:35:00,0.0,0.2199
113,2023-01-19 14:40:00,0.0,0.2419
113,2023-01-19 14:45:00,0.0,0.2279
113,2023-01-19 14:50:00,0.0,0.2422
113,2023-01-19 14:55:00,0.0,0.2348
113,2023-01-19 15:00:00,0.0,0.2368
113,2023-01-19 15:05:00,0.0,0.2057
113,2023-01-19 15:10:00,0.0,0.1987
113,2023-01-19 15:15:00,0.0,0.1886
113,2023-01-19 15:20:00,0.0,0.1746
113,2023-01-19 15:25:00,0.0,0.1946
113,2023-01-19 15:30:00,0.0,0.2005
113,2023-01-19 15:35:00,0.0,0.2265
113,2023-01-19 15:40:00,0.0,0.2064
113,2023-01-19 15:45:00,0.0,0.2244
113,2023-01-19 15:50:00,0.0,0.2214
113,2023-01-19 15:55:00,0.0,0.2073
113,2023-01-19 16:00:00,0.0,0.2013
113,2023-01-19 16:05:00,0.0,0.2222
113,2023-01-19 16:10:00,0.0,0.1782
113,2023-01-19 16:15:00,0.0,0.1882
113,2023-01-19 16:20:00,0.0,0.1851
113,2023-01-19 16:25:00,0.0,0.1971
113,2023-01-19 16:30:00,0.0,0.175
113,2023-01-19 16:35:00,0.0,0.183
113,2023-01-19 16:40:00,0.0,0.171
113,2023-01-19 16:45:00,0.0,0.1729
113,2023-01-19 16:50:00,0.0,0.1789
113,2023-01-19 16:55:00,0.0,0.1958
113,2023-01-19 17:00:00,0.0,0.1868
113,2023-01-19 17:05:00,0.0,0.1748
113,2023-01-19 17:10:00,0.0,0.1937
113,2023-01-19 17:15:00,0.0,0.1857
113,2023-01-19 17:20:00,0.0,0.1986
113,2023-01-19 17:25:00,0.0,0.1906
113,2023-01-19 17:30:00,0.0,0.2026
113,2023-01-19 17:35:00,0.0,0.1935
113,2023-01-19 17:40:00,0.0,0.1955
113,2023-01-19 17:45:00,0.0,0.1805
113,2023-01-19 17:50:00,0.0,0.1524
113,2023-01-19 17:55:00,0.0,0.1574
113,2023-01-19 18:00:00,0.0,0.1863
113,2023-01-19 18:05:00,0.0,0.1823
113,2023-01-19 18:10:00,0.0,0.1683
113,2023-01-19 18:15:00,0.0,0.1882
113,2023-01-19 18:20:00,0.0,0.1552
113,2023-01-19 18:25:00,0.0,0.1761
113,2023-01-19 18:30:00,0.0,0.1622
113,2023-01-19 18:35:00,0.0,0.1751
113,2023-01-19 18:40:00,0.0,0.163
113,2023-01-19 18:45:00,0.0,0.157
113,2023-01-19 18:50:00,0.0,0.1589
113,2023-01-19 18:55:00,0.0,0.1699
113,2023-01-19 19:00:00,0.0,0.2039
113,2023-01-19 19:05:00,0.0,0.1778
113,2023-01-19 19:10:00,0.0,0.1778
113,2023-01-19 19:15:00,0.0,0.1797
113,2023-01-19 19:20:00,0.0,0.1937
113,2023-01-19 19:25:00,0.0,0.1967
113,2023-01-19 19:30:00,0.0,0.2006
113,2023-01-19 19:35:00,0.0,0.1866
113,2023-01-19 19:40:00,0.0,0.1875
113,2023-01-19 19:45:00,0.0,0.1835
113,2023-01-19 19:50:00,0.0,0.171
113,2023-01-19 19:55:00,0.0,0.1704
113,2023-01-19 20:00:00,0.0,0.1634
113,2023-01-19 20:05:00,0.0,0.1683
113,2023-01-19 20:10:00,0.0,0.2073
113,2023-01-19 20:15:00,0.0,0.1653
113,2023-01-19 20:20:00,0.0,0.1892
113,2023-01-19 20:25:00,0.0,0.1702
113,2023-01-19 20:30:00,0.0,0.1732
113,2023-01-19 20:35:00,0.0,0.1931
113,2023-01-19 20:40:00,0.0,0.1641
113,2023-01-19 20:45:00,0.0,0.169
113,2023-01-19 20:50:00,0.0,0.157
113,2023-01-19 20:55:00,0.0,0.197
113,2023-01-19 21:00:00,0.0,0.1729
113,2023-01-19 21:05:00,0.0,0.1749
113,2023-01-19 21:10:00,0.0,0.1918
113,2023-01-19 21:15:00,0.0,0.1658
113,2023-01-19 21:20:00,0.0,0.1598
113,2023-01-19 21:25:00,0.0,0.1527
113,2023-01-19 21:30:00,0.0,0.1537
113,2023-01-19 21:35:00,0.0,0.1506
113,2023-01-19 21:40:00,0.0,0.1436
113,2023-01-19 21:45:00,0.0,0.1526
113,2023-01-19 21:50:00,0.0,0.1375
113,2023-01-19 21:55:00,0.0,0.0995
113,2023-01-19 22:00:00,0.0,0.1214
113,2023-01-19 22:05:00,0.0,0.1114
113,2023-01-19 22:10:00,0.0,0.1194
113,2023-01-19 22:15:00,0.0,0.1263
113,2023-01-19 22:20:00,0.0,0.1183
113,2023-01-19 22:25:00,0.0,0.1612
113,2023-01-19 22:30:00,0.0,0.1492
113,2023-01-19 22:35:00,0.0,0.1492
113,2023-01-19 22:40:00,0.0,0.1351
113,2023-01-19 22:45:00,0.0,0.1381
113,2023-01-19 22:50:00,0.0,0.1381
113,2023-01-19 22:55:00,0.0,0.159
113,2023-01-19 23:00:00,0.0,0.147
113,2023-01-19 23:05:00,0.0,0.1349
113,2023-01-19 23:10:00,0.0,0.1379
113,2023-01-19 23:15:00,0.0,0.1279
113,2023-01-19 23:20:00,0.0,0.1358
113,2023-01-19 23:25:00,0.0,0.1248
113,2023-01-19 23:30:00,0.0377,0.1147
113,2023-01-19 23:35:00,0.0,0.1167
113,2023-01-19 23:40:00,0.0,0.1197
113,2023-01-19 23:45:00,0.0,0.111
113,2023-01-19 23:50:00,0.0,0.1226
113,2023-01-19 23:55:00,0.0,0.1285
113,2023-01-20 00:00:00,0.0,0.1205
113,2023-01-20 00:05:00,0.0,0.1165
113,2023-01-20 00:10:00,0.0,0.1134
113,2023-01-20 00:15:00,0.0,0.1204
113,2023-01-20 00:20:00,0.0,0.1323
113,2023-01-20 00:25:00,0.0,0.1263
113,2023-01-20 00:30:00,0.0,0.1113
113,2023-01-20 00:35:00,0.0,0.1252
113,2023-01-20 00:40:00,0.0,0.1292
113,2023-01-20 00:45:00,0.0,0.1221
113,2023-01-20 00:50:00,0.0,0.1311
113,2023-01-20 00:55:00,0.0,0.1491
113,2023-01-20 01:00:00,0.0,0.122
113,2023-01-20 01:05:00,0.0,0.113
113,2023-01-20 01:10:00,0.0,0.1199
113,2023-01-20 01:15:00,0.0,0.1149
113,2023-01-20 01:20:00,0.0,0.1129
113,2023-01-20 01:25:00,0.0,0.1078
113,2023-01-20 01:30:00,0.0,0.1038
113,2023-01-20 01:35:00,0.0,0.1128
113,2023-01-20 01:40:00,0.0,0.1097
113,2023-01-20 01:45:00,0.0,0.1227
113,2023-01-20 01:50:00,0.0,0.1156
113,2023-01-20 01:55:00,0.0,0.1056
114,2023-01-19 10:35:00,0.0,0.2598
114,2023-01-19 10:40:00,0.0,0.2548
114,2023-01-19 10:45:00,0.0,0.2798
114,2023-01-19 10:50:00,0.1127,0.2847
114,2023-01-19 10:55:00,0.0,0.3007
114,2023-01-19 11:00:00,0.0,0.2886
114,2023-01-19 11:05:00,0.0,0.2776
114,2023-01-19 11:10:00,0.0,0.2616
114,2023-01-19 11:15:00,0.0,0.2945
114,2023-01-19 11:20:00,0.0,0.2645
114,2023-01-19 11:25:00,0.0,0.2654
114,2023-01-19 11:30:00,0.0,0.2584
114,2023-01-19 11:35:00,0.0,0.2998
114,2023-01-19 11:40:00,0.0,0.2363
114,2023-01-19 11:45:00,0.0,0.2479
114,2023-01-19 11:50:00,0.0,0.2362
114,2023-01-19 11:55:00,0.0,0.2762
114,2023-01-19 12:00:00,0.0,0.2322
114,2023-01-19 12:05:00,0.0,0.2381
114,2023-01-19 12:10:00,0.0,0.2631
114,2023-01-19 12:15:00,0.0,0.298
114,2023-01-19 12:20:00,0.0,0.261
114,2023-01-19 12:25:00,0.0,0.265
114,2023-01-19 12:30:00,0.0,0.2259
114,2023-01-19 12:35:00,0.0,0.2889
114,2023-01-19 12:40:00,0.0,0.2749
114,2023-01-19 12:45:00,0.0,0.2518
114,2023-01-19 12:50:00,0.0,0.2628
114,2023-01-19 12:55:00,0.0,0.2397
114,2023-01-19 13:00:00,0.0,0.2237
114,2023-01-19 13:05:00,0.0,0.1967
114,2023-01-19 13:10:00,0.0,0.2226
114,2023-01-19 13:15:00,0.0,0.2166
114,2023-01-19 13:20:00,0.0,0.2635
114,2023-01-19 13:25:00,0.0,0.2535
114,2023-01-19 13:30:00,0.0,0.2297
114,2023-01-19 13:35:00,0.0,0.2544
114,2023-01-19 13:40:00,0.0,0.2444
114,2023-01-19 13:45:00,0.0,0.2533
114,2023-01-19 13:50:00,0.0,0.2213
115,2023-01-19 23:15:00,0.0,0.1279
115,2023-01-19 23:20:00,0.0,0.1358
115,2023-01-19 23:25:00,0.0,0.1248
115,2023-01-19 23:30:00,0.0377,0.1147
115,2023-01-19 23:35:00,0.0,0.1167
115,2023-01-19 23:40:00,0.0,0.1197
115,2023-01-19 23:45:00,0.0,0.111
115,2023-01-19 23:50:00,0.0,0.1226
115,2023-01-19 23:55:00,0.0,0.1285
115,2023-01-20 00:00:00,0.0,0.1205
115,2023-01-20 00:05:00,0.0,0.1165
115,2023-01-20 00:10:00,0.0,0.1134
115,2023-01-20 00:15:00,0.0,0.1204
115,2023-01-20 00:20:00,0.0,0.1323
115,2023-01-20 00:25:00,0.0,0.1263
115,2023-01-20 00:30:00,0.0,0.1113
115,2023-01-20 00:35:00,0.0,0.1252
115,2023-01-20 00:40:00,0.0,0.1292
115,2023-01-20 00:45:00,0.0,0.1221
115,2023-01-20 00:50:00,0.0,0.1311
115,2023-01-20 00:55:00,0.0,0.1491
115,2023-01-20 01:00:00,0.0,0.122
115,2023-01-20 01:05:00,0.0,0.113
115,2023-01-20 01:10:00,0.0,0.1199
115,2023-01-20 01:15:00,0.0,0.1149
115,2023-01-20 01:20:00,0.0,0.1129
115,2023-01-20 01:25:00,0.0,0.1078
115,2023-01-20 01:30:00,0.0,0.1038
115,2023-01-20 01:35:00,0.0,0.1128
115,2023-01-20 01:40:00,0.0,0.1097
115,2023-01-20 01:45:00,0.0,0.1227
115,2023-01-20 01:50:00,0.0,0.1156
115,2023-01-20 01:55:00,0.0,0.1056
115,2023-01-20 02:00:00,0.0,0.0866
115,2023-01-20 02:05:00,0.0,0.0945
115,2023-01-20 02:10:00,0.0,0.0685
115,2023-01-20 02:15:00,0.0,0.0854
115,2023-01-20 02:20:00,0.0,0.0924
115,2023-01-20 02:25:00,0.0,0.1014
115,2023-01-20 02:30:00,0.0,0.0893
116,2023-01-22 13:50:00,0.0,0.0913
116,2023-01-22 13:55:00,0.0,0.0912
116,2023-01-22 14:00:00,0.0,0.0922
116,2023-01-22 14:05:00,0.0377,0.0657
116,2023-01-22 14:10:00,0.0,0.1121
116,2023-01-22 14:15:00,0.0,0.0851
116,2023-01-22 14:20:00,0.0,0.1105
116,2023-01-22 14:25:00,0.0,0.094
116,2023-01-22 14:30:00,0.0,0.101
116,2023-01-22 14:35:00,0.0,0.1019
116,2023-01-22 14:40:00,0.0,0.0714
116,2023-01-22 14:45:00,0.0,0.0893
116,2023-01-22 14:50:00,0.0,0.0858
116,2023-01-22 14:55:00,0.0,0.0793
116,2023-01-22 15:00:00,0.0,0.0642
116,2023-01-22 15:05:00,0.0,0.0872
116,2023-01-22 15:10:00,0.0,0.0942
116,2023-01-22 15:15:00,0.0,0.0764
116,2023-01-22 15:20:00,0.0,0.0926
116,2023-01-22 15:25:00,0.0,0.062
116,2023-01-22 15:30:00,0.0,0.0605
116,2023-01-22 15:35:00,0.0,0.056
116,2023-01-22 15:40:00,0.0,0.0529
116,2023-01-22 15:45:00,0.0377,0.0274
116,2023-01-22 15:50:00,0.0,0.0228
116,2023-01-22 15:55:00,0.0,0.0418
116,2023-01-22 16:00:00,0.0,0.0334
116,2023-01-22 16:05:00,0.0,0.0411
116,2023-01-22 16:10:00,0.0,0.0446
116,2023-01-22 16:15:00,0.0377,0.0176
116,2023-01-22 16:20:00,0.0,0.0386
116,2023-01-22 16:25:00,0.0,0.0571
116,2023-01-22 16:30:00,0.0,0.0675
116,2023-01-22 16:35:00,0.0,0.053
116,2023-01-22 16:40:00,0.0,0.0655
116,2023-01-22 16:45:00,0.0,0.0689
116,2023-01-22 16:50:00,0.0,0.0574
116,2023-01-22 16:55:00,0.0,0.0563
116,2023-01-22 17:00:00,0.0,0.0378
116,2023-01-22 17:05:00,0.0,0.0338
116,2023-01-22 17:10:00,0.0377,0.0493
116,2023-01-22 17:15:00,0.0,0.0627
116,2023-01-22 17:20:00,0.0,0.0416
116,2023-01-22 17:25:00,0.0,0.0446
116,2023-01-22 17:30:00,0.0,0.0751
116,2023-01-22 17:35:00,0.0,0.07
116,2023-01-22 17:40:00,0.0,0.048
116,2023-01-22 17:45:00,0.0,0.0604
116,2023-01-22 17:50:00,0.0,0.0859
116,2023-01-22 17:55:00,0.0,0.0939
116,2023-01-22 18:00:00,0.0,0.0818
116,2023-01-22 18:05:00,0.0,0.0526
116,2023-01-22 18:10:00,0.0,0.0598
116,2023-01-22 18:15:00,0.0,0.0692
116,2023-01-22 18:20:00,0.0,0.0572
116,2023-01-22 18:25:00,0.0,0.0516
116,2023-01-22 18:30:00,0.0,0.0551
116,2023-01-22 18:35:00,0.0,0.0321
116,2023-01-22 18:40:00,0.0,0.0365
116,2023-01-22 18:45:00,0.0,0.103
116,2023-01-22 18:50:00,0.0,0.0929
116,2023-01-22 18:55:00,0.0,0.1174
116,2023-01-22 19:00:00,0.0,0.1009
116,2023-01-22 19:05:00,0.0,0.0603
116,2023-01-22 19:10:00,0.0,0.0783
116,2023-01-22 19:15:00,0.0,0.0728
116,2023-01-22 19:20:00,0.0,0.0762
116,2023-01-22 19:25:00,0.0,0.0637
116,2023-01-22 19:30:00,0.0,0.1108
116,2023-01-22 19:35:00,0.0,0.0797
116,2023-01-22 19:40:00,0.0,0.0721
116,2023-01-22 19:45:00,0.0,0.045
116,2023-01-22 19:50:00,0.0,0.0505
116,2023-01-22 19:55:00,0.0,0.0704
116,2023-01-22 20:00:00,0.0,0.0599
116,2023-01-22 20:05:00,0.0,0.0714
116,2023-01-22 20:10:00,0.0,0.0727
116,2023-01-22 20:15:00,0.0,0.0811
117,2023-01-23 09:15:00,0.0,0.0497
117,2023-01-23 09:20:00,0.0,0.0442
117,2023-01-23 09:25:00,0.0,0.0322
117,2023-01-23 09:30:00,0.0377,0.048
117,2023-01-23 09:35:00,0.0,0.0421
117,2023-01-23 09:40:00,0.0,0.0315
117,2023-01-23 09:45:00,0.0,0.0365
117,2023-01-23 09:50:00,0.0,0.055
117,2023-01-23 09:55:00,0.0,0.0654
117,2023-01-23 10:00:00,0.0,0.0714
117,2023-01-23 10:05:00,0.0,0.0829
117,2023-01-23 10:10:00,0.0,0.0627
117,2023-01-23 10:15:00,0.0,0.0428
117,2023-01-23 10:20:00,0.0,0.0547
117,2023-01-23 10:25:00,0.0,0.0892
117,2023-01-23 10:30:00,0.0,0.0867
117,2023-01-23 10:35:00,0.0,0.0611
117,2023-01-23 10:40:00,0.0,0.0596
117,2023-01-23 10:45:00,0.0,0.0645
117,2023-01-23 10:50:00,0.0,0.038
117,2023-01-23 10:55:00,0.0,0.0195
117,2023-01-23 11:00:00,0.0,0.0409
117,2023-01-23 11:05:00,0.0,0.0534
117,2023-01-23 11:10:00,0.0,0.0483
117,2023-01-23 11:15:00,0.0,0.0638
117,2023-01-23 11:20:00,0.0,0.0783
117,2023-01-23 11:25:00,0.0,0.0822
117,2023-01-23 11:30:00,0.0,0.0657
117,2023-01-23 11:35:00,0.0,0.0467
117,2023-01-23 11:40:00,0.0,0.0626
117,2023-01-23 11:45:00,0.0,0.0701
117,2023-01-23 11:50:00,0.0,0.0555
117,2023-01-23 11:55:00,0.0,0.0537
117,2023-01-23 12:00:00,0.0,0.0575
117,2023-01-23 12:05:00,0.0,0.0549
117,2023-01-23 12:10:00,0.0,0.0724
117,2023-01-23 12:15:00,0.0,0.0643
117,2023-01-23 12:20:00,0.0,0.0433
117,2023-01-23 12:25:00,0.0,0.0508
117,2023-01-23 12:30:00,0.0,0.0377
118,2023-01-24 10:50:00,0.0,0.0043
118,2023-01-24 10:55:00,0.0,0.0063
118,2023-01-24 11:00:00,0.0,0.0123
118,2023-01-24 11:05:00,0.0376,0.0807
118,2023-01-24 11:10:00,0.0,0.0423
118,2023-01-24 11:15:00,0.0,0.0476
118,2023-01-24 11:20:00,0.0,0.0351
118,2023-01-24 11:25:00,0.0,0.0251
118,2023-01-24 11:30:00,0.0,0.0314
118,2023-01-24 11:35:00,0.0,0.0106
118,2023-01-24 11:40:00,0.0,0.0207
118,2023-01-24 11:45:00,0.0,0.0054
118,2023-01-24 11:50:00,0.0,-0.0191
118,2023-01-24 11:55:00,0.0,-0.0015
118,2023-01-24 12:00:00,0.0,0.0128
118,2023-01-24 12:05:00,0.0,0.0089
118,2023-01-24 12:10:00,0.0,0.0061
118,2023-01-24 12:15:00,0.0,0.004
118,2023-01-24 12:20:00,0.0,0.0231
118,2023-01-24 12:25:00,0.0,0.0246
118,2023-01-24 12:30:00,0.0,0.0261
118,2023-01-24 12:35:00,0.0,0.037
118,2023-01-24 12:40:00,0.0,0.0505
118,2023-01-24 12:45:00,0.0376,0.0389
118,2023-01-24 12:50:00,0.0,0.0164
118,2023-01-24 12:55:00,0.0,0.024
118,2023-01-24 13:00:00,0.0,0.0172
118,2023-01-24 13:05:00,0.0,0.0148
118,2023-01-24 13:10:00,0.0,0.0152
118,2023-01-24 13:15:00,0.0,0.0107
118,2023-01-24 13:20:00,0.0,0.0317
118,2023-01-24 13:25:00,0.0,0.0354
118,2023-01-24 13:30:00,0.0,0.0501
118,2023-01-24 13:35:00,0.0,0.0456
118,2023-01-24 13:40:00,0.0,0.0105
118,2023-01-24 13:45:00,0.0,0.043
118,2023-01-24 13:50:00,0.0,0.0424
118,2023-01-24 13:55:00,0.0,0.0329
118,2023-01-24 14:00:00,0.0376,0.0454
118,2023-01-24 14:05:00,0.0,0.0823
118,2023-01-24 14:10:00,0.0,0.0961
118,2023-01-24 14:15:00,0.0,0.0722
118,2023-01-24 14:20:00,0.0,0.0557
118,2023-01-24 14:25:00,0.0,0.0526
118,2023-01-24 14:30:00,0.0,0.0581
118,2023-01-24 14:35:00,0.0,0.0847
118,2023-01-24 14:40:00,0.0,0.0804
118,2023-01-24 14:45:00,0.0,0.1095
118,2023-01-24 14:50:00,0.0,0.0835
118,2023-01-24 14:55:00,0.0,0.0974
118,2023-01-24 15:00:00,0.0,0.1069
118,2023-01-24 15:05:00,0.0376,0.1229
118,2023-01-24 15:10:00,0.0,0.1078
118,2023-01-24 15:15:00,0.0,0.1278
118,2023-01-24 15:20:00,0.0,0.1317
118,2023-01-24 15:25:00,0.0,0.1027
118,2023-01-24 15:30:00,0.0,0.0872
118,2023-01-24 15:35:00,0.0,0.1086
118,2023-01-24 15:40:00,0.0376,0.0951
118,2023-01-24 15:45:00,0.0,0.0985
118,2023-01-24 15:50:00,0.0,0.1115
118,2023-01-24 15:55:00,0.0,0.108
118,2023-01-24 16:00:00,0.0,0.1034
118,2023-01-24 16:05:00,0.0,0.0929
118,2023-01-24 16:10:00,0.0,0.0944
118,2023-01-24 16:15:00,0.0,0.1343
118,2023-01-24 16:20:00,0.0,0.0838
118,2023-01-24 16:25:00,0.0,0.1142
118,2023-01-24 16:30:00,0.0,0.0892
118,2023-01-24 16:35:00,0.0,0.1247
118,2023-01-24 16:40:00,0.0,0.0766
118,2023-01-24 16:45:00,0.0,0.0911
118,2023-01-24 16:50:00,0.0376,0.122
118,2023-01-24 16:55:00,0.0,0.0935
118,2023-01-24 17:00:00,0.0,0.094
118,2023-01-24 17:05:00,0.0,0.1029
118,2023-01-24 17:10:00,0.0,0.0844
118,2023-01-24 17:15:00,0.0,0.0973
118,2023-01-24 17:20:00,0.0,0.0942
118,2023-01-24 17:25:00,0.0,0.1
118,2023-01-24 17:30:00,0.0,0.0857
118,2023-01-24 17:35:00,0.0,0.1637
118,2023-01-24 17:40:00,0.0,0.0977
118,2023-01-24 17:45:00,0.0,0.1156
118,2023-01-24 17:50:00,0.0,0.1236
118,2023-01-24 17:55:00,0.0,0.1045
118,2023-01-24 18:00:00,0.0,0.1035
118,2023-01-24 18:05:00,0.0,0.088
118,2023-01-24 18:10:00,0.0,0.0899
118,2023-01-24 18:15:00,0.0,0.0999
118,2023-01-24 18:20:00,0.0,0.0753
118,2023-01-24 18:25:00,0.0,0.0858
118,2023-01-24 18:30:00,0.0,0.0968
118,2023-01-24 18:35:00,0.0,0.0852
118,2023-01-24 18:40:00,0.0,0.0957
118,2023-01-24 18:45:00,0.0,0.1602
118,2023-01-24 18:50:00,0.0,0.1371
118,2023-01-24 18:55:00,0.0,0.1176
118,2023-01-24 19:00:00,0.0,0.114
118,2023-01-24 19:05:00,0.0,0.085
118,2023-01-24 19:10:00,0.0,0.116
118,2023-01-24 19:15:00,0.0,0.0879
118,2023-01-24 19:20:00,0.0,0.0793
118,2023-01-24 19:25:00,0.0,0.0895
118,2023-01-24 19:30:00,0.0,0.0863
118,2023-01-24 19:35:00,0.0,0.0788
118,2023-01-24 19:40:00,0.0,0.1042
118,2023-01-24 19:45:00,0.0,0.1057
118,2023-01-24 19:50:00,0.0,0.0981
119,2023-01-25 00:35:00,0.0,0.0279
119,2023-01-25 00:40:00,0.001,0.0389
119,2023-01-25 00:45:00,0.001,0.0444
119,2023-01-25 00:50:00,0.003,0.0608
119,2023-01-25 00:55:00,0.006,0.0738
119,2023-01-25 01:00:00,0.008,0.0537
119,2023-01-25 01:05:00,0.009,0.0557
119,2023-01-25 01:10:00,0.011,0.0637
119,2023-01-25 01:15:00,0.013,0.0661
119,2023-01-25 01:20:00,0.014,0.0596
119,2023-01-25 01:25:00,0.013,0.0485
119,2023-01-25 01:30:00,0.012,0.064
119,2023-01-25 01:35:00,0.011,0.0615
119,2023-01-25 01:40:00,0.01,0.0384
119,2023-01-25 01:45:00,0.009,0.0469
119,2023-01-25 01:50:00,0.01,0.0604
119,2023-01-25 01:55:00,0.012,0.1088
119,2023-01-25 02:00:00,0.013,0.1293
119,2023-01-25 02:05:00,0.016,0.127
119,2023-01-25 02:10:00,0.017,0.1279
119,2023-01-25 02:15:00,0.017,0.1117
119,2023-01-25 02:20:00,0.015,0.1096
119,2023-01-25 02:25:00,0.013,0.1046
119,2023-01-25 02:30:00,0.012,0.1065
119,2023-01-25 02:35:00,0.016,0.0935
119,2023-01-25 02:40:00,0.017,0.0898
119,2023-01-25 02:45:00,0.015,0.0914
119,2023-01-25 02:50:00,0.015,0.0704
119,2023-01-25 02:55:00,0.013,0.0694
119,2023-01-25 03:00:00,0.012,0.0783
119,2023-01-25 03:05:00,0.011,0.0733
119,2023-01-25 03:10:00,0.011,0.0867
119,2023-01-25 03:15:00,0.012,0.0952
119,2023-01-25 03:20:00,0.016,0.0907
119,2023-01-25 03:25:00,0.017,0.0891
119,2023-01-25 03:30:00,0.018,0.0641
119,2023-01-25 03:35:00,0.013,0.056
119,2023-01-25 03:40:00,0.006,0.064
119,2023-01-25 03:45:00,0.004,0.064
119,2023-01-25 03:50:00,0.001,0.0527
119,2023-01-25 03:55:00,0.001,0.0624
119,2023-01-25 04:00:00,0.003,0.0688
119,2023-01-25 04:05:00,0.004,0.0793
119,2023-01-25 04:10:00,0.002,0.0878
119,2023-01-25 04:15:00,0.003,0.0782
119,2023-01-25 04:20:00,0.004,0.0747
119,2023-01-25 04:25:00,0.004,0.0892
119,2023-01-25 04:30:00,0.006,0.0736
119,2023-01-25 04:35:00,0.006,0.1301
119,2023-01-25 04:40:00,0.003,0.164
119,2023-01-25 04:45:00,0.0,0.129
119,2023-01-25 04:50:00,0.0,0.1345
119,2023-01-25 04:55:00,0.0,0.1359
119,2023-01-25 05:00:00,0.0,0.1174
119,2023-01-25 05:05:00,0.0,0.1183
119,2023-01-25 05:10:00,0.0,0.0983
119,2023-01-25 05:15:00,0.0,0.0953
119,2023-01-25 05:20:00,0.0,0.1345
119,2023-01-25 05:25:00,0.0,0.1336
119,2023-01-25 05:30:00,0.002,0.1241
119,2023-01-25 05:35:00,0.001,0.1291
119,2023-01-25 05:40:00,0.0,0.1071
119,2023-01-25 05:45:00,0.001,0.1425
119,2023-01-25 05:50:00,0.006,0.153
119,2023-01-25 05:55:00,0.011,0.1114
119,2023-01-25 06:00:00,0.006,0.1001
119,2023-01-25 06:05:00,0.004,0.0939
119,2023-01-25 06:10:00,0.008,0.0848
119,2023-01-25 06:15:00,0.011,0.0718
119,2023-01-25 06:20:00,0.006,0.1063
119,2023-01-25 06:25:00,0.003,0.1117
119,2023-01-25 06:30:00,0.002,0.1347
119,2023-01-25 06:35:00,0.003,0.1336
119,2023-01-25 06:40:00,0.001,0.1421
119,2023-01-25 06:45:00,0.002,0.1651
119,2023-01-25 06:50:00,0.0,0.142
119,2023-01-25 06:55:00,0.0,0.1295
119,2023-01-25 07:00:00,0.0,0.156
119,2023-01-25 07:05:00,0.0,0.1674
119,2023-01-25 07:10:00,0.0,0.1759
119,2023-01-25 07:15:00,0.0,0.1948
119,2023-01-25 07:20:00,0.002,0.2258
119,2023-01-25 07:25:00,0.004,0.2048
119,2023-01-25 07:30:00,0.002,0.2252
119,2023-01-25 07:35:00,0.0,0.2267
119,2023-01-25 07:40:00,0.0,0.2611
119,2023-01-25 07:45:00,0.0,0.2816
119,2023-01-25 07:50:00,0.0,0.2691
119,2023-01-25 07:55:00,0.0,0.268
119,2023-01-25 08:00:00,0.0,0.277
119,2023-01-25 08:05:00,0.0,0.3019
119,2023-01-25 08:10:00,0.0,0.3054
119,2023-01-25 08:15:00,0.0,0.2899
119,2023-01-25 08:20:00,0.0,0.3208
119,2023-01-25 08:25:00,0.0,0.3133
119,2023-01-25 08:30:00,0.0,0.3273
119,2023-01-25 08:35:00,0.0,0.3242
119,2023-01-25 08:40:00,0.0,0.2987
119,2023-01-25 08:45:00,0.001,0.3006
119,2023-01-25 08:50:00,0.008,0.3196
119,2023-01-25 08:55:00,0.013,0.3371
119,2023-01-25 09:00:00,0.011,0.332
119,2023-01-25 09:05:00,0.001,0.3315
119,2023-01-25 09:10:00,0.0,0.2929
119,2023-01-25 09:15:00,0.0,0.3344
119,2023-01-25 09:20:00,0.0,0.3643
119,2023-01-25 09:25:00,0.001,0.3573
119,2023-01-25 09:30:00,0.008,0.3813
119,2023-01-25 09:35:00,0.015,0.3982
119,2023-01-25 09:40:00,0.011,0.3991
119,2023-01-25 09:45:00,0.008,0.3651
119,2023-01-25 09:50:00,0.003,0.4031
119,2023-01-25 09:55:00,0.0,0.3721
119,2023-01-25 10:00:00,0.0,0.4355
119,2023-01-25 10:05:00,0.0,0.4355
119,2023-01-25 10:10:00,0.0,0.5069
119,2023-01-25 10:15:00,0.0,0.5069
119,2023-01-25 10:20:00,0.0,0.4284
119,2023-01-25 10:25:00,0.0,0.4229
119,2023-01-25 10:30:00,0.0,0.5028
119,2023-01-25 10:35:00,0.0,0.5093
119,2023-01-25 10:40:00,0.0,0.5187
119,2023-01-25 10:45:00,0.001,0.5272
119,2023-01-25 10:50:00,0.001,0.4937
119,2023-01-25 10:55:00,0.004,0.5551
119,2023-01-25 11:00:00,0.006,0.5446
119,2023-01-25 11:05:00,0.002,0.5436
119,2023-01-25 11:10:00,0.0,0.552
119,2023-01-25 11:15:00,0.0,0.517
119,2023-01-25 11:20:00,0.006,0.5559
119,2023-01-25 11:25:00,0.013,0.5819
119,2023-01-25 11:30:00,0.002,0.5434
119,2023-01-25 11:35:00,0.0,0.5608
119,2023-01-25 11:40:00,0.0,0.5778
119,2023-01-25 11:45:00,0.0,0.6127
119,2023-01-25 11:50:00,0.0,0.6437
119,2023-01-25 11:55:00,0.0,0.6507
119,2023-01-25 12:00:00,0.0,0.6021
119,2023-01-25 12:05:00,0.0,0.5956
119,2023-01-25 12:10:00,0.0,0.635
119,2023-01-25 12:15:00,0.0,0.617
119,2023-01-25 12:20:00,0.0,0.561
119,2023-01-25 12:25:00,0.0,0.6824
119,2023-01-25 12:30:00,0.0,0.6389
119,2023-01-25 12:35:00,0.0,0.6573
119,2023-01-25 12:40:00,0.0,0.6793
119,2023-01-25 12:45:00,0.0,0.6563
119,2023-01-25 12:50:00,0.0,0.6632
119,2023-01-25 12:55:00,0.0,0.6932
119,2023-01-25 13:00:00,0.0,0.6932
119,2023-01-25 13:05:00,0.0,0.6726
119,2023-01-25 13:10:00,0.0,0.6911
119,2023-01-25 13:15:00,0.0,0.718
119,2023-01-25 13:20:00,0.0,0.791
119,2023-01-25 13:25:00,0.0,0.7555
119,2023-01-25 13:30:00,0.0,0.7659
119,2023-01-25 13:35:00,0.0,0.7384
119,2023-01-25 13:40:00,0.0,0.7383
119,2023-01-25 13:45:00,0.0,0.7998
119,2023-01-25 13:50:00,0.0,0.7307
119,2023-01-25 13:55:00,0.0,0.7577
119,2023-01-25 14:00:00,0.0,0.7827
119,2023-01-25 14:05:00,0.0,0.8007
119,2023-01-25 14:10:00,0.0,0.8085
119,2023-01-25 14:15:00,0.0,0.7596
119,2023-01-25 14:20:00,0.0,0.8455
119,2023-01-25 14:25:00,0.0,0.855
119,2023-01-25 14:30:00,0.0,0.8629
119,2023-01-25 14:35:00,0.0,0.8579
120,2023-01-29 02:25:00,0.0,0.0148
120,2023-01-29 02:30:00,0.0,0.0044
120,2023-01-29 02:35:00,0.0,0.0254
120,2023-01-29 02:40:00,0.0376,0.015
120,2023-01-29 02:45:00,0.0,0.0141
120,2023-01-29 02:50:00,0.0,0.0216
120,2023-01-29 02:55:00,0.0,0.0222
120,2023-01-29 03:00:00,0.0,0.0553
120,2023-01-29 03:05:00,0.0,0.0588
120,2023-01-29 03:10:00,0.0,0.0484
120,2023-01-29 03:15:00,0.0,0.0459
120,2023-01-29 03:20:00,0.0,0.055
120,2023-01-29 03:25:00,0.0,0.0645
120,2023-01-29 03:30:00,0.0,0.0546
120,2023-01-29 03:35:00,0.0,0.0617
120,2023-01-29 03:40:00,0.0,0.0453
120,2023-01-29 03:45:00,0.0,0.0383
120,2023-01-29 03:50:00,0.0,0.0559
120,2023-01-29 03:55:00,0.0,0.0479
120,2023-01-29 04:00:00,0.0,0.048
120,2023-01-29 04:05:00,0.0,0.0391
120,2023-01-29 04:10:00,0.0,0.0281
120,2023-01-29 04:15:00,0.0,0.0247
120,2023-01-29 04:20:00,0.0,0.0463
120,2023-01-29 04:25:00,0.0,0.0453
120,2023-01-29 04:30:00,0.0,0.0215
120,2023-01-29 04:35:00,0.0,0.0294
120,2023-01-29 04:40:00,0.0,0.0342
120,2023-01-29 04:45:00,0.0,0.0441
120,2023-01-29 04:50:00,0.0,0.0441
120,2023-01-29 04:55:00,0.0,0.0327
120,2023-01-29 05:00:00,0.0,0.0554
120,2023-01-29 05:05:00,0.0,0.0243
120,2023-01-29 05:10:00,0.0,0.0194
120,2023-01-29 05:15:00,0.0,0.0184
120,2023-01-29 05:20:00,0.0,0.0325
120,2023-01-29 05:25:00,0.0,0.0311
120,2023-01-29 05:30:00,0.0,0.0251
120,2023-01-29 05:35:00,0.0,0.024
120,2023-01-29 05:40:00,0.0,0.0293
121,2023-01-30 14:50:00,0.0,0.0463
121,2023-01-30 14:55:00,0.0,0.0663
121,2023-01-30 15:00:00,0.0,0.0289
121,2023-01-30 15:05:00,0.0376,0.0499
121,2023-01-30 15:10:00,0.0,0.055
121,2023-01-30 15:15:00,0.0,0.0411
121,2023-01-30 15:20:00,0.0,0.0331
121,2023-01-30 15:25:00,0.0,0.0537
121,2023-01-30 15:30:00,0.0,0.0387
121,2023-01-30 15:35:00,0.0,0.0403
121,2023-01-30 15:40:00,0.0,0.0548
121,2023-01-30 15:45:00,0.0,0.0489
121,2023-01-30 15:50:00,0.0,0.0545
121,2023-01-30 15:55:00,0.0,0.0335
121,2023-01-30 16:00:00,0.0,0.0396
121,2023-01-30 16:05:00,0.0,0.0541
121,2023-01-30 16:10:00,0.0,0.0787
121,2023-01-30 16:15:00,0.0,0.0758
121,2023-01-30 16:20:00,0.0,0.0538
121,2023-01-30 16:25:00,0.0,0.0454
121,2023-01-30 16:30:00,0.0,0.0369
121,2023-01-30 16:35:00,0.0,0.04
121,2023-01-30 16:40:00,0.0,0.0781
121,2023-01-30 16:45:00,0.0,0.1066
121,2023-01-30 16:50:00,0.0,0.0562
121,2023-01-30 16:55:00,0.0,0.0507
121,2023-01-30 17:00:00,0.0,0.0418
121,2023-01-30 17:05:00,0.0,0.0324
121,2023-01-30 17:10:00,0.0,0.0409
121,2023-01-30 17:15:00,0.0,0.033
121,2023-01-30 17:20:00,0.0,0.02
121,2023-01-30 17:25:00,0.0,0.0391
121,2023-01-30 17:30:00,0.0,0.0456
121,2023-01-30 17:35:00,0.0,0.0177
121,2023-01-30 17:40:00,0.0,0.0123
121,2023-01-30 17:45:00,0.0,0.0308
121,2023-01-30 17:50:00,0.0,0.0334
121,2023-01-30 17:55:00,0.0,0.0374
121,2023-01-30 18:00:00,0.0,0.0394
121,2023-01-30 18:05:00,0.0,0.0249
122,2023-01-31 13:15:00,0.0,0.0569
122,2023-01-31 13:20:00,0.0,0.0719
122,2023-01-31 13:25:00,0.0,0.0627
122,2023-01-31 13:30:00,0.0376,0.0454
122,2023-01-31 13:35:00,0.0,0.0519
122,2023-01-31 13:40:00,0.0,0.0319
122,2023-01-31 13:45:00,0.0,0.0614
122,2023-01-31 13:50:00,0.0,0.0349
122,2023-01-31 13:55:00,0.0,0.0404
122,2023-01-31 14:00:00,0.0,0.0709
122,2023-01-31 14:05:00,0.0,0.0379
122,2023-01-31 14:10:00,0.0,0.0688
122,2023-01-31 14:15:00,0.0,0.0609
122,2023-01-31 14:20:00,0.0,0.0444
122,2023-01-31 14:25:00,0.0,0.0543
122,2023-01-31 14:30:00,0.0,0.0479
122,2023-01-31 14:35:00,0.0,0.0566
122,2023-01-31 14:40:00,0.0,0.0533
122,2023-01-31 14:45:00,0.0,0.0664
122,2023-01-31 14:50:00,0.0,0.0584
122,2023-01-31 14:55:00,0.0,0.0764
122,2023-01-31 15:00:00,0.0,0.0629
122,2023-01-31 15:05:00,0.0,0.0559
122,2023-01-31 15:10:00,0.0,0.0559
122,2023-01-31 15:15:00,0.0,0.056
122,2023-01-31 15:20:00,0.0,0.0829
122,2023-01-31 15:25:00,0.0,0.0749
122,2023-01-31 15:30:00,0.0,0.0634
122,2023-01-31 15:35:00,0.0,0.1029
122,2023-01-31 15:40:00,0.0,0.0874
122,2023-01-31 15:45:00,0.0,0.0949
122,2023-01-31 15:50:00,0.0,0.0829
122,2023-01-31 15:55:00,0.0,0.0494
122,2023-01-31 16:00:00,0.0,0.0679
122,2023-01-31 16:05:00,0.0,0.0774
122,2023-01-31 16:10:00,0.0,0.0699
122,2023-01-31 16:15:00,0.0,0.0609
122,2023-01-31 16:20:00,0.0,0.0604
122,2023-01-31 16:25:00,0.0,0.0669
122,2023-01-31 16:30:00,0.0,0.0539
